2025-09-29 14:14:24,378 [INFO] Activator:177 - 


2025-09-29 14:14:24,378 [INFO] Activator:178 - !SESSION log4j initialized
2025-09-29 14:28:11,693 [INFO] Activator:177 - 


2025-09-29 14:28:11,695 [INFO] Activator:178 - !SESSION log4j initialized
2025-09-29 14:30:56,884 [INFO] McuFinderGlobals:39 - Set McuFinder mode to 2 (CubeIDE integrated)
2025-09-29 14:30:57,467 [INFO] ApplicationProperties:181 - Using Application install path: C:\ST\STM32CubeIDE_1.7.0\STM32CubeIDE\plugins\com.st.stm32cube.common.mx_6.3.0.202107141111
2025-09-29 14:30:57,486 [INFO] DbMcusXml:74 - Set database path to: C:\ST\STM32CubeIDE_1.7.0\STM32CubeIDE\plugins\com.st.stm32cube.common.mx_6.3.0.202107141111\\db\/mcu/
2025-09-29 14:30:57,492 [INFO] DbBoardsPdsc:56 - Set plugin database path to: C:\ST\STM32CubeIDE_1.7.0\STM32CubeIDE\plugins\com.st.stm32cube.common.mx_6.3.0.202107141111\\db\/plugins/boardmanager/
2025-09-29 14:30:57,492 [INFO] DbMcus:258 - Set plugin images path to: C:\ST\STM32CubeIDE_1.7.0\STM32CubeIDE\plugins\com.st.stm32cube.common.mx_6.3.0.202107141111\\db\/plugins/mcufinder/images/
2025-09-29 14:30:57,492 [INFO] DbBoards:264 - Set plugin images path to: C:\ST\STM32CubeIDE_1.7.0\STM32CubeIDE\plugins\com.st.stm32cube.common.mx_6.3.0.202107141111\\db\/plugins/mcufinder/images/
2025-09-29 14:30:57,497 [INFO] DbExamples:333 - Set plugin images path to: C:\ST\STM32CubeIDE_1.7.0\STM32CubeIDE\plugins\com.st.stm32cube.common.mx_6.3.0.202107141111\\db\/plugins/mcufinder/images/
2025-09-29 14:30:57,499 [INFO] DbMcusAds:119 - Set database path to: C:\Users\ANH DUY\.stmcufinder\plugins\mcufinder//mcu/
2025-09-29 14:30:57,510 [INFO] DbMcusDocs:110 - Set database path to: C:\Users\ANH DUY\.stmcufinder\plugins\mcufinder//mcu/
2025-09-29 14:30:57,510 [INFO] DbMcusJson:64 - Set database path to: C:\Users\ANH DUY\.stmcufinder\plugins\mcufinder//mcu/
2025-09-29 14:30:57,510 [INFO] DbBoardsDocs:110 - Set database path to: C:\Users\ANH DUY\.stmcufinder\plugins\mcufinder//mcu/
2025-09-29 14:30:57,510 [INFO] DbBoardsJson:57 - Set database path to: C:\Users\ANH DUY\.stmcufinder\plugins\mcufinder//mcu/
2025-09-29 14:30:57,526 [INFO] CrossReferenceDbSqlite:196 - Set database path to: C:\Users\ANH DUY\.stmcufinder\plugins\mcufinder//mcu/cs/
2025-09-29 14:30:57,538 [INFO] DbExamplesSqlite:767 - Set database path to: C:\Users\ANH DUY\.stmcufinder\plugins\mcufinder//mcu/
2025-09-29 14:30:57,697 [INFO] RulesReader:57 - Compatibility file has been processed (242 Rules)
2025-09-29 14:30:58,118 [INFO] DbMcusXml:74 - Set database path to: C:\ST\STM32CubeIDE_1.7.0\STM32CubeIDE\plugins\com.st.stm32cube.common.mx_6.3.0.202107141111\\db\/mcu/
2025-09-29 14:30:58,118 [INFO] DbBoardsPdsc:56 - Set plugin database path to: C:\ST\STM32CubeIDE_1.7.0\STM32CubeIDE\plugins\com.st.stm32cube.common.mx_6.3.0.202107141111\\db\/plugins/boardmanager/
2025-09-29 14:30:58,118 [INFO] DbMcus:258 - Set plugin images path to: C:\ST\STM32CubeIDE_1.7.0\STM32CubeIDE\plugins\com.st.stm32cube.common.mx_6.3.0.202107141111\\db\/plugins/mcufinder/images/
2025-09-29 14:30:58,118 [INFO] DbBoards:264 - Set plugin images path to: C:\ST\STM32CubeIDE_1.7.0\STM32CubeIDE\plugins\com.st.stm32cube.common.mx_6.3.0.202107141111\\db\/plugins/mcufinder/images/
2025-09-29 14:30:58,118 [INFO] DbExamples:333 - Set plugin images path to: C:\ST\STM32CubeIDE_1.7.0\STM32CubeIDE\plugins\com.st.stm32cube.common.mx_6.3.0.202107141111\\db\/plugins/mcufinder/images/
2025-09-29 14:30:58,118 [WARN] DbFile:35 - Overriding database path with different value: C:\Users\ANH DUY\.stmcufinder\plugins\mcufinder/ => C:\Users\ANH DUY\.stmcufinder\plugins\mcufinder
2025-09-29 14:30:58,118 [INFO] DbMcusAds:119 - Set database path to: C:\Users\ANH DUY\.stmcufinder\plugins\mcufinder//mcu/
2025-09-29 14:30:58,118 [WARN] DbFile:35 - Overriding database path with different value: C:\Users\ANH DUY\.stmcufinder\plugins\mcufinder/ => C:\Users\ANH DUY\.stmcufinder\plugins\mcufinder
2025-09-29 14:30:58,118 [INFO] DbMcusDocs:110 - Set database path to: C:\Users\ANH DUY\.stmcufinder\plugins\mcufinder//mcu/
2025-09-29 14:30:58,118 [WARN] DbFile:35 - Overriding database path with different value: C:\Users\ANH DUY\.stmcufinder\plugins\mcufinder/ => C:\Users\ANH DUY\.stmcufinder\plugins\mcufinder
2025-09-29 14:30:58,118 [INFO] DbMcusJson:64 - Set database path to: C:\Users\ANH DUY\.stmcufinder\plugins\mcufinder//mcu/
2025-09-29 14:30:58,118 [WARN] DbFile:35 - Overriding database path with different value: C:\Users\ANH DUY\.stmcufinder\plugins\mcufinder/ => C:\Users\ANH DUY\.stmcufinder\plugins\mcufinder
2025-09-29 14:30:58,118 [INFO] DbBoardsDocs:110 - Set database path to: C:\Users\ANH DUY\.stmcufinder\plugins\mcufinder//mcu/
2025-09-29 14:30:58,118 [WARN] DbFile:35 - Overriding database path with different value: C:\Users\ANH DUY\.stmcufinder\plugins\mcufinder/ => C:\Users\ANH DUY\.stmcufinder\plugins\mcufinder
2025-09-29 14:30:58,118 [INFO] DbBoardsJson:57 - Set database path to: C:\Users\ANH DUY\.stmcufinder\plugins\mcufinder//mcu/
2025-09-29 14:30:58,118 [WARN] DbFile:35 - Overriding database path with different value: C:\Users\ANH DUY\.stmcufinder\plugins\mcufinder/ => C:\Users\ANH DUY\.stmcufinder\plugins\mcufinder
2025-09-29 14:30:58,118 [WARN] DbFile:35 - Overriding database path with different value: C:\Users\ANH DUY\.stmcufinder\plugins\mcufinder/ => C:\Users\ANH DUY\.stmcufinder\plugins\mcufinder
2025-09-29 14:30:58,118 [INFO] CrossReferenceDbSqlite:196 - Set database path to: C:\Users\ANH DUY\.stmcufinder\plugins\mcufinder//mcu/cs/
2025-09-29 14:30:58,118 [WARN] DbFile:35 - Overriding database path with different value: C:\Users\ANH DUY\.stmcufinder\plugins\mcufinder/ => C:\Users\ANH DUY\.stmcufinder\plugins\mcufinder
2025-09-29 14:30:58,118 [INFO] DbExamplesSqlite:767 - Set database path to: C:\Users\ANH DUY\.stmcufinder\plugins\mcufinder//mcu/
2025-09-29 14:30:58,242 [INFO] MainPanel:214 - HeapMemory: 687865856
2025-09-29 14:30:58,421 [INFO] DbMcusXml:74 - Set database path to: C:\ST\STM32CubeIDE_1.7.0\STM32CubeIDE\plugins\com.st.stm32cube.common.mx_6.3.0.202107141111\\db\/mcu/
2025-09-29 14:30:58,423 [INFO] DbBoardsPdsc:56 - Set plugin database path to: C:\ST\STM32CubeIDE_1.7.0\STM32CubeIDE\plugins\com.st.stm32cube.common.mx_6.3.0.202107141111\\db\/plugins/boardmanager/
2025-09-29 14:30:58,423 [INFO] DbMcus:258 - Set plugin images path to: C:\ST\STM32CubeIDE_1.7.0\STM32CubeIDE\plugins\com.st.stm32cube.common.mx_6.3.0.202107141111\\db\/plugins/mcufinder/images/
2025-09-29 14:30:58,423 [INFO] DbBoards:264 - Set plugin images path to: C:\ST\STM32CubeIDE_1.7.0\STM32CubeIDE\plugins\com.st.stm32cube.common.mx_6.3.0.202107141111\\db\/plugins/mcufinder/images/
2025-09-29 14:30:58,423 [INFO] DbExamples:333 - Set plugin images path to: C:\ST\STM32CubeIDE_1.7.0\STM32CubeIDE\plugins\com.st.stm32cube.common.mx_6.3.0.202107141111\\db\/plugins/mcufinder/images/
2025-09-29 14:30:58,423 [WARN] DbFile:35 - Overriding database path with different value: C:\Users\ANH DUY\.stmcufinder\plugins\mcufinder/ => C:\Users\ANH DUY\.stmcufinder\plugins\mcufinder
2025-09-29 14:30:58,423 [INFO] DbMcusAds:119 - Set database path to: C:\Users\ANH DUY\.stmcufinder\plugins\mcufinder//mcu/
2025-09-29 14:30:58,423 [WARN] DbFile:35 - Overriding database path with different value: C:\Users\ANH DUY\.stmcufinder\plugins\mcufinder/ => C:\Users\ANH DUY\.stmcufinder\plugins\mcufinder
2025-09-29 14:30:58,423 [INFO] DbMcusDocs:110 - Set database path to: C:\Users\ANH DUY\.stmcufinder\plugins\mcufinder//mcu/
2025-09-29 14:30:58,423 [WARN] DbFile:35 - Overriding database path with different value: C:\Users\ANH DUY\.stmcufinder\plugins\mcufinder/ => C:\Users\ANH DUY\.stmcufinder\plugins\mcufinder
2025-09-29 14:30:58,425 [INFO] DbMcusJson:64 - Set database path to: C:\Users\ANH DUY\.stmcufinder\plugins\mcufinder//mcu/
2025-09-29 14:30:58,425 [WARN] DbFile:35 - Overriding database path with different value: C:\Users\ANH DUY\.stmcufinder\plugins\mcufinder/ => C:\Users\ANH DUY\.stmcufinder\plugins\mcufinder
2025-09-29 14:30:58,425 [INFO] DbBoardsDocs:110 - Set database path to: C:\Users\ANH DUY\.stmcufinder\plugins\mcufinder//mcu/
2025-09-29 14:30:58,425 [WARN] DbFile:35 - Overriding database path with different value: C:\Users\ANH DUY\.stmcufinder\plugins\mcufinder/ => C:\Users\ANH DUY\.stmcufinder\plugins\mcufinder
2025-09-29 14:30:58,425 [INFO] DbBoardsJson:57 - Set database path to: C:\Users\ANH DUY\.stmcufinder\plugins\mcufinder//mcu/
2025-09-29 14:30:58,425 [WARN] DbFile:35 - Overriding database path with different value: C:\Users\ANH DUY\.stmcufinder\plugins\mcufinder/ => C:\Users\ANH DUY\.stmcufinder\plugins\mcufinder
2025-09-29 14:30:58,425 [WARN] DbFile:35 - Overriding database path with different value: C:\Users\ANH DUY\.stmcufinder\plugins\mcufinder/ => C:\Users\ANH DUY\.stmcufinder\plugins\mcufinder
2025-09-29 14:30:58,425 [INFO] CrossReferenceDbSqlite:196 - Set database path to: C:\Users\ANH DUY\.stmcufinder\plugins\mcufinder//mcu/cs/
2025-09-29 14:30:58,425 [WARN] DbFile:35 - Overriding database path with different value: C:\Users\ANH DUY\.stmcufinder\plugins\mcufinder/ => C:\Users\ANH DUY\.stmcufinder\plugins\mcufinder
2025-09-29 14:30:58,425 [INFO] DbExamplesSqlite:767 - Set database path to: C:\Users\ANH DUY\.stmcufinder\plugins\mcufinder//mcu/
2025-09-29 14:30:58,448 [INFO] ApplicationProperties:181 - Using Application install path: C:\ST\STM32CubeIDE_1.7.0\STM32CubeIDE\plugins\com.st.stm32cube.common.mx_6.3.0.202107141111
2025-09-29 14:30:58,448 [INFO] PluginManage:188 - Search for loadable plugins [exclusion list=, ]
2025-09-29 14:30:58,448 [INFO] PluginManage:302 - Check plugin analytics
2025-09-29 14:30:58,677 [INFO] AnalyticsPlugin:257 - Accepted Software Licenses: 
2025-09-29 14:30:58,680 [INFO] AnalyticsPlugin:259 - Accepted CMSIS Pack Licenses: 
2025-09-29 14:30:58,680 [INFO] AnalyticsPlugin:261 - Accepted Firmware Licenses: 
2025-09-29 14:30:58,681 [INFO] PluginManage:352 - Loaded plugin analytics (category:tool,tabindex:-1)
2025-09-29 14:30:58,681 [INFO] PluginManage:302 - Check plugin clock
2025-09-29 14:30:58,717 [INFO] PluginManage:352 - Loaded plugin clock (category:base,tabindex:2)
2025-09-29 14:30:58,717 [INFO] PluginManage:302 - Check plugin ddr
2025-09-29 14:30:58,727 [INFO] PluginManage:352 - Loaded plugin ddr (category:tool,tabindex:6)
2025-09-29 14:30:58,727 [INFO] PluginManage:302 - Check plugin filemanager
2025-09-29 14:30:58,909 [INFO] PluginManage:352 - Loaded plugin filemanager (category:base,tabindex:10)
2025-09-29 14:30:58,909 [INFO] PluginManage:302 - Check plugin ipmanager
2025-09-29 14:30:58,933 [INFO] PluginManage:352 - Loaded plugin ipmanager (category:base,tabindex:5)
2025-09-29 14:30:58,933 [INFO] PluginManage:302 - Check plugin pinoutandconfiguration
2025-09-29 14:30:58,970 [INFO] PluginManage:352 - Loaded plugin pinoutandconfiguration (category:base,tabindex:1)
2025-09-29 14:30:58,970 [INFO] PluginManage:302 - Check plugin pinoutconfig
2025-09-29 14:30:59,087 [INFO] PluginManage:352 - Loaded plugin pinoutconfig (category:base,tabindex:0)
2025-09-29 14:30:59,087 [INFO] PluginManage:302 - Check plugin power
2025-09-29 14:30:59,144 [INFO] PluginManage:352 - Loaded plugin power (category:power,tabindex:4)
2025-09-29 14:30:59,144 [INFO] PluginManage:302 - Check plugin projectmanager
2025-09-29 14:30:59,176 [INFO] PluginManage:352 - Loaded plugin projectmanager (category:projectmanager,tabindex:3)
2025-09-29 14:30:59,176 [INFO] PluginManage:302 - Check plugin thirdparty
2025-09-29 14:30:59,678 [WARN] IntegrityCheckThread:78 - waiting for thirdparty lock release [integrity check]
2025-09-29 14:30:59,678 [INFO] PluginManage:352 - Loaded plugin thirdparty (category:base,tabindex:-1)
2025-09-29 14:30:59,678 [INFO] PluginManage:302 - Check plugin tools
2025-09-29 14:30:59,678 [INFO] IntegrityCheckThread:80 - entering critical section [integrity check]
2025-09-29 14:30:59,678 [INFO] ThirdPartyUpdaterWithRetryManager:66 - Updater plugin not ready yet. [1/15]
2025-09-29 14:30:59,799 [INFO] PluginManage:352 - Loaded plugin tools (category:base,tabindex:7)
2025-09-29 14:30:59,799 [INFO] PluginManage:302 - Check plugin tutovideos
2025-09-29 14:31:00,158 [INFO] PluginManage:352 - Loaded plugin tutovideos (category:base,tabindex:-1)
2025-09-29 14:31:00,158 [INFO] PluginManage:302 - Check plugin updater
2025-09-29 14:31:00,185 [INFO] PluginManage:352 - Loaded plugin updater (category:base,tabindex:12)
2025-09-29 14:31:00,185 [INFO] PluginManage:275 - PluginManage : Loaded plugins [13]
2025-09-29 14:31:00,496 [INFO] PinOutPanel:1463 - setPackage(No Configuration,No Configuration)
2025-09-29 14:31:00,660 [INFO] IPUIPlugin:74 - create IPUIPlugin
2025-09-29 14:31:00,663 [INFO] PluginManager:213 - loadIPPluginJar : add adc
2025-09-29 14:31:00,752 [INFO] IPUIPlugin:74 - create IPUIPlugin
2025-09-29 14:31:00,752 [INFO] PluginManager:213 - loadIPPluginJar : add aes
2025-09-29 14:31:00,843 [INFO] IPUIPlugin:74 - create IPUIPlugin
2025-09-29 14:31:00,843 [INFO] PluginManager:213 - loadIPPluginJar : add can
2025-09-29 14:31:00,910 [INFO] IPUIPlugin:74 - create IPUIPlugin
2025-09-29 14:31:00,910 [INFO] PluginManager:213 - loadIPPluginJar : add comp
2025-09-29 14:31:00,983 [INFO] IPUIPlugin:74 - create IPUIPlugin
2025-09-29 14:31:00,983 [INFO] PluginManager:213 - loadIPPluginJar : add cryp
2025-09-29 14:31:01,069 [INFO] IPUIPlugin:74 - create IPUIPlugin
2025-09-29 14:31:01,069 [INFO] PluginManager:213 - loadIPPluginJar : add dfsdm
2025-09-29 14:31:01,095 [INFO] IPUIPlugin:74 - create IPUIPlugin
2025-09-29 14:31:01,095 [INFO] PluginManager:213 - loadIPPluginJar : add dma
2025-09-29 14:31:01,207 [INFO] IPUIPlugin:74 - create IPUIPlugin
2025-09-29 14:31:01,207 [INFO] PluginManager:213 - loadIPPluginJar : add dma3
2025-09-29 14:31:01,276 [INFO] IPUIPlugin:74 - create IPUIPlugin
2025-09-29 14:31:01,276 [INFO] PluginManager:213 - loadIPPluginJar : add fatfs
2025-09-29 14:31:01,379 [INFO] IPUIPlugin:74 - create IPUIPlugin
2025-09-29 14:31:01,379 [INFO] PluginManager:213 - loadIPPluginJar : add fmc
2025-09-29 14:31:01,416 [INFO] IPUIPlugin:74 - create IPUIPlugin
2025-09-29 14:31:01,416 [INFO] PluginManager:213 - loadIPPluginJar : add freertos
2025-09-29 14:31:01,474 [INFO] IPUIPlugin:74 - create IPUIPlugin
2025-09-29 14:31:01,474 [INFO] PluginManager:213 - loadIPPluginJar : add genericplugin
2025-09-29 14:31:01,695 [INFO] IPUIPlugin:74 - create IPUIPlugin
2025-09-29 14:31:01,695 [INFO] PluginManager:213 - loadIPPluginJar : add gfxmmu
2025-09-29 14:31:01,949 [INFO] IPUIPlugin:74 - create IPUIPlugin
2025-09-29 14:31:01,949 [INFO] PluginManager:213 - loadIPPluginJar : add gic
2025-09-29 14:31:01,986 [INFO] IPUIPlugin:74 - create IPUIPlugin
2025-09-29 14:31:01,986 [INFO] PluginManager:213 - loadIPPluginJar : add gpio
2025-09-29 14:31:02,148 [INFO] IPUIPlugin:74 - create IPUIPlugin
2025-09-29 14:31:02,148 [INFO] PluginManager:213 - loadIPPluginJar : add gtzc
2025-09-29 14:31:02,220 [INFO] IPUIPlugin:74 - create IPUIPlugin
2025-09-29 14:31:02,220 [INFO] PluginManager:213 - loadIPPluginJar : add hash
2025-09-29 14:31:02,342 [INFO] IPUIPlugin:74 - create IPUIPlugin
2025-09-29 14:31:02,342 [INFO] PluginManager:213 - loadIPPluginJar : add i2c
2025-09-29 14:31:02,442 [INFO] IPUIPlugin:74 - create IPUIPlugin
2025-09-29 14:31:02,442 [INFO] PluginManager:213 - loadIPPluginJar : add i2s
2025-09-29 14:31:02,459 [INFO] IPUIPlugin:74 - create IPUIPlugin
2025-09-29 14:31:02,459 [INFO] PluginManager:213 - loadIPPluginJar : add ipddr
2025-09-29 14:31:02,648 [INFO] IPUIPlugin:74 - create IPUIPlugin
2025-09-29 14:31:02,648 [INFO] PluginManager:213 - loadIPPluginJar : add linkedlist
2025-09-29 14:31:02,681 [INFO] ThirdPartyUpdaterWithRetryManager:66 - Updater plugin not ready yet. [2/15]
2025-09-29 14:31:02,735 [INFO] IPUIPlugin:74 - create IPUIPlugin
2025-09-29 14:31:02,735 [INFO] PluginManager:213 - loadIPPluginJar : add lorawan
2025-09-29 14:31:02,830 [INFO] IPUIPlugin:74 - create IPUIPlugin
2025-09-29 14:31:02,830 [INFO] PluginManager:213 - loadIPPluginJar : add ltdc
2025-09-29 14:31:02,859 [INFO] IPUIPlugin:74 - create IPUIPlugin
2025-09-29 14:31:02,859 [INFO] PluginManager:213 - loadIPPluginJar : add mdma
2025-09-29 14:31:02,881 [INFO] IPUIPlugin:74 - create IPUIPlugin
2025-09-29 14:31:02,881 [INFO] PluginManager:213 - loadIPPluginJar : add nvic
2025-09-29 14:31:02,966 [INFO] IPUIPlugin:74 - create IPUIPlugin
2025-09-29 14:31:02,966 [INFO] PluginManager:213 - loadIPPluginJar : add opamp
2025-09-29 14:31:03,113 [INFO] IPUIPlugin:74 - create IPUIPlugin
2025-09-29 14:31:03,113 [INFO] PluginManager:213 - loadIPPluginJar : add openamp
2025-09-29 14:31:03,211 [INFO] IPUIPlugin:74 - create IPUIPlugin
2025-09-29 14:31:03,211 [INFO] PluginManager:213 - loadIPPluginJar : add pdm2pcm
2025-09-29 14:31:03,238 [INFO] IPUIPlugin:74 - create IPUIPlugin
2025-09-29 14:31:03,238 [INFO] PluginManager:213 - loadIPPluginJar : add plateformsettings
2025-09-29 14:31:03,309 [INFO] IPUIPlugin:74 - create IPUIPlugin
2025-09-29 14:31:03,309 [INFO] PluginManager:213 - loadIPPluginJar : add quadspi
2025-09-29 14:31:03,334 [INFO] IPUIPlugin:74 - create IPUIPlugin
2025-09-29 14:31:03,334 [INFO] PluginManager:213 - loadIPPluginJar : add resmgrutility
2025-09-29 14:31:03,450 [INFO] IPUIPlugin:74 - create IPUIPlugin
2025-09-29 14:31:03,450 [INFO] PluginManager:213 - loadIPPluginJar : add sai
2025-09-29 14:31:03,539 [INFO] IPUIPlugin:74 - create IPUIPlugin
2025-09-29 14:31:03,539 [INFO] PluginManager:213 - loadIPPluginJar : add spi
2025-09-29 14:31:03,665 [INFO] IPUIPlugin:74 - create IPUIPlugin
2025-09-29 14:31:03,665 [INFO] PluginManager:213 - loadIPPluginJar : add stm32_wpan
2025-09-29 14:31:03,739 [INFO] IPUIPlugin:74 - create IPUIPlugin
2025-09-29 14:31:03,739 [INFO] PluginManager:213 - loadIPPluginJar : add tim
2025-09-29 14:31:03,857 [INFO] IPUIPlugin:74 - create IPUIPlugin
2025-09-29 14:31:03,857 [INFO] PluginManager:213 - loadIPPluginJar : add touchsensing
2025-09-29 14:31:03,925 [INFO] IPUIPlugin:74 - create IPUIPlugin
2025-09-29 14:31:03,925 [INFO] PluginManager:213 - loadIPPluginJar : add tracer_emb
2025-09-29 14:31:03,994 [INFO] IPUIPlugin:74 - create IPUIPlugin
2025-09-29 14:31:03,996 [INFO] PluginManager:213 - loadIPPluginJar : add ts
2025-09-29 14:31:04,058 [INFO] IPUIPlugin:74 - create IPUIPlugin
2025-09-29 14:31:04,058 [INFO] PluginManager:213 - loadIPPluginJar : add tsc
2025-09-29 14:31:04,128 [INFO] IPUIPlugin:74 - create IPUIPlugin
2025-09-29 14:31:04,128 [INFO] PluginManager:213 - loadIPPluginJar : add ucpd
2025-09-29 14:31:04,232 [INFO] IPUIPlugin:74 - create IPUIPlugin
2025-09-29 14:31:04,232 [INFO] PluginManager:213 - loadIPPluginJar : add usart
2025-09-29 14:31:04,317 [INFO] IPUIPlugin:74 - create IPUIPlugin
2025-09-29 14:31:04,317 [INFO] PluginManager:213 - loadIPPluginJar : add usbx
2025-09-29 14:31:04,852 [FATAL] Updater:294 - Updater called before beeing initialized
2025-09-29 14:31:04,983 [FATAL] Updater:294 - Updater called before beeing initialized
2025-09-29 14:31:04,999 [INFO] DbMcusAds:47 - JSON generation date=Tue Jul 08 15:14:23 ICT 2025 (1751962463524)
2025-09-29 14:31:04,999 [FATAL] Updater:294 - Updater called before beeing initialized
2025-09-29 14:31:05,125 [WARN] DetailPanel:314 - Failed to get advertising image, set to default
2025-09-29 14:31:05,275 [FATAL] Updater:294 - Updater called before beeing initialized
2025-09-29 14:31:05,282 [FATAL] Updater:294 - Updater called before beeing initialized
2025-09-29 14:31:05,282 [FATAL] Updater:294 - Updater called before beeing initialized
2025-09-29 14:31:05,282 [WARN] DetailPanel:314 - Failed to get advertising image, set to default
2025-09-29 14:31:05,284 [FATAL] Updater:294 - Updater called before beeing initialized
2025-09-29 14:31:05,390 [ERROR] Updater:1075 - MainUpdater not yet initialized. External WinMGr cannot be set.
2025-09-29 14:31:05,410 [INFO] Updater:1012 - Updater Version found : 6.3.0
2025-09-29 14:31:05,442 [INFO] ApplicationProperties:181 - Using Application install path: C:\ST\STM32CubeIDE_1.7.0\STM32CubeIDE\plugins\com.st.stm32cube.common.mx_6.3.0.202107141111
2025-09-29 14:31:05,681 [INFO] ThirdPartyUpdaterWithRetryManager:66 - Updater plugin not ready yet. [3/15]
2025-09-29 14:31:05,998 [INFO] MainUpdater:2671 - connection check result : 10
2025-09-29 14:31:05,998 [INFO] MainUpdater:265 - Updater Check For Update Now.
2025-09-29 14:31:06,002 [INFO] MicroXplorer:478 - Change Database Version : DB.6.0.30
2025-09-29 14:31:06,241 [INFO] CheckServerUpdateThread:112 - End of CheckServer Thread
2025-09-29 14:31:06,284 [INFO] MainUpdater:2671 - connection check result : 10
2025-09-29 14:31:07,094 [INFO] McuFinderGlobals:52 - Set McuFinderConnectedMode to false
2025-09-29 14:31:07,236 [INFO] CrossSelectorPresenter:1330 - Cross Selector saved comparison directory: C:\Users\ANH DUY\.stmcufinder\plugins\mcufinder\mcu\cs_comparisons_mx
2025-09-29 14:31:07,236 [INFO] MultiScanPanel:197 - Auto-refresh data requested => check proxy status ongoing
2025-09-29 14:31:07,236 [INFO] MultiScanPanel:201 - Proxy status is invalid
2025-09-29 14:31:07,236 [INFO] FinderPluginLoader:87 - Searching for filters in installed packs
2025-09-29 14:31:07,252 [INFO] DbMcusXml:100 - Load MCU database from C:\ST\STM32CubeIDE_1.7.0\STM32CubeIDE\plugins\com.st.stm32cube.common.mx_6.3.0.202107141111\\db\/mcu/families.xml
2025-09-29 14:31:08,299 [INFO] DbMcusJson:93 - JSON generation date=Tue Nov 16 23:17:54 ICT 2021 (1637079474)
2025-09-29 14:31:09,092 [INFO] DbMcus:175 - Found 1951 MCUs (1903 are supported by CubeMX, 1914 are visible in CubeMX)
2025-09-29 14:31:09,092 [INFO] ApiDb:251 - Load user favorites file C:\Users\ANH DUY/.stm32cubeide/favorites.mcus.txt: 0 item(s)
2025-09-29 14:31:09,092 [INFO] ApiDb:255 - User favorites MCUs=[]
2025-09-29 14:31:09,092 [INFO] DbMcus:187 - Set 0 / 0 favorites MCUs
2025-09-29 14:31:09,107 [ERROR] Engine:463 - C:\Users\ANH DUY\.stm32cubemx\thirdparties\pdsc\STMicroelectronics.FP-SNS-MOTENVWB1.1.4.0.pdsc: PDSC version is not supported
2025-09-29 14:31:09,164 [WARN] PackLoader:238 - Cannot read IP mode file for STMicroelectronics.FP-ATR-ASTRA1.2.0.2
2025-09-29 14:31:09,186 [ERROR] Engine:463 - C:\Users\ANH DUY\.stm32cubemx\thirdparties\pdsc\STMicroelectronics.X-CUBE-SMBUS.2.1.0.pdsc: PDSC version is not supported
2025-09-29 14:31:09,200 [ERROR] Engine:463 - C:\Users\ANH DUY\.stm32cubemx\thirdparties\pdsc\STMicroelectronics.X-CUBE-ST60.1.0.0.pdsc: PDSC version is not supported
2025-09-29 14:31:09,259 [WARN] PackLoader:238 - Cannot read IP mode file for STMicroelectronics.X-CUBE-AZRTOS-F7.1.1.0
2025-09-29 14:31:09,283 [ERROR] Engine:463 - C:\Users\ANH DUY\.stm32cubemx\thirdparties\pdsc\WES.I-CUBE-Cesium.1.4.0.pdsc: PDSC version is not supported
2025-09-29 14:31:09,330 [ERROR] Engine:463 - C:\Users\ANH DUY\.stm32cubemx\thirdparties\pdsc\Infineon.AIROC-Wi-Fi-Bluetooth-STM32.1.7.1.pdsc: PDSC version is not supported
2025-09-29 14:31:09,411 [WARN] PackLoader:238 - Cannot read IP mode file for STMicroelectronics.X-CUBE-AZRTOS-H7.3.4.0
2025-09-29 14:31:09,443 [ERROR] Engine:463 - C:\Users\ANH DUY\.stm32cubemx\thirdparties\pdsc\STMicroelectronics.X-CUBE-DISPLAY.3.0.0.pdsc: PDSC version is not supported
2025-09-29 14:31:09,465 [WARN] PackLoader:238 - Cannot read IP mode file for STMicroelectronics.X-CUBE-NFC10.1.0.0
2025-09-29 14:31:09,495 [ERROR] Engine:463 - C:\Users\ANH DUY\.stm32cubemx\thirdparties\pdsc\emotas.I-CUBE-CANOPEN.1.3.0.pdsc: PDSC version is not supported
2025-09-29 14:31:09,519 [ERROR] Engine:463 - C:\Users\ANH DUY\.stm32cubemx\thirdparties\pdsc\STMicroelectronics.FP-SNS-STBOX1.2.1.0.pdsc: PDSC version is not supported
2025-09-29 14:31:09,544 [ERROR] Engine:463 - C:\Users\ANH DUY\.stm32cubemx\thirdparties\pdsc\STMicroelectronics.FP-SNS-SMARTAG2.1.2.0.pdsc: PDSC version is not supported
2025-09-29 14:31:09,572 [ERROR] Engine:463 - C:\Users\ANH DUY\.stm32cubemx\thirdparties\pdsc\STMicroelectronics.FP-SNS-FLIGHT1.5.1.0.pdsc: PDSC version is not supported
2025-09-29 14:31:09,617 [INFO] LogOutputStream:76 - [STDOUT_REDIRECT] 1 : Invalid condition id : UX_CORESTACK_Condition cause : null
2025-09-29 14:31:09,630 [INFO] LogOutputStream:76 - [STDOUT_REDIRECT] 1 : Invalid condition id : UX_CORESTACK_Condition cause : null
2025-09-29 14:31:09,630 [INFO] LogOutputStream:76 - [STDOUT_REDIRECT] 1 : Invalid condition id : UX_CORESTACK_Condition cause : null
2025-09-29 14:31:09,630 [INFO] LogOutputStream:76 - [STDOUT_REDIRECT] 1 : Invalid condition id : UX_CORESTACK_Condition cause : null
2025-09-29 14:31:09,630 [INFO] LogOutputStream:76 - [STDOUT_REDIRECT] 1 : Invalid condition id : UX_CORESTACK_Condition cause : null
2025-09-29 14:31:09,630 [WARN] PackLoader:238 - Cannot read IP mode file for STMicroelectronics.X-CUBE-AZRTOS-WL.2.0.0
2025-09-29 14:31:09,661 [ERROR] Engine:463 - C:\Users\ANH DUY\.stm32cubemx\thirdparties\pdsc\STMicroelectronics.FP-SNS-MOTENV1.5.0.0.pdsc: PDSC version is not supported
2025-09-29 14:31:09,693 [WARN] PackLoader:238 - Cannot read IP mode file for STMicroelectronics.X-CUBE-BLE2.3.3.0
2025-09-29 14:31:09,735 [WARN] PackLoader:238 - Cannot read IP mode file for STMicroelectronics.X-CUBE-NFC9.1.0.0
2025-09-29 14:31:09,756 [WARN] PackLoader:238 - Cannot read IP mode file for wolfSSL.I-CUBE-wolfSSL.5.8.2
2025-09-29 14:31:09,787 [WARN] PackLoader:238 - Cannot read IP mode file for STMicroelectronics.X-CUBE-BLE1.7.1.0
2025-09-29 14:31:09,804 [WARN] PackLoader:238 - Cannot read IP mode file for wolfSSL.I-CUBE-wolfMQTT.1.19.2
2025-09-29 14:31:09,835 [WARN] PackLoader:238 - Cannot read IP mode file for STMicroelectronics.X-CUBE-EEPRMA1.5.2.0
2025-09-29 14:31:09,867 [WARN] PackLoader:238 - Cannot read IP mode file for STMicroelectronics.X-CUBE-AZRTOS-G0.1.1.0
2025-09-29 14:31:09,899 [INFO] DetailPanel:309 - Set advertising image to C:/Users/ANH DUY/STM32Cube/Repository/\en.2400x1350px.jpeg
2025-09-29 14:31:09,899 [WARN] PackLoader:238 - Cannot read IP mode file for STMicroelectronics.X-CUBE-SAFEA1.1.2.2
2025-09-29 14:31:09,932 [WARN] PackLoader:238 - Cannot read IP mode file for STMicroelectronics.X-CUBE-NFC4.3.0.0
2025-09-29 14:31:09,966 [ERROR] Engine:463 - C:\Users\ANH DUY\.stm32cubemx\thirdparties\pdsc\EmbeddedOffice.I-CUBE-FS-RTOS.1.0.1.pdsc: PDSC version is not supported
2025-09-29 14:31:10,005 [WARN] PackLoader:238 - Cannot read IP mode file for STMicroelectronics.X-CUBE-WB05N.2.0.0
2025-09-29 14:31:10,058 [WARN] PackLoader:238 - Cannot read IP mode file for wolfSSL.I-CUBE-wolfTPM.3.8.0
2025-09-29 14:31:10,080 [ERROR] Engine:463 - C:\Users\ANH DUY\.stm32cubemx\thirdparties\pdsc\STMicroelectronics.X-CUBE-TCPP.4.2.0.pdsc: PDSC version is not supported
2025-09-29 14:31:10,103 [ERROR] Engine:463 - C:\Users\ANH DUY\.stm32cubemx\thirdparties\pdsc\RealThread.X-CUBE-RT-Thread_Nano.4.1.1.pdsc: PDSC version is not supported
2025-09-29 14:31:10,138 [WARN] PackLoader:238 - Cannot read IP mode file for STMicroelectronics.FP-ATR-SIGFOX1.3.2.0
2025-09-29 14:31:10,168 [ERROR] Engine:463 - C:\Users\ANH DUY\.stm32cubemx\thirdparties\pdsc\ITTIA_DB.I-CUBE-ITTIADB.8.9.0.pdsc: PDSC version is not supported
2025-09-29 14:31:10,197 [ERROR] Engine:463 - C:\Users\ANH DUY\.stm32cubemx\thirdparties\pdsc\STMicroelectronics.X-CUBE-ST67W61.1.0.0.pdsc: PDSC version is not supported
2025-09-29 14:31:10,231 [WARN] PackLoader:238 - Cannot read IP mode file for STMicroelectronics.X-CUBE-AI.10.2.0
2025-09-29 14:31:10,310 [WARN] PackLoader:238 - Cannot read IP mode file for SEGGER.I-CUBE-embOS.1.3.1
2025-09-29 14:31:10,405 [WARN] PackLoader:238 - Cannot read IP mode file for STMicroelectronics.X-CUBE-ALGOBUILD.1.4.0
2025-09-29 14:31:10,500 [WARN] PackLoader:238 - Cannot read IP mode file for STMicroelectronics.X-CUBE-MEMS1.11.3.0
2025-09-29 14:31:10,512 [INFO] DbBoardsPdsc:90 - Found 25 items
2025-09-29 14:31:10,531 [INFO] DbBoardsPdsc:90 - Found 9 items
2025-09-29 14:31:10,572 [INFO] DbBoardsPdsc:90 - Found 33 items
2025-09-29 14:31:10,602 [INFO] DbBoardsPdsc:90 - Found 1 items
2025-09-29 14:31:10,643 [INFO] DbBoardsPdsc:90 - Found 48 items
2025-09-29 14:31:10,685 [INFO] DbBoardsPdsc:90 - Found 43 items
2025-09-29 14:31:10,707 [INFO] DbBoardsPdsc:90 - Found 2 items
2025-09-29 14:31:10,732 [INFO] DbBoardsPdsc:90 - Found 5 items
2025-09-29 14:31:10,737 [WARN] DbBoardsPdsc:254 - Board STM32H7B3I-DK: unknown feature type=Audio, name=, username=Audio stereo codec with Headphone Amp (CS42L51-CNZ), n=1
2025-09-29 14:31:10,739 [WARN] DbBoardsPdsc:254 - Board STM32H735G-DK: unknown feature type=Audio, name=, username=Audio stereo codec with Headphone Amp (WM8994ECS/R), n=1
2025-09-29 14:31:10,741 [WARN] DbBoardsPdsc:254 - Board STM32H7B3I-EVAL: unknown feature type=Audio, name=, username=Multi-Channel Audio Codec (CS42L51-CNZ), n=1
2025-09-29 14:31:10,741 [WARN] DbBoardsPdsc:254 - Board STM32H7B3I-EVAL: unknown feature type=Meter, name=, username=Power-metering and Temperature-monitoring with sigma-delta modulators, n=1
2025-09-29 14:31:10,741 [WARN] DbBoardsPdsc:254 - Board STM32H7B3I-EVAL: unknown feature type=Motor, name=, username=Motor Control, n=1
2025-09-29 14:31:10,741 [WARN] DbBoardsPdsc:254 - Board STM32U575I-EV: unknown feature type=joystick, name=, username=4-direction joystick with selection button, n=1
2025-09-29 14:31:10,773 [WARN] PackLoader:238 - Cannot read IP mode file for STMicroelectronics.X-CUBE-PM33A1.1.0.0
2025-09-29 14:31:10,812 [INFO] DbBoardsJson:86 - JSON generation date=Tue Nov 16 23:17:54 ICT 2021 (1637079474)
2025-09-29 14:31:10,816 [INFO] DbBoards:117 - Found 167 boards (163 are supported by CubeMX)
2025-09-29 14:31:10,827 [WARN] PackLoader:238 - Cannot read IP mode file for STMicroelectronics.X-CUBE-AZRTOS-F4.1.1.0
2025-09-29 14:31:10,848 [INFO] DbBoardsDocs:143 - JSON generation date=Tue Nov 16 23:17:54 ICT 2021 (1637079474)
2025-09-29 14:31:10,848 [INFO] DbBoardsDocs:79 - Found 209 boards documents
2025-09-29 14:31:10,848 [WARN] DbBoards:127 - board B-L475E-IOT01A2 has no document id list !
2025-09-29 14:31:10,848 [WARN] DbBoards:127 - board NUCLEO-H743ZI has no document id list !
2025-09-29 14:31:10,848 [WARN] DbBoards:127 - board NUCLEO-WL55JC2 has no document id list !
2025-09-29 14:31:10,848 [WARN] DbBoards:127 - board P-NUCLEO-WB55-Nucleo has no document id list !
2025-09-29 14:31:10,848 [WARN] DbBoards:127 - board P-NUCLEO-WB55-USBDongle has no document id list !
2025-09-29 14:31:10,848 [WARN] DbBoards:127 - board STEVAL-BFA001V1B has no document id list !
2025-09-29 14:31:10,848 [WARN] DbBoards:127 - board STEVAL-BFA001V2B has no document id list !
2025-09-29 14:31:10,848 [WARN] DbBoards:127 - board STEVAL-IDP005V1 has no document id list !
2025-09-29 14:31:10,848 [WARN] DbBoards:127 - board STEVAL-IDP005V2 has no document id list !
2025-09-29 14:31:10,848 [WARN] DbBoards:127 - board STEVAL-MKSBOX1V1 has no document id list !
2025-09-29 14:31:10,848 [WARN] DbBoards:127 - board STEVAL-STWINKT1 has no document id list !
2025-09-29 14:31:10,848 [WARN] DbBoards:127 - board STEVAL-STWINKT1B has no document id list !
2025-09-29 14:31:10,848 [WARN] DbBoards:127 - board STM32439I-EVAL2 has no document id list !
2025-09-29 14:31:10,848 [WARN] DbBoards:127 - board STM32F401C-DISCO has no document id list !
2025-09-29 14:31:10,848 [WARN] DbBoards:127 - board STM32F769I-DISC1 has no document id list !
2025-09-29 14:31:10,848 [ERROR] Engine:463 - C:\Users\ANH DUY\.stm32cubemx\thirdparties\pdsc\Avnet-IotConnect.X-CUBE-IoTC-DA16k-PMOD.1.0.0.pdsc: PDSC version is not supported
2025-09-29 14:31:10,848 [WARN] DbBoards:127 - board STM32G474E-EVAL1 has no document id list !
2025-09-29 14:31:10,848 [WARN] DbBoards:127 - board STM32H743I-EVAL2 has no document id list !
2025-09-29 14:31:10,848 [WARN] DbBoards:127 - board STM32H747I-DISC1 has no document id list !
2025-09-29 14:31:10,848 [WARN] DbBoards:127 - board STM32H753I-EVAL2 has no document id list !
2025-09-29 14:31:10,848 [WARN] DbBoards:127 - board STM32L-DISCOVERY has no document id list !
2025-09-29 14:31:10,890 [WARN] PackLoader:238 - Cannot read IP mode file for STMicroelectronics.X-CUBE-ISPU.2.1.0
2025-09-29 14:31:10,911 [WARN] PackLoader:238 - Cannot read IP mode file for STMicroelectronics.X-CUBE-NFC12.1.0.0
2025-09-29 14:31:10,976 [WARN] PackLoader:238 - Cannot read IP mode file for STMicroelectronics.X-CUBE-AZRTOS-L5.2.0.0
2025-09-29 14:31:11,007 [WARN] PackLoader:238 - Cannot read IP mode file for STMicroelectronics.X-CUBE-NFC6.3.1.0
2025-09-29 14:31:11,033 [ERROR] Engine:463 - C:\Users\ANH DUY\.stm32cubemx\thirdparties\pdsc\STMicroelectronics.X-CUBE-FREERTOS.1.3.1.pdsc: PDSC version is not supported
2025-09-29 14:31:11,054 [ERROR] DbBoards:189 - Image file not found for board B-U585I-IOT02A: C:\ST\STM32CubeIDE_1.7.0\STM32CubeIDE\plugins\com.st.stm32cube.common.mx_6.3.0.202107141111\\db\/plugins/mcufinder/images/boards/B-U585I-IOT02A_small.jpg
2025-09-29 14:31:11,056 [ERROR] Engine:463 - C:\Users\ANH DUY\.stm32cubemx\thirdparties\pdsc\STMicroelectronics.FP-SNS-STAIOTCFT.1.0.0.pdsc: PDSC version is not supported
2025-09-29 14:31:11,071 [ERROR] Engine:463 - C:\Users\ANH DUY\.stm32cubemx\thirdparties\pdsc\STMicroelectronics.X-CUBE-DPower.1.3.0.pdsc: PDSC version is not supported
2025-09-29 14:31:11,117 [WARN] ConditionMgr:437 - getConditionDescription Invalid condition id : LAN8742 Phy interface Condition cause : null
2025-09-29 14:31:11,117 [WARN] PackLoader:238 - Cannot read IP mode file for STMicroelectronics.X-CUBE-AZRTOS-L4.2.0.0
2025-09-29 14:31:11,117 [WARN] ConditionMgr:1038 - genDependencies : Invalid condition id : LAN8742 Phy interface Condition cause : null
2025-09-29 14:31:11,117 [WARN] ConditionMgr:1038 - genDependencies : Invalid condition id : LAN8742 Phy interface Condition cause : null
2025-09-29 14:31:11,117 [WARN] ConditionMgr:1038 - genDependencies : Invalid condition id : LAN8742 Phy interface Condition cause : null
2025-09-29 14:31:11,149 [WARN] PackLoader:238 - Cannot read IP mode file for STMicroelectronics.X-CUBE-SFXS2LP1.4.0.0
2025-09-29 14:31:11,164 [ERROR] DbBoards:189 - Image file not found for board NUCLEO-F413ZH: C:\ST\STM32CubeIDE_1.7.0\STM32CubeIDE\plugins\com.st.stm32cube.common.mx_6.3.0.202107141111\\db\/plugins/mcufinder/images/boards/nucleo-f413zh_small.jpg
2025-09-29 14:31:11,164 [ERROR] Engine:463 - C:\Users\ANH DUY\.stm32cubemx\thirdparties\pdsc\STMicroelectronics.X-CUBE-BLEMGR.4.1.0.pdsc: PDSC version is not supported
2025-09-29 14:31:11,212 [WARN] ConditionMgr:437 - getConditionDescription Invalid condition id : UX DEVICE CLASS RTOS Condition cause : null
2025-09-29 14:31:11,212 [WARN] ConditionMgr:437 - getConditionDescription Invalid condition id : UX DEVICE CLASS RTOS Condition cause : null
2025-09-29 14:31:11,212 [WARN] PackLoader:238 - Cannot read IP mode file for STMicroelectronics.X-CUBE-AZRTOS-WB.2.0.0
2025-09-29 14:31:11,212 [WARN] ConditionMgr:1038 - genDependencies : Invalid condition id : UX DEVICE CLASS RTOS Condition cause : null
2025-09-29 14:31:11,212 [WARN] ConditionMgr:1038 - genDependencies : Invalid condition id : UX DEVICE CLASS RTOS Condition cause : null
2025-09-29 14:31:11,212 [WARN] ConditionMgr:1038 - genDependencies : Invalid condition id : UX DEVICE CLASS RTOS Condition cause : null
2025-09-29 14:31:11,212 [WARN] ConditionMgr:1038 - genDependencies : Invalid condition id : UX DEVICE CLASS RTOS Condition cause : null
2025-09-29 14:31:11,212 [WARN] ConditionMgr:1038 - genDependencies : Invalid condition id : UX DEVICE CLASS RTOS Condition cause : null
2025-09-29 14:31:11,243 [WARN] PackLoader:238 - Cannot read IP mode file for STMicroelectronics.X-CUBE-GNSS1.7.0.1
2025-09-29 14:31:11,276 [WARN] PackLoader:238 - Cannot read IP mode file for STMicroelectronics.X-CUBE-TOUCHGFX.4.25.0
2025-09-29 14:31:11,291 [ERROR] Engine:463 - C:\Users\ANH DUY\.stm32cubemx\thirdparties\pdsc\quantropi.X-CUBE-qispace-sdk-base.2.1.0.pdsc: PDSC version is not supported
2025-09-29 14:31:11,317 [WARN] PackLoader:238 - Cannot read IP mode file for STMicroelectronics.X-CUBE-SUBG2.5.0.0
2025-09-29 14:31:11,385 [WARN] PackLoader:238 - Cannot read IP mode file for STMicroelectronics.X-CUBE-AZRTOS-H7RS.1.1.0
2025-09-29 14:31:11,418 [ERROR] Engine:463 - C:\Users\ANH DUY\.stm32cubemx\thirdparties\pdsc\Cesanta.I-CUBE-Mongoose.7.13.0.pdsc: PDSC version is not supported
2025-09-29 14:31:11,422 [ERROR] DbBoards:189 - Image file not found for board NUCLEO-L552ZE-Q: C:\ST\STM32CubeIDE_1.7.0\STM32CubeIDE\plugins\com.st.stm32cube.common.mx_6.3.0.202107141111\\db\/plugins/mcufinder/images/boards/nucleo_l552ze_q_small.jpg
2025-09-29 14:31:11,422 [ERROR] DbBoards:189 - Image file not found for board NUCLEO-U575ZI-Q: C:\ST\STM32CubeIDE_1.7.0\STM32CubeIDE\plugins\com.st.stm32cube.common.mx_6.3.0.202107141111\\db\/plugins/mcufinder/images/boards/nucleo-u575zi-q_small.jpg
2025-09-29 14:31:11,422 [ERROR] DbBoards:189 - Image file not found for board NUCLEO-WB15CC: C:\ST\STM32CubeIDE_1.7.0\STM32CubeIDE\plugins\com.st.stm32cube.common.mx_6.3.0.202107141111\\db\/plugins/mcufinder/images/boards/nucleo-wb15cc_small.jpg
2025-09-29 14:31:11,422 [ERROR] DbBoards:189 - Image file not found for board NUCLEO-WB55RG: C:\ST\STM32CubeIDE_1.7.0\STM32CubeIDE\plugins\com.st.stm32cube.common.mx_6.3.0.202107141111\\db\/plugins/mcufinder/images/boards/nucleo-wb55rg_small.jpg
2025-09-29 14:31:11,456 [WARN] PackLoader:238 - Cannot read IP mode file for STMicroelectronics.X-CUBE-AZRTOS-G4.2.0.0
2025-09-29 14:31:11,483 [WARN] PackLoader:238 - Cannot read IP mode file for wolfSSL.I-CUBE-wolfSSH.1.4.20
2025-09-29 14:31:11,521 [WARN] PackLoader:238 - Cannot read IP mode file for STMicroelectronics.X-CUBE-NFC7.2.0.0
2025-09-29 14:31:11,553 [ERROR] Engine:463 - C:\Users\ANH DUY\.stm32cubemx\thirdparties\pdsc\STMicroelectronics.X-CUBE-IPS.3.1.0.pdsc: PDSC version is not supported
2025-09-29 14:31:11,579 [ERROR] Engine:463 - C:\Users\ANH DUY\.stm32cubemx\thirdparties\pdsc\STMicroelectronics.X-CUBE-ALS.1.0.2.pdsc: PDSC version is not supported
2025-09-29 14:31:11,620 [WARN] PackLoader:238 - Cannot read IP mode file for STMicroelectronics.X-CUBE-STSE01.1.0.0
2025-09-29 14:31:11,650 [ERROR] Engine:463 - C:\Users\ANH DUY\.stm32cubemx\thirdparties\pdsc\STMicroelectronics.X-CUBE-TOF1.3.4.3.pdsc: PDSC version is not supported
2025-09-29 14:31:11,650 [INFO] ThirdParty:915 - Integrity check success = true
2025-09-29 14:31:11,650 [INFO] IntegrityCheckThread:94 - exiting critical section [integrity check]
2025-09-29 14:31:11,650 [INFO] IntegrityCheckThread:97 - End integrity checks thread
2025-09-29 14:31:12,824 [INFO] ApiDb:251 - Load user favorites file C:\Users\ANH DUY/.stm32cubeide/favorites.boards.txt: 0 item(s)
2025-09-29 14:31:12,825 [INFO] ApiDb:255 - User favorites Boards=[]
2025-09-29 14:31:12,825 [INFO] DbBoards:206 - Set 0 / 0 favorites Boards
2025-09-29 14:32:48,302 [INFO] MainUpdater:2671 - connection check result : 10
2025-09-29 14:32:48,302 [INFO] MainUpdater:2671 - connection check result : 10
2025-09-29 14:32:48,396 [INFO] MicroXplorer:448 - Change Database Path : 
2025-09-29 14:32:48,397 [INFO] MicroXplorer:478 - Change Database Version : DB.6.0.30
2025-09-29 14:32:48,397 [WARN] ThirdParty:813 - waiting for thirdparty lock release [close project]
2025-09-29 14:32:48,397 [INFO] ThirdParty:815 - entering critical section [close project]
2025-09-29 14:32:48,398 [INFO] ThirdParty:825 - exiting critical section [close project]
2025-09-29 14:32:48,398 [INFO] PinOutPanel:1463 - setPackage(No Configuration,No Configuration)
2025-09-29 14:32:48,398 [INFO] UtilMem:74 - Begin LoadConfig() Used Memory: 932673160 Bytes (1073741824)
2025-09-29 14:32:48,398 [INFO] MicroXplorer:448 - Change Database Path : 
2025-09-29 14:32:48,398 [INFO] MicroXplorer:478 - Change Database Version : DB.6.0.30
2025-09-29 14:32:48,398 [INFO] OpenFileManager:313 - Change cursor
2025-09-29 14:32:49,861 [INFO] Context:592 - Trying to add GPIOservice into a context  which must be forbidden
2025-09-29 14:32:50,274 [WARN] ApiManager:304 - Cannot register API 'Board Extension:PM33A1' from pack STMicroelectronics.X-CUBE-PM33A1.1.0.0: no header file found
2025-09-29 14:32:50,282 [WARN] ApiManager:304 - Cannot register API 'Board Extension:NFC09A1' from pack STMicroelectronics.X-CUBE-NFC9.1.0.0: no header file found
2025-09-29 14:32:50,290 [WARN] ApiManager:304 - Cannot register API 'Wireless:BlueNRG-MS' from pack STMicroelectronics.X-CUBE-BLE1.7.1.0: no header file found
2025-09-29 14:32:50,295 [WARN] ApiManager:304 - Cannot register API 'Board Extension:EEPRMA2' from pack STMicroelectronics.X-CUBE-EEPRMA1.5.2.0: no header file found
2025-09-29 14:32:50,295 [WARN] ApiManager:304 - Cannot register API 'Board Extension:PGEEZ1' from pack STMicroelectronics.X-CUBE-EEPRMA1.5.2.0: no header file found
2025-09-29 14:32:50,295 [WARN] ApiManager:304 - Cannot register API 'Board Extension:EEICA1' from pack STMicroelectronics.X-CUBE-EEPRMA1.5.2.0: no header file found
2025-09-29 14:32:50,295 [WARN] ApiManager:304 - Cannot register API 'Board Part:M24' from pack STMicroelectronics.X-CUBE-EEPRMA1.5.2.0: no header file found
2025-09-29 14:32:50,295 [WARN] ApiManager:304 - Cannot register API 'Board Part:M95' from pack STMicroelectronics.X-CUBE-EEPRMA1.5.2.0: no header file found
2025-09-29 14:32:50,295 [WARN] ApiManager:304 - Cannot register API 'Board Part:M95P32' from pack STMicroelectronics.X-CUBE-EEPRMA1.5.2.0: no header file found
2025-09-29 14:32:50,295 [WARN] ApiManager:304 - Cannot register API 'Board Part:M24256E-F' from pack STMicroelectronics.X-CUBE-EEPRMA1.5.2.0: no header file found
2025-09-29 14:32:50,295 [WARN] ApiManager:304 - Cannot register API 'Board Part:M24M01E-F' from pack STMicroelectronics.X-CUBE-EEPRMA1.5.2.0: no header file found
2025-09-29 14:32:50,295 [WARN] ApiManager:304 - Cannot register API 'PGEEZ1:SPI' from pack STMicroelectronics.X-CUBE-EEPRMA1.5.2.0: no header file found
2025-09-29 14:32:50,295 [WARN] ApiManager:304 - Cannot register API 'PGEEZ1:QDSPI' from pack STMicroelectronics.X-CUBE-EEPRMA1.5.2.0: no header file found
2025-09-29 14:32:50,302 [WARN] ApiManager:304 - Cannot register API 'Board Extension:GNSS1A1' from pack STMicroelectronics.X-CUBE-GNSS1.7.0.1: no header file found
2025-09-29 14:32:50,302 [WARN] ApiManager:304 - Cannot register API 'Board Support:Custom' from pack STMicroelectronics.X-CUBE-GNSS1.7.0.1: no header file found
2025-09-29 14:32:50,302 [WARN] ApiManager:304 - Cannot register API 'Data Exchange:lib_gnss' from pack STMicroelectronics.X-CUBE-GNSS1.7.0.1: no header file found
2025-09-29 14:32:50,304 [WARN] ApiManager:304 - Cannot register API 'Board Extension:NFC12A1' from pack STMicroelectronics.X-CUBE-NFC12.1.0.0: no header file found
2025-09-29 14:32:50,316 [WARN] ApiManager:304 - Cannot register API 'Board Extension:NFC06A1' from pack STMicroelectronics.X-CUBE-NFC6.3.1.0: no header file found
2025-09-29 14:32:50,318 [WARN] ApiManager:304 - Cannot register API 'Board Extension:NFC08A1' from pack STMicroelectronics.X-CUBE-NFC6.3.1.0: no header file found
2025-09-29 14:32:50,318 [INFO] RtosManager:484 - Registered RTOS mode: class=CMSIS, group=RTOS, mode=CMSIS_V1, owner=FREERTOS
2025-09-29 14:32:50,318 [INFO] RtosManager:484 - Registered RTOS mode: class=CMSIS, group=RTOS2, mode=CMSIS_V2, owner=FREERTOS
2025-09-29 14:32:50,318 [INFO] RtosManager:484 - Registered RTOS mode: class=RTOS, group=Core, mode=CMSIS_V1, owner=FREERTOS
2025-09-29 14:32:50,318 [INFO] RtosManager:484 - Registered RTOS mode: class=RTOS, group=Core, mode=CMSIS_V2, owner=FREERTOS
2025-09-29 14:32:50,318 [WARN] ModelIntegratedComponent:181 - Missing modes for component STMicroelectronics:FreeRTOS:0.0.1:STMicroelectronics:RTOS:FreeRTOS:Core:::10.2.0:
2025-09-29 14:32:50,318 [WARN] ApiManager:304 - Cannot register API 'Board Extension:STSAFEA1' from pack STMicroelectronics.X-CUBE-SAFEA1.1.2.2: no header file found
2025-09-29 14:32:50,318 [WARN] ApiManager:304 - Cannot register API 'Board Part:STSAFEA110' from pack STMicroelectronics.X-CUBE-SAFEA1.1.2.2: no header file found
2025-09-29 14:32:50,318 [WARN] ApiManager:304 - Cannot register API 'Security:ST_Cryptolib' from pack STMicroelectronics.X-CUBE-SAFEA1.1.2.2: no header file found
2025-09-29 14:32:50,318 [WARN] ApiManager:304 - Cannot register API 'Security:MbedTLS' from pack STMicroelectronics.X-CUBE-SAFEA1.1.2.2: no header file found
2025-09-29 14:32:50,318 [WARN] ApiManager:304 - Cannot register API 'Board Extension:NFC04A1' from pack STMicroelectronics.X-CUBE-NFC4.3.0.0: no header file found
2025-09-29 14:32:50,327 [WARN] ApiManager:304 - Cannot register API 'Board Extension:S2868A1' from pack STMicroelectronics.X-CUBE-SUBG2.5.0.0: no header file found
2025-09-29 14:32:50,327 [WARN] ApiManager:304 - Cannot register API 'Board Extension:S2868A2' from pack STMicroelectronics.X-CUBE-SUBG2.5.0.0: no header file found
2025-09-29 14:32:50,327 [WARN] ApiManager:304 - Cannot register API 'Board Extension:S2915A1' from pack STMicroelectronics.X-CUBE-SUBG2.5.0.0: no header file found
2025-09-29 14:32:50,327 [WARN] ApiManager:304 - Cannot register API 'Wireless:STM32WB05N' from pack STMicroelectronics.X-CUBE-WB05N.2.0.0: no header file found
2025-09-29 14:32:50,334 [WARN] ApiManager:304 - Cannot register API 'Board Extension:NFC07A1' from pack STMicroelectronics.X-CUBE-NFC7.2.0.0: no header file found
2025-09-29 14:32:50,334 [WARN] ApiManager:304 - Cannot register API 'Board Extension:NFC10A1' from pack STMicroelectronics.X-CUBE-NFC10.1.0.0: no header file found
2025-09-29 14:32:50,337 [WARN] ModelIntegratedComponent:60 - No mode defined for component null
2025-09-29 14:32:50,339 [WARN] ModelIntegratedComponent:60 - No mode defined for component null
2025-09-29 14:32:50,339 [WARN] ModelIntegratedComponent:60 - No mode defined for component null
2025-09-29 14:32:50,339 [WARN] ModelIntegratedComponent:60 - No mode defined for component null
2025-09-29 14:32:50,339 [WARN] ModelIntegratedComponent:60 - No mode defined for component null
2025-09-29 14:32:50,339 [WARN] ModelIntegratedComponent:60 - No mode defined for component null
2025-09-29 14:32:50,339 [WARN] ModelIntegratedComponent:60 - No mode defined for component null
2025-09-29 14:32:50,339 [WARN] ModelIntegratedComponent:60 - No mode defined for component null
2025-09-29 14:32:50,339 [WARN] ModelIntegratedComponent:60 - No mode defined for component null
2025-09-29 14:32:50,339 [WARN] ModelIntegratedComponent:60 - No mode defined for component null
2025-09-29 14:32:50,339 [WARN] ModelIntegratedComponent:60 - No mode defined for component null
2025-09-29 14:32:50,339 [WARN] ModelIntegratedComponent:60 - No mode defined for component null
2025-09-29 14:32:50,339 [WARN] ModelIntegratedComponent:60 - No mode defined for component null
2025-09-29 14:32:50,339 [WARN] ModelIntegratedComponent:60 - No mode defined for component null
2025-09-29 14:32:50,339 [WARN] ModelIntegratedComponent:60 - No mode defined for component null
2025-09-29 14:32:50,339 [WARN] ModelIntegratedComponent:60 - No mode defined for component null
2025-09-29 14:32:50,339 [WARN] ModelIntegratedComponent:60 - No mode defined for component null
2025-09-29 14:32:50,339 [WARN] ModelIntegratedComponent:60 - No mode defined for component null
2025-09-29 14:32:50,339 [WARN] ModelIntegratedComponent:60 - No mode defined for component null
2025-09-29 14:32:50,339 [WARN] ModelIntegratedComponent:60 - No mode defined for component null
2025-09-29 14:32:50,339 [WARN] ModelIntegratedComponent:60 - No mode defined for component null
2025-09-29 14:32:50,339 [WARN] ModelIntegratedComponent:60 - No mode defined for component null
2025-09-29 14:32:50,339 [WARN] ModelIntegratedComponent:60 - No mode defined for component null
2025-09-29 14:32:50,339 [WARN] ModelIntegratedComponent:60 - No mode defined for component null
2025-09-29 14:32:50,339 [WARN] ModelIntegratedComponent:60 - No mode defined for component null
2025-09-29 14:32:50,339 [WARN] ModelIntegratedComponent:60 - No mode defined for component null
2025-09-29 14:32:50,339 [WARN] ModelIntegratedComponent:60 - No mode defined for component null
2025-09-29 14:32:50,339 [WARN] ModelIntegratedComponent:60 - No mode defined for component null
2025-09-29 14:32:50,339 [WARN] ModelIntegratedComponent:60 - No mode defined for component null
2025-09-29 14:32:50,339 [WARN] ModelIntegratedComponent:60 - No mode defined for component null
2025-09-29 14:32:50,339 [WARN] ModelIntegratedComponent:60 - No mode defined for component null
2025-09-29 14:32:50,343 [WARN] ApiManager:304 - Cannot register API 'Board Extension:SAFEA1' from pack STMicroelectronics.X-CUBE-STSE01.1.0.0: no header file found
2025-09-29 14:32:50,343 [WARN] ApiManager:304 - Cannot register API 'Board Extension:ESE01A1' from pack STMicroelectronics.X-CUBE-STSE01.1.0.0: no header file found
2025-09-29 14:32:50,343 [WARN] ApiManager:304 - Cannot register API 'Board Part:STSAFEA110' from pack STMicroelectronics.X-CUBE-STSE01.1.0.0: no header file found
2025-09-29 14:32:50,343 [WARN] ApiManager:304 - Cannot register API 'Board Part:STSAFEA120' from pack STMicroelectronics.X-CUBE-STSE01.1.0.0: no header file found
2025-09-29 14:32:50,343 [WARN] ApiManager:304 - Cannot register API 'Security:STM32_Cryptographic' from pack STMicroelectronics.X-CUBE-STSE01.1.0.0: no header file found
2025-09-29 14:32:50,343 [WARN] ApiManager:304 - Cannot register API 'Security:STSELib' from pack STMicroelectronics.X-CUBE-STSE01.1.0.0: no header file found
2025-09-29 14:32:50,548 [WARN] ApiManager:304 - Cannot register API 'Board Extension:IKS01A3' from pack STMicroelectronics.X-CUBE-MEMS1.11.3.0: no header file found
2025-09-29 14:32:50,548 [WARN] ApiManager:304 - Cannot register API 'Board Extension:IKS02A1' from pack STMicroelectronics.X-CUBE-MEMS1.11.3.0: no header file found
2025-09-29 14:32:50,548 [WARN] ApiManager:304 - Cannot register API 'Board Extension:IKS4A1' from pack STMicroelectronics.X-CUBE-MEMS1.11.3.0: no header file found
2025-09-29 14:32:50,552 [WARN] ApiManager:304 - Cannot register API 'Board Extension:S2868A1' from pack STMicroelectronics.X-CUBE-SFXS2LP1.4.0.0: no header file found
2025-09-29 14:32:50,552 [WARN] ApiManager:304 - Cannot register API 'Board Extension:S2868A2' from pack STMicroelectronics.X-CUBE-SFXS2LP1.4.0.0: no header file found
2025-09-29 14:32:50,552 [WARN] ApiManager:304 - Cannot register API 'Board Extension:S2915A1' from pack STMicroelectronics.X-CUBE-SFXS2LP1.4.0.0: no header file found
2025-09-29 14:32:50,552 [WARN] ApiManager:304 - Cannot register API 'Wireless:BlueNRG-2' from pack STMicroelectronics.X-CUBE-BLE2.3.3.0: no header file found
2025-09-29 14:32:52,511 [INFO] UtilMem:74 - End LoadConfig() Used Memory: 905654432 Bytes (1073741824)
2025-09-29 14:32:52,526 [WARN] ThirdParty:779 - waiting for thirdparty lock release [change project]
2025-09-29 14:32:52,526 [INFO] ThirdParty:781 - entering critical section [change project]
2025-09-29 14:32:52,526 [INFO] ThirdParty:967 - CMSIS Pack Vendor :STMicroelectronics X-CUBE-PM33A1 1.0.0
2025-09-29 14:32:52,526 [INFO] ThirdParty:967 - CMSIS Pack Vendor :STMicroelectronics X-CUBE-NFC9 1.0.0
2025-09-29 14:32:52,526 [INFO] ThirdParty:967 - CMSIS Pack Vendor :STMicroelectronics USB_HOST 2.0.0
2025-09-29 14:32:52,526 [INFO] ThirdParty:967 - CMSIS Pack Vendor :STMicroelectronics X-CUBE-AZRTOS-F4 1.1.0
2025-09-29 14:32:52,526 [INFO] ThirdParty:967 - CMSIS Pack Vendor :STMicroelectronics FP-ATR-ASTRA1 2.0.2
2025-09-29 14:32:52,526 [INFO] ThirdParty:967 - CMSIS Pack Vendor :wolfSSL I-CUBE-wolfSSL 5.8.2
2025-09-29 14:32:52,531 [INFO] ThirdParty:967 - CMSIS Pack Vendor :STMicroelectronics X-CUBE-BLE1 7.1.0
2025-09-29 14:32:52,531 [INFO] ThirdParty:967 - CMSIS Pack Vendor :wolfSSL I-CUBE-wolfMQTT 1.19.2
2025-09-29 14:32:52,531 [INFO] ThirdParty:967 - CMSIS Pack Vendor :STMicroelectronics USB_DEVICE 3.0.0
2025-09-29 14:32:52,531 [INFO] ThirdParty:967 - CMSIS Pack Vendor :STMicroelectronics X-CUBE-ISPU 2.1.0
2025-09-29 14:32:52,531 [INFO] ThirdParty:967 - CMSIS Pack Vendor :STMicroelectronics X-CUBE-EEPRMA1 5.2.0
2025-09-29 14:32:52,531 [INFO] ThirdParty:967 - CMSIS Pack Vendor :STMicroelectronics X-CUBE-AZRTOS-WB 2.0.0
2025-09-29 14:32:52,531 [INFO] ThirdParty:967 - CMSIS Pack Vendor :STMicroelectronics X-CUBE-GNSS1 7.0.1
2025-09-29 14:32:52,531 [INFO] ThirdParty:967 - CMSIS Pack Vendor :STMicroelectronics X-CUBE-NFC12 1.0.0
2025-09-29 14:32:52,531 [INFO] ThirdParty:967 - CMSIS Pack Vendor :STMicroelectronics X-CUBE-AZRTOS-F7 1.1.0
2025-09-29 14:32:52,531 [INFO] ThirdParty:967 - CMSIS Pack Vendor :STMicroelectronics X-CUBE-AZRTOS-L5 2.0.0
2025-09-29 14:32:52,531 [INFO] ThirdParty:967 - CMSIS Pack Vendor :STMicroelectronics X-CUBE-TOUCHGFX 4.25.0
2025-09-29 14:32:52,531 [INFO] ThirdParty:967 - CMSIS Pack Vendor :STMicroelectronics USB_DEVICE 2.0.0
2025-09-29 14:32:52,531 [INFO] ThirdParty:967 - CMSIS Pack Vendor :STMicroelectronics X-CUBE-NFC6 3.1.0
2025-09-29 14:32:52,531 [INFO] ThirdParty:967 - CMSIS Pack Vendor :STMicroelectronics FreeRTOS 0.0.1
2025-09-29 14:32:52,531 [INFO] ThirdParty:967 - CMSIS Pack Vendor :STMicroelectronics X-CUBE-AZRTOS-G0 1.1.0
2025-09-29 14:32:52,531 [INFO] ThirdParty:967 - CMSIS Pack Vendor :STMicroelectronics X-CUBE-SAFEA1 1.2.2
2025-09-29 14:32:52,531 [INFO] ThirdParty:967 - CMSIS Pack Vendor :STMicroelectronics X-CUBE-NFC4 3.0.0
2025-09-29 14:32:52,531 [INFO] ThirdParty:967 - CMSIS Pack Vendor :STMicroelectronics X-CUBE-SUBG2 5.0.0
2025-09-29 14:32:52,531 [INFO] ThirdParty:967 - CMSIS Pack Vendor :STMicroelectronics X-CUBE-AZRTOS-H7RS 1.1.0
2025-09-29 14:32:52,531 [INFO] ThirdParty:967 - CMSIS Pack Vendor :STMicroelectronics lwIP 2.0.3
2025-09-29 14:32:52,531 [INFO] ThirdParty:967 - CMSIS Pack Vendor :STMicroelectronics USB_HOST 1.0.0
2025-09-29 14:32:52,531 [INFO] ThirdParty:967 - CMSIS Pack Vendor :STMicroelectronics X-CUBE-AZRTOS-G4 2.0.0
2025-09-29 14:32:52,531 [INFO] ThirdParty:967 - CMSIS Pack Vendor :STMicroelectronics X-CUBE-WB05N 2.0.0
2025-09-29 14:32:52,531 [INFO] ThirdParty:967 - CMSIS Pack Vendor :STMicroelectronics PDM2PCM 3.1.0
2025-09-29 14:32:52,531 [INFO] ThirdParty:967 - CMSIS Pack Vendor :STMicroelectronics PDM2PCM 3.3.0
2025-09-29 14:32:52,531 [INFO] ThirdParty:967 - CMSIS Pack Vendor :wolfSSL I-CUBE-wolfTPM 3.8.0
2025-09-29 14:32:52,531 [INFO] ThirdParty:967 - CMSIS Pack Vendor :STMicroelectronics X-CUBE-AZRTOS-H7 3.4.0
2025-09-29 14:32:52,531 [INFO] ThirdParty:967 - CMSIS Pack Vendor :wolfSSL I-CUBE-wolfSSH 1.4.20
2025-09-29 14:32:52,531 [INFO] ThirdParty:967 - CMSIS Pack Vendor :STMicroelectronics X-CUBE-NFC7 2.0.0
2025-09-29 14:32:52,531 [INFO] ThirdParty:967 - CMSIS Pack Vendor :STMicroelectronics FP-ATR-SIGFOX1 3.2.0
2025-09-29 14:32:52,531 [INFO] ThirdParty:967 - CMSIS Pack Vendor :STMicroelectronics X-CUBE-NFC10 1.0.0
2025-09-29 14:32:52,531 [INFO] ThirdParty:967 - CMSIS Pack Vendor :STMicroelectronics HAL Drivers 0.0.0
2025-09-29 14:32:52,531 [INFO] ThirdParty:967 - CMSIS Pack Vendor :STMicroelectronics MBEDTLS 2.16.2
2025-09-29 14:32:52,531 [INFO] ThirdParty:967 - CMSIS Pack Vendor :STMicroelectronics MBEDTLS 2.14.1
2025-09-29 14:32:52,531 [INFO] ThirdParty:967 - CMSIS Pack Vendor :STMicroelectronics X-CUBE-STSE01 1.0.0
2025-09-29 14:32:52,531 [INFO] ThirdParty:967 - CMSIS Pack Vendor :STMicroelectronics X-CUBE-AI 10.2.0
2025-09-29 14:32:52,531 [INFO] ThirdParty:967 - CMSIS Pack Vendor :STMicroelectronics X-CUBE-AZRTOS-WL 2.0.0
2025-09-29 14:32:52,531 [INFO] ThirdParty:967 - CMSIS Pack Vendor :SEGGER I-CUBE-embOS 1.3.1
2025-09-29 14:32:52,531 [INFO] ThirdParty:967 - CMSIS Pack Vendor :STMicroelectronics X-CUBE-ALGOBUILD 1.4.0
2025-09-29 14:32:52,531 [INFO] ThirdParty:967 - CMSIS Pack Vendor :STMicroelectronics X-CUBE-MEMS1 11.3.0
2025-09-29 14:32:52,531 [INFO] ThirdParty:967 - CMSIS Pack Vendor :STMicroelectronics USB_DEVICE 1.0.0
2025-09-29 14:32:52,531 [INFO] ThirdParty:967 - CMSIS Pack Vendor :STMicroelectronics X-CUBE-AZRTOS-L4 2.0.0
2025-09-29 14:32:52,531 [INFO] ThirdParty:967 - CMSIS Pack Vendor :STMicroelectronics ThreadX 0.0.2
2025-09-29 14:32:52,531 [INFO] ThirdParty:967 - CMSIS Pack Vendor :STMicroelectronics lwIP 2.1.2
2025-09-29 14:32:52,531 [INFO] ThirdParty:967 - CMSIS Pack Vendor :STMicroelectronics X-CUBE-SFXS2LP1 4.0.0
2025-09-29 14:32:52,531 [INFO] ThirdParty:967 - CMSIS Pack Vendor :STMicroelectronics X-CUBE-BLE2 3.3.0
2025-09-29 14:32:52,531 [INFO] ThirdParty:967 - CMSIS Pack Vendor :STMicroelectronics PDM2PCM 3.2.0
2025-09-29 14:32:52,531 [INFO] ThirdParty:787 - exiting critical section [change project]
2025-09-29 14:32:52,807 [INFO] PinOutPanel:1463 - setPackage(No Configuration,No Configuration)
2025-09-29 14:32:52,812 [INFO] PinOutPanel:1463 - setPackage(STM32F103C6Ux,UFQFPN48)
2025-09-29 14:32:53,391 [INFO] UtilMem:74 - Before build in PCC Used Memory: 904490440 Bytes (1073741824)
2025-09-29 14:32:54,297 [INFO] UtilMem:74 - After build in PCC Used Memory: 901629296 Bytes (1073741824)
2025-09-29 14:32:54,315 [INFO] IPUIPlugin:74 - create IPUIPlugin
2025-09-29 14:32:54,315 [INFO] IPUIPlugin:74 - create IPUIPlugin
2025-09-29 14:32:54,315 [INFO] IPUIPlugin:74 - create IPUIPlugin
2025-09-29 14:32:54,315 [INFO] IPUIPlugin:74 - create IPUIPlugin
2025-09-29 14:32:54,315 [INFO] IPUIPlugin:74 - create IPUIPlugin
2025-09-29 14:32:54,315 [INFO] IPUIPlugin:74 - create IPUIPlugin
2025-09-29 14:32:54,315 [INFO] IPUIPlugin:74 - create IPUIPlugin
2025-09-29 14:32:54,315 [INFO] IPUIPlugin:74 - create IPUIPlugin
2025-09-29 14:32:54,315 [INFO] IPUIPlugin:74 - create IPUIPlugin
2025-09-29 14:32:54,315 [INFO] IPUIPlugin:74 - create IPUIPlugin
2025-09-29 14:32:54,315 [INFO] IPUIPlugin:74 - create IPUIPlugin
2025-09-29 14:32:54,341 [INFO] IPUIPlugin:74 - create IPUIPlugin
2025-09-29 14:32:54,341 [INFO] IPUIPlugin:74 - create IPUIPlugin
2025-09-29 14:32:54,341 [INFO] IPUIPlugin:74 - create IPUIPlugin
2025-09-29 14:32:54,341 [INFO] IPUIPlugin:74 - create IPUIPlugin
2025-09-29 14:32:54,341 [INFO] IPUIPlugin:74 - create IPUIPlugin
2025-09-29 14:32:54,341 [INFO] IPUIPlugin:74 - create IPUIPlugin
2025-09-29 14:32:54,343 [INFO] IPUIPlugin:74 - create IPUIPlugin
2025-09-29 14:32:54,343 [INFO] IPUIPlugin:74 - create IPUIPlugin
2025-09-29 14:32:54,343 [INFO] IPUIPlugin:74 - create IPUIPlugin
2025-09-29 14:32:54,343 [INFO] IPUIPlugin:74 - create IPUIPlugin
2025-09-29 14:32:54,345 [INFO] IPUIPlugin:74 - create IPUIPlugin
2025-09-29 14:32:54,345 [INFO] IPUIPlugin:74 - create IPUIPlugin
2025-09-29 14:32:54,519 [INFO] OpenFileManager:333 - Restore cursor
2025-09-29 14:32:54,847 [INFO] UtilMem:74 - End SaveConfig() Used Memory: 926939832 Bytes (1073741824)
2025-09-29 14:32:54,884 [INFO] UtilMem:74 - End SaveConfig() Used Memory: 937951928 Bytes (1073741824)
2025-09-29 14:32:55,289 [INFO] BlockDiagram:2740 - set Specific Code input for plugin: NVIC
2025-09-29 14:32:55,289 [INFO] BlockDiagram:2740 - set Specific Code input for plugin: SYS
2025-09-29 14:32:55,291 [INFO] BlockDiagram:2740 - set Specific Code input for plugin: GPIO
2025-09-29 14:32:55,291 [INFO] BlockDiagram:2740 - set Specific Code input for plugin: RCC
2025-09-29 14:32:55,291 [INFO] BlockDiagram:2740 - set Specific Code input for plugin: TIM1_8F1
2025-09-29 14:32:55,291 [INFO] CodeGenerator:663 - code generatio: config db path: C:\ST\STM32CubeIDE_1.7.0\STM32CubeIDE\plugins\com.st.stm32cube.common.mx_6.3.0.202107141111\\db\
2025-09-29 14:32:55,732 [INFO] CodeEngine:239 - oldGeneratedFile, D:\ADUY\251\VXL_VDK\MCU_Lab2\Lab2\MXTmpFiles\license.tmp_save
2025-09-29 14:32:56,198 [INFO] CodeEngine:257 - Generated code: D:\ADUY\251\VXL_VDK\MCU_Lab2\Lab2\MXTmpFiles\license.tmp
2025-09-29 14:32:56,431 [INFO] CodeEngine:239 - oldGeneratedFile, D:\ADUY\251\VXL_VDK\MCU_Lab2\Lab2\MXTmpFiles\gpio.tmp_save
2025-09-29 14:32:56,546 [INFO] CodeEngine:257 - Generated code: D:\ADUY\251\VXL_VDK\MCU_Lab2\Lab2\MXTmpFiles\gpio.tmp
2025-09-29 14:32:56,816 [INFO] CodeEngine:239 - oldGeneratedFile, D:\ADUY\251\VXL_VDK\MCU_Lab2\Lab2\Core\Src\stm32f1xx_it.c_save
2025-09-29 14:32:56,975 [INFO] CodeEngine:257 - Generated code: D:\ADUY\251\VXL_VDK\MCU_Lab2\Lab2\Core\Src\stm32f1xx_it.c
2025-09-29 14:32:56,985 [INFO] CodeEngine:239 - oldGeneratedFile, D:\ADUY\251\VXL_VDK\MCU_Lab2\Lab2\Core\Inc\stm32f1xx_it.h_save
2025-09-29 14:32:57,081 [INFO] CodeEngine:257 - Generated code: D:\ADUY\251\VXL_VDK\MCU_Lab2\Lab2\Core\Inc\stm32f1xx_it.h
2025-09-29 14:32:57,130 [INFO] CodeEngine:239 - oldGeneratedFile, D:\ADUY\251\VXL_VDK\MCU_Lab2\Lab2\Core\Src\stm32f1xx_hal_msp.c_save
2025-09-29 14:32:57,339 [INFO] CodeEngine:257 - Generated code: D:\ADUY\251\VXL_VDK\MCU_Lab2\Lab2\Core\Src\stm32f1xx_hal_msp.c
2025-09-29 14:32:57,383 [INFO] CodeEngine:239 - oldGeneratedFile, D:\ADUY\251\VXL_VDK\MCU_Lab2\Lab2\MXTmpFiles\system.tmp_save
2025-09-29 14:32:57,505 [INFO] CodeEngine:257 - Generated code: D:\ADUY\251\VXL_VDK\MCU_Lab2\Lab2\MXTmpFiles\system.tmp
2025-09-29 14:32:57,538 [INFO] CodeEngine:239 - oldGeneratedFile, D:\ADUY\251\VXL_VDK\MCU_Lab2\Lab2\Core\Inc\stm32f1xx_hal_conf.h_save
2025-09-29 14:32:57,683 [INFO] CodeEngine:257 - Generated code: D:\ADUY\251\VXL_VDK\MCU_Lab2\Lab2\Core\Inc\stm32f1xx_hal_conf.h
2025-09-29 14:32:57,735 [WARN] IPConfigManager:3148 - IP not found : TIM
2025-09-29 14:32:57,735 [WARN] CodeGenerator:3268 - IP not found : null
2025-09-29 14:32:57,752 [INFO] CodeEngine:239 - oldGeneratedFile, D:\ADUY\251\VXL_VDK\MCU_Lab2\Lab2\Core\Inc\main.h_save
2025-09-29 14:32:57,894 [INFO] CodeEngine:257 - Generated code: D:\ADUY\251\VXL_VDK\MCU_Lab2\Lab2\Core\Inc\main.h
2025-09-29 14:32:57,926 [INFO] CodeEngine:239 - oldGeneratedFile, D:\ADUY\251\VXL_VDK\MCU_Lab2\Lab2\Core\Src\main.c_save
2025-09-29 14:32:58,100 [INFO] CodeEngine:257 - Generated code: D:\ADUY\251\VXL_VDK\MCU_Lab2\Lab2\Core\Src\main.c
2025-09-29 14:32:59,237 [INFO] ProjectBuilder:2578 - Time for Copy HAL[1] : 93mS.
2025-09-29 14:32:59,245 [INFO] ProjectBuilder:3622 - Project Generator version: 3.14.1
2025-09-29 14:32:59,692 [INFO] ConfigFileManager:1271 - The Die is : DIE412
2025-09-29 14:32:59,739 [INFO] ApiDbMcu:468 - Load IP Config File for FATFS
2025-09-29 14:32:59,798 [INFO] ApiDbMcu:468 - Load IP Config File for FREERTOS
2025-09-29 14:32:59,850 [INFO] ApiDbMcu:468 - Load IP Config File for USB_DEVICE
2025-09-29 14:33:09,651 [INFO] ProjectBuilder:3789 - Time for Generating toolchain IDE Files: 10406mS.
2025-09-29 14:33:09,651 [INFO] ProjectBuilder:2457 - Time for Copy CMSIS : 0mS.
2025-09-29 14:33:09,651 [INFO] ProjectBuilder:2457 - Time for Copy CMSIS : 0mS.
2025-09-29 14:33:10,442 [INFO] McuFinderGlobals:52 - Set McuFinderConnectedMode to true
2025-09-29 14:33:10,458 [INFO] ApiDb:276 - Save user favorites file C:\Users\ANH DUY/.stm32cubeide/favorites.mcus.txt: 0 item(s)
2025-09-29 14:33:10,458 [INFO] ApiDb:280 - User favorites MCUs=[]
2025-09-29 14:34:22,089 [INFO] UtilMem:74 - End SaveConfig() Used Memory: 898207448 Bytes (1073741824)
2025-09-29 14:34:22,366 [INFO] BlockDiagram:2740 - set Specific Code input for plugin: NVIC
2025-09-29 14:34:22,366 [INFO] BlockDiagram:2740 - set Specific Code input for plugin: SYS
2025-09-29 14:34:22,366 [INFO] BlockDiagram:2740 - set Specific Code input for plugin: GPIO
2025-09-29 14:34:22,366 [INFO] BlockDiagram:2740 - set Specific Code input for plugin: RCC
2025-09-29 14:34:22,366 [INFO] BlockDiagram:2740 - set Specific Code input for plugin: TIM1_8F1
2025-09-29 14:34:22,366 [INFO] CodeGenerator:663 - code generatio: config db path: C:\ST\STM32CubeIDE_1.7.0\STM32CubeIDE\plugins\com.st.stm32cube.common.mx_6.3.0.202107141111\\db\
2025-09-29 14:34:22,693 [INFO] CodeEngine:239 - oldGeneratedFile, D:\ADUY\251\VXL_VDK\MCU_Lab2\Lab2\MXTmpFiles\license.tmp_save
2025-09-29 14:34:22,761 [INFO] CodeEngine:257 - Generated code: D:\ADUY\251\VXL_VDK\MCU_Lab2\Lab2\MXTmpFiles\license.tmp
2025-09-29 14:34:22,787 [INFO] CodeEngine:239 - oldGeneratedFile, D:\ADUY\251\VXL_VDK\MCU_Lab2\Lab2\MXTmpFiles\gpio.tmp_save
2025-09-29 14:34:22,856 [INFO] CodeEngine:257 - Generated code: D:\ADUY\251\VXL_VDK\MCU_Lab2\Lab2\MXTmpFiles\gpio.tmp
2025-09-29 14:34:22,939 [INFO] CodeEngine:239 - oldGeneratedFile, D:\ADUY\251\VXL_VDK\MCU_Lab2\Lab2\Core\Src\stm32f1xx_it.c_save
2025-09-29 14:34:23,062 [INFO] CodeEngine:257 - Generated code: D:\ADUY\251\VXL_VDK\MCU_Lab2\Lab2\Core\Src\stm32f1xx_it.c
2025-09-29 14:34:23,080 [INFO] CodeEngine:239 - oldGeneratedFile, D:\ADUY\251\VXL_VDK\MCU_Lab2\Lab2\Core\Inc\stm32f1xx_it.h_save
2025-09-29 14:34:23,157 [INFO] CodeEngine:257 - Generated code: D:\ADUY\251\VXL_VDK\MCU_Lab2\Lab2\Core\Inc\stm32f1xx_it.h
2025-09-29 14:34:23,187 [INFO] CodeEngine:239 - oldGeneratedFile, D:\ADUY\251\VXL_VDK\MCU_Lab2\Lab2\Core\Src\stm32f1xx_hal_msp.c_save
2025-09-29 14:34:23,301 [INFO] CodeEngine:257 - Generated code: D:\ADUY\251\VXL_VDK\MCU_Lab2\Lab2\Core\Src\stm32f1xx_hal_msp.c
2025-09-29 14:34:23,301 [INFO] CodeEngine:239 - oldGeneratedFile, D:\ADUY\251\VXL_VDK\MCU_Lab2\Lab2\MXTmpFiles\system.tmp_save
2025-09-29 14:34:23,379 [INFO] CodeEngine:257 - Generated code: D:\ADUY\251\VXL_VDK\MCU_Lab2\Lab2\MXTmpFiles\system.tmp
2025-09-29 14:34:23,410 [INFO] CodeEngine:239 - oldGeneratedFile, D:\ADUY\251\VXL_VDK\MCU_Lab2\Lab2\Core\Inc\stm32f1xx_hal_conf.h_save
2025-09-29 14:34:23,566 [INFO] CodeEngine:257 - Generated code: D:\ADUY\251\VXL_VDK\MCU_Lab2\Lab2\Core\Inc\stm32f1xx_hal_conf.h
2025-09-29 14:34:23,583 [WARN] IPConfigManager:3148 - IP not found : TIM
2025-09-29 14:34:23,583 [WARN] CodeGenerator:3268 - IP not found : null
2025-09-29 14:34:23,617 [INFO] CodeEngine:239 - oldGeneratedFile, D:\ADUY\251\VXL_VDK\MCU_Lab2\Lab2\Core\Inc\main.h_save
2025-09-29 14:34:23,727 [INFO] CodeEngine:257 - Generated code: D:\ADUY\251\VXL_VDK\MCU_Lab2\Lab2\Core\Inc\main.h
2025-09-29 14:34:23,757 [INFO] CodeEngine:239 - oldGeneratedFile, D:\ADUY\251\VXL_VDK\MCU_Lab2\Lab2\Core\Src\main.c_save
2025-09-29 14:34:23,949 [INFO] CodeEngine:257 - Generated code: D:\ADUY\251\VXL_VDK\MCU_Lab2\Lab2\Core\Src\main.c
2025-09-29 14:34:24,779 [INFO] ProjectBuilder:2578 - Time for Copy HAL[1] : 72mS.
2025-09-29 14:34:24,781 [INFO] ProjectBuilder:3622 - Project Generator version: 3.14.1
2025-09-29 14:34:25,487 [INFO] ConfigFileManager:1271 - The Die is : DIE412
2025-09-29 14:34:28,163 [INFO] ProjectBuilder:3789 - Time for Generating toolchain IDE Files: 3382mS.
2025-09-29 14:34:28,165 [INFO] ProjectBuilder:2457 - Time for Copy CMSIS : 0mS.
2025-09-29 14:34:28,166 [INFO] ProjectBuilder:2457 - Time for Copy CMSIS : 0mS.
2025-09-29 23:46:25,743 [INFO] Activator:177 - 


2025-09-29 23:46:25,743 [INFO] Activator:178 - !SESSION log4j initialized
2025-09-29 23:48:36,476 [INFO] McuFinderGlobals:39 - Set McuFinder mode to 2 (CubeIDE integrated)
2025-09-29 23:48:38,312 [INFO] ApplicationProperties:181 - Using Application install path: C:\ST\STM32CubeIDE_1.7.0\STM32CubeIDE\plugins\com.st.stm32cube.common.mx_6.3.0.202107141111
2025-09-29 23:48:38,312 [INFO] DbMcusXml:74 - Set database path to: C:\ST\STM32CubeIDE_1.7.0\STM32CubeIDE\plugins\com.st.stm32cube.common.mx_6.3.0.202107141111\\db\/mcu/
2025-09-29 23:48:38,312 [INFO] DbBoardsPdsc:56 - Set plugin database path to: C:\ST\STM32CubeIDE_1.7.0\STM32CubeIDE\plugins\com.st.stm32cube.common.mx_6.3.0.202107141111\\db\/plugins/boardmanager/
2025-09-29 23:48:38,312 [INFO] DbMcus:258 - Set plugin images path to: C:\ST\STM32CubeIDE_1.7.0\STM32CubeIDE\plugins\com.st.stm32cube.common.mx_6.3.0.202107141111\\db\/plugins/mcufinder/images/
2025-09-29 23:48:38,312 [INFO] DbBoards:264 - Set plugin images path to: C:\ST\STM32CubeIDE_1.7.0\STM32CubeIDE\plugins\com.st.stm32cube.common.mx_6.3.0.202107141111\\db\/plugins/mcufinder/images/
2025-09-29 23:48:38,328 [INFO] DbExamples:333 - Set plugin images path to: C:\ST\STM32CubeIDE_1.7.0\STM32CubeIDE\plugins\com.st.stm32cube.common.mx_6.3.0.202107141111\\db\/plugins/mcufinder/images/
2025-09-29 23:48:38,328 [INFO] DbMcusAds:119 - Set database path to: C:\Users\ANH DUY\.stmcufinder\plugins\mcufinder//mcu/
2025-09-29 23:48:38,328 [INFO] DbMcusDocs:110 - Set database path to: C:\Users\ANH DUY\.stmcufinder\plugins\mcufinder//mcu/
2025-09-29 23:48:38,328 [INFO] DbMcusJson:64 - Set database path to: C:\Users\ANH DUY\.stmcufinder\plugins\mcufinder//mcu/
2025-09-29 23:48:38,328 [INFO] DbBoardsDocs:110 - Set database path to: C:\Users\ANH DUY\.stmcufinder\plugins\mcufinder//mcu/
2025-09-29 23:48:38,328 [INFO] DbBoardsJson:57 - Set database path to: C:\Users\ANH DUY\.stmcufinder\plugins\mcufinder//mcu/
2025-09-29 23:48:38,338 [INFO] CrossReferenceDbSqlite:196 - Set database path to: C:\Users\ANH DUY\.stmcufinder\plugins\mcufinder//mcu/cs/
2025-09-29 23:48:38,338 [INFO] DbExamplesSqlite:767 - Set database path to: C:\Users\ANH DUY\.stmcufinder\plugins\mcufinder//mcu/
2025-09-29 23:48:38,420 [INFO] RulesReader:57 - Compatibility file has been processed (242 Rules)
2025-09-29 23:48:38,772 [INFO] DbMcusXml:74 - Set database path to: C:\ST\STM32CubeIDE_1.7.0\STM32CubeIDE\plugins\com.st.stm32cube.common.mx_6.3.0.202107141111\\db\/mcu/
2025-09-29 23:48:38,772 [INFO] DbBoardsPdsc:56 - Set plugin database path to: C:\ST\STM32CubeIDE_1.7.0\STM32CubeIDE\plugins\com.st.stm32cube.common.mx_6.3.0.202107141111\\db\/plugins/boardmanager/
2025-09-29 23:48:38,772 [INFO] DbMcus:258 - Set plugin images path to: C:\ST\STM32CubeIDE_1.7.0\STM32CubeIDE\plugins\com.st.stm32cube.common.mx_6.3.0.202107141111\\db\/plugins/mcufinder/images/
2025-09-29 23:48:38,772 [INFO] DbBoards:264 - Set plugin images path to: C:\ST\STM32CubeIDE_1.7.0\STM32CubeIDE\plugins\com.st.stm32cube.common.mx_6.3.0.202107141111\\db\/plugins/mcufinder/images/
2025-09-29 23:48:38,772 [INFO] DbExamples:333 - Set plugin images path to: C:\ST\STM32CubeIDE_1.7.0\STM32CubeIDE\plugins\com.st.stm32cube.common.mx_6.3.0.202107141111\\db\/plugins/mcufinder/images/
2025-09-29 23:48:38,772 [WARN] DbFile:35 - Overriding database path with different value: C:\Users\ANH DUY\.stmcufinder\plugins\mcufinder/ => C:\Users\ANH DUY\.stmcufinder\plugins\mcufinder
2025-09-29 23:48:38,772 [INFO] DbMcusAds:119 - Set database path to: C:\Users\ANH DUY\.stmcufinder\plugins\mcufinder//mcu/
2025-09-29 23:48:38,772 [WARN] DbFile:35 - Overriding database path with different value: C:\Users\ANH DUY\.stmcufinder\plugins\mcufinder/ => C:\Users\ANH DUY\.stmcufinder\plugins\mcufinder
2025-09-29 23:48:38,772 [INFO] DbMcusDocs:110 - Set database path to: C:\Users\ANH DUY\.stmcufinder\plugins\mcufinder//mcu/
2025-09-29 23:48:38,772 [WARN] DbFile:35 - Overriding database path with different value: C:\Users\ANH DUY\.stmcufinder\plugins\mcufinder/ => C:\Users\ANH DUY\.stmcufinder\plugins\mcufinder
2025-09-29 23:48:38,772 [INFO] DbMcusJson:64 - Set database path to: C:\Users\ANH DUY\.stmcufinder\plugins\mcufinder//mcu/
2025-09-29 23:48:38,772 [WARN] DbFile:35 - Overriding database path with different value: C:\Users\ANH DUY\.stmcufinder\plugins\mcufinder/ => C:\Users\ANH DUY\.stmcufinder\plugins\mcufinder
2025-09-29 23:48:38,772 [INFO] DbBoardsDocs:110 - Set database path to: C:\Users\ANH DUY\.stmcufinder\plugins\mcufinder//mcu/
2025-09-29 23:48:38,772 [WARN] DbFile:35 - Overriding database path with different value: C:\Users\ANH DUY\.stmcufinder\plugins\mcufinder/ => C:\Users\ANH DUY\.stmcufinder\plugins\mcufinder
2025-09-29 23:48:38,772 [INFO] DbBoardsJson:57 - Set database path to: C:\Users\ANH DUY\.stmcufinder\plugins\mcufinder//mcu/
2025-09-29 23:48:38,772 [WARN] DbFile:35 - Overriding database path with different value: C:\Users\ANH DUY\.stmcufinder\plugins\mcufinder/ => C:\Users\ANH DUY\.stmcufinder\plugins\mcufinder
2025-09-29 23:48:38,772 [WARN] DbFile:35 - Overriding database path with different value: C:\Users\ANH DUY\.stmcufinder\plugins\mcufinder/ => C:\Users\ANH DUY\.stmcufinder\plugins\mcufinder
2025-09-29 23:48:38,772 [INFO] CrossReferenceDbSqlite:196 - Set database path to: C:\Users\ANH DUY\.stmcufinder\plugins\mcufinder//mcu/cs/
2025-09-29 23:48:38,772 [WARN] DbFile:35 - Overriding database path with different value: C:\Users\ANH DUY\.stmcufinder\plugins\mcufinder/ => C:\Users\ANH DUY\.stmcufinder\plugins\mcufinder
2025-09-29 23:48:38,772 [INFO] DbExamplesSqlite:767 - Set database path to: C:\Users\ANH DUY\.stmcufinder\plugins\mcufinder//mcu/
2025-09-29 23:48:38,814 [INFO] MainPanel:214 - HeapMemory: 708837376
2025-09-29 23:48:38,873 [INFO] DbMcusXml:74 - Set database path to: C:\ST\STM32CubeIDE_1.7.0\STM32CubeIDE\plugins\com.st.stm32cube.common.mx_6.3.0.202107141111\\db\/mcu/
2025-09-29 23:48:38,873 [INFO] DbBoardsPdsc:56 - Set plugin database path to: C:\ST\STM32CubeIDE_1.7.0\STM32CubeIDE\plugins\com.st.stm32cube.common.mx_6.3.0.202107141111\\db\/plugins/boardmanager/
2025-09-29 23:48:38,873 [INFO] DbMcus:258 - Set plugin images path to: C:\ST\STM32CubeIDE_1.7.0\STM32CubeIDE\plugins\com.st.stm32cube.common.mx_6.3.0.202107141111\\db\/plugins/mcufinder/images/
2025-09-29 23:48:38,873 [INFO] DbBoards:264 - Set plugin images path to: C:\ST\STM32CubeIDE_1.7.0\STM32CubeIDE\plugins\com.st.stm32cube.common.mx_6.3.0.202107141111\\db\/plugins/mcufinder/images/
2025-09-29 23:48:38,874 [INFO] DbExamples:333 - Set plugin images path to: C:\ST\STM32CubeIDE_1.7.0\STM32CubeIDE\plugins\com.st.stm32cube.common.mx_6.3.0.202107141111\\db\/plugins/mcufinder/images/
2025-09-29 23:48:38,874 [WARN] DbFile:35 - Overriding database path with different value: C:\Users\ANH DUY\.stmcufinder\plugins\mcufinder/ => C:\Users\ANH DUY\.stmcufinder\plugins\mcufinder
2025-09-29 23:48:38,874 [INFO] DbMcusAds:119 - Set database path to: C:\Users\ANH DUY\.stmcufinder\plugins\mcufinder//mcu/
2025-09-29 23:48:38,874 [WARN] DbFile:35 - Overriding database path with different value: C:\Users\ANH DUY\.stmcufinder\plugins\mcufinder/ => C:\Users\ANH DUY\.stmcufinder\plugins\mcufinder
2025-09-29 23:48:38,874 [INFO] DbMcusDocs:110 - Set database path to: C:\Users\ANH DUY\.stmcufinder\plugins\mcufinder//mcu/
2025-09-29 23:48:38,874 [WARN] DbFile:35 - Overriding database path with different value: C:\Users\ANH DUY\.stmcufinder\plugins\mcufinder/ => C:\Users\ANH DUY\.stmcufinder\plugins\mcufinder
2025-09-29 23:48:38,874 [INFO] DbMcusJson:64 - Set database path to: C:\Users\ANH DUY\.stmcufinder\plugins\mcufinder//mcu/
2025-09-29 23:48:38,874 [WARN] DbFile:35 - Overriding database path with different value: C:\Users\ANH DUY\.stmcufinder\plugins\mcufinder/ => C:\Users\ANH DUY\.stmcufinder\plugins\mcufinder
2025-09-29 23:48:38,874 [INFO] DbBoardsDocs:110 - Set database path to: C:\Users\ANH DUY\.stmcufinder\plugins\mcufinder//mcu/
2025-09-29 23:48:38,874 [WARN] DbFile:35 - Overriding database path with different value: C:\Users\ANH DUY\.stmcufinder\plugins\mcufinder/ => C:\Users\ANH DUY\.stmcufinder\plugins\mcufinder
2025-09-29 23:48:38,874 [INFO] DbBoardsJson:57 - Set database path to: C:\Users\ANH DUY\.stmcufinder\plugins\mcufinder//mcu/
2025-09-29 23:48:38,874 [WARN] DbFile:35 - Overriding database path with different value: C:\Users\ANH DUY\.stmcufinder\plugins\mcufinder/ => C:\Users\ANH DUY\.stmcufinder\plugins\mcufinder
2025-09-29 23:48:38,874 [WARN] DbFile:35 - Overriding database path with different value: C:\Users\ANH DUY\.stmcufinder\plugins\mcufinder/ => C:\Users\ANH DUY\.stmcufinder\plugins\mcufinder
2025-09-29 23:48:38,874 [INFO] CrossReferenceDbSqlite:196 - Set database path to: C:\Users\ANH DUY\.stmcufinder\plugins\mcufinder//mcu/cs/
2025-09-29 23:48:38,874 [WARN] DbFile:35 - Overriding database path with different value: C:\Users\ANH DUY\.stmcufinder\plugins\mcufinder/ => C:\Users\ANH DUY\.stmcufinder\plugins\mcufinder
2025-09-29 23:48:38,874 [INFO] DbExamplesSqlite:767 - Set database path to: C:\Users\ANH DUY\.stmcufinder\plugins\mcufinder//mcu/
2025-09-29 23:48:38,891 [INFO] ApplicationProperties:181 - Using Application install path: C:\ST\STM32CubeIDE_1.7.0\STM32CubeIDE\plugins\com.st.stm32cube.common.mx_6.3.0.202107141111
2025-09-29 23:48:38,893 [INFO] PluginManage:188 - Search for loadable plugins [exclusion list=, ]
2025-09-29 23:48:38,895 [INFO] PluginManage:302 - Check plugin analytics
2025-09-29 23:48:39,001 [INFO] AnalyticsPlugin:257 - Accepted Software Licenses: 
2025-09-29 23:48:39,001 [INFO] AnalyticsPlugin:259 - Accepted CMSIS Pack Licenses: 
2025-09-29 23:48:39,001 [INFO] AnalyticsPlugin:261 - Accepted Firmware Licenses: 
2025-09-29 23:48:39,001 [INFO] PluginManage:352 - Loaded plugin analytics (category:tool,tabindex:-1)
2025-09-29 23:48:39,001 [INFO] PluginManage:302 - Check plugin clock
2025-09-29 23:48:39,014 [INFO] PluginManage:352 - Loaded plugin clock (category:base,tabindex:2)
2025-09-29 23:48:39,014 [INFO] PluginManage:302 - Check plugin ddr
2025-09-29 23:48:39,017 [INFO] PluginManage:352 - Loaded plugin ddr (category:tool,tabindex:6)
2025-09-29 23:48:39,017 [INFO] PluginManage:302 - Check plugin filemanager
2025-09-29 23:48:39,101 [INFO] PluginManage:352 - Loaded plugin filemanager (category:base,tabindex:10)
2025-09-29 23:48:39,101 [INFO] PluginManage:302 - Check plugin ipmanager
2025-09-29 23:48:39,110 [INFO] PluginManage:352 - Loaded plugin ipmanager (category:base,tabindex:5)
2025-09-29 23:48:39,110 [INFO] PluginManage:302 - Check plugin pinoutandconfiguration
2025-09-29 23:48:39,111 [INFO] PluginManage:352 - Loaded plugin pinoutandconfiguration (category:base,tabindex:1)
2025-09-29 23:48:39,111 [INFO] PluginManage:302 - Check plugin pinoutconfig
2025-09-29 23:48:39,134 [INFO] PluginManage:352 - Loaded plugin pinoutconfig (category:base,tabindex:0)
2025-09-29 23:48:39,134 [INFO] PluginManage:302 - Check plugin power
2025-09-29 23:48:39,142 [INFO] PluginManage:352 - Loaded plugin power (category:power,tabindex:4)
2025-09-29 23:48:39,142 [INFO] PluginManage:302 - Check plugin projectmanager
2025-09-29 23:48:39,156 [INFO] PluginManage:352 - Loaded plugin projectmanager (category:projectmanager,tabindex:3)
2025-09-29 23:48:39,156 [INFO] PluginManage:302 - Check plugin thirdparty
2025-09-29 23:48:39,235 [WARN] IntegrityCheckThread:78 - waiting for thirdparty lock release [integrity check]
2025-09-29 23:48:39,235 [INFO] PluginManage:352 - Loaded plugin thirdparty (category:base,tabindex:-1)
2025-09-29 23:48:39,242 [INFO] IntegrityCheckThread:80 - entering critical section [integrity check]
2025-09-29 23:48:39,242 [INFO] PluginManage:302 - Check plugin tools
2025-09-29 23:48:39,242 [INFO] ThirdPartyUpdaterWithRetryManager:66 - Updater plugin not ready yet. [1/15]
2025-09-29 23:48:39,244 [INFO] PluginManage:352 - Loaded plugin tools (category:base,tabindex:7)
2025-09-29 23:48:39,244 [INFO] PluginManage:302 - Check plugin tutovideos
2025-09-29 23:48:39,400 [INFO] PluginManage:352 - Loaded plugin tutovideos (category:base,tabindex:-1)
2025-09-29 23:48:39,400 [INFO] PluginManage:302 - Check plugin updater
2025-09-29 23:48:39,407 [INFO] PluginManage:352 - Loaded plugin updater (category:base,tabindex:12)
2025-09-29 23:48:39,407 [INFO] PluginManage:275 - PluginManage : Loaded plugins [13]
2025-09-29 23:48:39,586 [INFO] PinOutPanel:1463 - setPackage(No Configuration,No Configuration)
2025-09-29 23:48:39,686 [INFO] IPUIPlugin:74 - create IPUIPlugin
2025-09-29 23:48:39,688 [INFO] PluginManager:213 - loadIPPluginJar : add adc
2025-09-29 23:48:39,690 [INFO] IPUIPlugin:74 - create IPUIPlugin
2025-09-29 23:48:39,690 [INFO] PluginManager:213 - loadIPPluginJar : add aes
2025-09-29 23:48:39,692 [INFO] IPUIPlugin:74 - create IPUIPlugin
2025-09-29 23:48:39,692 [INFO] PluginManager:213 - loadIPPluginJar : add can
2025-09-29 23:48:39,692 [INFO] IPUIPlugin:74 - create IPUIPlugin
2025-09-29 23:48:39,694 [INFO] PluginManager:213 - loadIPPluginJar : add comp
2025-09-29 23:48:39,695 [INFO] IPUIPlugin:74 - create IPUIPlugin
2025-09-29 23:48:39,695 [INFO] PluginManager:213 - loadIPPluginJar : add cryp
2025-09-29 23:48:39,697 [INFO] IPUIPlugin:74 - create IPUIPlugin
2025-09-29 23:48:39,697 [INFO] PluginManager:213 - loadIPPluginJar : add dfsdm
2025-09-29 23:48:39,702 [INFO] IPUIPlugin:74 - create IPUIPlugin
2025-09-29 23:48:39,702 [INFO] PluginManager:213 - loadIPPluginJar : add dma
2025-09-29 23:48:39,704 [INFO] IPUIPlugin:74 - create IPUIPlugin
2025-09-29 23:48:39,704 [INFO] PluginManager:213 - loadIPPluginJar : add dma3
2025-09-29 23:48:39,704 [INFO] IPUIPlugin:74 - create IPUIPlugin
2025-09-29 23:48:39,704 [INFO] PluginManager:213 - loadIPPluginJar : add fatfs
2025-09-29 23:48:39,708 [INFO] IPUIPlugin:74 - create IPUIPlugin
2025-09-29 23:48:39,708 [INFO] PluginManager:213 - loadIPPluginJar : add fmc
2025-09-29 23:48:39,712 [INFO] IPUIPlugin:74 - create IPUIPlugin
2025-09-29 23:48:39,712 [INFO] PluginManager:213 - loadIPPluginJar : add freertos
2025-09-29 23:48:39,714 [INFO] IPUIPlugin:74 - create IPUIPlugin
2025-09-29 23:48:39,714 [INFO] PluginManager:213 - loadIPPluginJar : add genericplugin
2025-09-29 23:48:39,716 [INFO] IPUIPlugin:74 - create IPUIPlugin
2025-09-29 23:48:39,716 [INFO] PluginManager:213 - loadIPPluginJar : add gfxmmu
2025-09-29 23:48:39,723 [INFO] IPUIPlugin:74 - create IPUIPlugin
2025-09-29 23:48:39,723 [INFO] PluginManager:213 - loadIPPluginJar : add gic
2025-09-29 23:48:39,727 [INFO] IPUIPlugin:74 - create IPUIPlugin
2025-09-29 23:48:39,727 [INFO] PluginManager:213 - loadIPPluginJar : add gpio
2025-09-29 23:48:39,728 [INFO] IPUIPlugin:74 - create IPUIPlugin
2025-09-29 23:48:39,728 [INFO] PluginManager:213 - loadIPPluginJar : add gtzc
2025-09-29 23:48:39,730 [INFO] IPUIPlugin:74 - create IPUIPlugin
2025-09-29 23:48:39,730 [INFO] PluginManager:213 - loadIPPluginJar : add hash
2025-09-29 23:48:39,731 [INFO] IPUIPlugin:74 - create IPUIPlugin
2025-09-29 23:48:39,731 [INFO] PluginManager:213 - loadIPPluginJar : add i2c
2025-09-29 23:48:39,733 [INFO] IPUIPlugin:74 - create IPUIPlugin
2025-09-29 23:48:39,733 [INFO] PluginManager:213 - loadIPPluginJar : add i2s
2025-09-29 23:48:39,736 [INFO] IPUIPlugin:74 - create IPUIPlugin
2025-09-29 23:48:39,736 [INFO] PluginManager:213 - loadIPPluginJar : add ipddr
2025-09-29 23:48:39,742 [INFO] IPUIPlugin:74 - create IPUIPlugin
2025-09-29 23:48:39,742 [INFO] PluginManager:213 - loadIPPluginJar : add linkedlist
2025-09-29 23:48:39,744 [INFO] IPUIPlugin:74 - create IPUIPlugin
2025-09-29 23:48:39,744 [INFO] PluginManager:213 - loadIPPluginJar : add lorawan
2025-09-29 23:48:39,744 [INFO] IPUIPlugin:74 - create IPUIPlugin
2025-09-29 23:48:39,745 [INFO] PluginManager:213 - loadIPPluginJar : add ltdc
2025-09-29 23:48:39,748 [INFO] IPUIPlugin:74 - create IPUIPlugin
2025-09-29 23:48:39,748 [INFO] PluginManager:213 - loadIPPluginJar : add mdma
2025-09-29 23:48:39,751 [INFO] IPUIPlugin:74 - create IPUIPlugin
2025-09-29 23:48:39,751 [INFO] PluginManager:213 - loadIPPluginJar : add nvic
2025-09-29 23:48:39,753 [INFO] IPUIPlugin:74 - create IPUIPlugin
2025-09-29 23:48:39,754 [INFO] PluginManager:213 - loadIPPluginJar : add opamp
2025-09-29 23:48:39,756 [INFO] IPUIPlugin:74 - create IPUIPlugin
2025-09-29 23:48:39,756 [INFO] PluginManager:213 - loadIPPluginJar : add openamp
2025-09-29 23:48:39,758 [INFO] IPUIPlugin:74 - create IPUIPlugin
2025-09-29 23:48:39,758 [INFO] PluginManager:213 - loadIPPluginJar : add pdm2pcm
2025-09-29 23:48:39,763 [INFO] IPUIPlugin:74 - create IPUIPlugin
2025-09-29 23:48:39,765 [INFO] PluginManager:213 - loadIPPluginJar : add plateformsettings
2025-09-29 23:48:39,767 [INFO] IPUIPlugin:74 - create IPUIPlugin
2025-09-29 23:48:39,767 [INFO] PluginManager:213 - loadIPPluginJar : add quadspi
2025-09-29 23:48:39,770 [INFO] IPUIPlugin:74 - create IPUIPlugin
2025-09-29 23:48:39,770 [INFO] PluginManager:213 - loadIPPluginJar : add resmgrutility
2025-09-29 23:48:39,773 [INFO] IPUIPlugin:74 - create IPUIPlugin
2025-09-29 23:48:39,773 [INFO] PluginManager:213 - loadIPPluginJar : add sai
2025-09-29 23:48:39,775 [INFO] IPUIPlugin:74 - create IPUIPlugin
2025-09-29 23:48:39,775 [INFO] PluginManager:213 - loadIPPluginJar : add spi
2025-09-29 23:48:39,779 [INFO] IPUIPlugin:74 - create IPUIPlugin
2025-09-29 23:48:39,779 [INFO] PluginManager:213 - loadIPPluginJar : add stm32_wpan
2025-09-29 23:48:39,779 [INFO] IPUIPlugin:74 - create IPUIPlugin
2025-09-29 23:48:39,779 [INFO] PluginManager:213 - loadIPPluginJar : add tim
2025-09-29 23:48:39,779 [INFO] IPUIPlugin:74 - create IPUIPlugin
2025-09-29 23:48:39,779 [INFO] PluginManager:213 - loadIPPluginJar : add touchsensing
2025-09-29 23:48:39,779 [INFO] IPUIPlugin:74 - create IPUIPlugin
2025-09-29 23:48:39,779 [INFO] PluginManager:213 - loadIPPluginJar : add tracer_emb
2025-09-29 23:48:39,779 [INFO] IPUIPlugin:74 - create IPUIPlugin
2025-09-29 23:48:39,779 [INFO] PluginManager:213 - loadIPPluginJar : add ts
2025-09-29 23:48:39,779 [INFO] IPUIPlugin:74 - create IPUIPlugin
2025-09-29 23:48:39,779 [INFO] PluginManager:213 - loadIPPluginJar : add tsc
2025-09-29 23:48:39,779 [INFO] IPUIPlugin:74 - create IPUIPlugin
2025-09-29 23:48:39,779 [INFO] PluginManager:213 - loadIPPluginJar : add ucpd
2025-09-29 23:48:39,779 [INFO] IPUIPlugin:74 - create IPUIPlugin
2025-09-29 23:48:39,779 [INFO] PluginManager:213 - loadIPPluginJar : add usart
2025-09-29 23:48:39,779 [INFO] IPUIPlugin:74 - create IPUIPlugin
2025-09-29 23:48:39,779 [INFO] PluginManager:213 - loadIPPluginJar : add usbx
2025-09-29 23:48:40,088 [FATAL] Updater:294 - Updater called before beeing initialized
2025-09-29 23:48:40,177 [FATAL] Updater:294 - Updater called before beeing initialized
2025-09-29 23:48:40,183 [INFO] DbMcusAds:47 - JSON generation date=Tue Jul 08 15:14:23 ICT 2025 (1751962463524)
2025-09-29 23:48:40,183 [FATAL] Updater:294 - Updater called before beeing initialized
2025-09-29 23:48:40,201 [WARN] DetailPanel:314 - Failed to get advertising image, set to default
2025-09-29 23:48:40,262 [FATAL] Updater:294 - Updater called before beeing initialized
2025-09-29 23:48:40,266 [FATAL] Updater:294 - Updater called before beeing initialized
2025-09-29 23:48:40,267 [FATAL] Updater:294 - Updater called before beeing initialized
2025-09-29 23:48:40,267 [WARN] DetailPanel:314 - Failed to get advertising image, set to default
2025-09-29 23:48:40,268 [FATAL] Updater:294 - Updater called before beeing initialized
2025-09-29 23:48:40,298 [ERROR] Updater:1075 - MainUpdater not yet initialized. External WinMGr cannot be set.
2025-09-29 23:48:40,298 [INFO] Updater:1012 - Updater Version found : 6.3.0
2025-09-29 23:48:40,311 [INFO] ApplicationProperties:181 - Using Application install path: C:\ST\STM32CubeIDE_1.7.0\STM32CubeIDE\plugins\com.st.stm32cube.common.mx_6.3.0.202107141111
2025-09-29 23:48:40,427 [INFO] MainUpdater:2671 - connection check result : 10
2025-09-29 23:48:40,434 [INFO] MainUpdater:265 - Updater Check For Update Now.
2025-09-29 23:48:40,434 [INFO] MicroXplorer:478 - Change Database Version : DB.6.0.30
2025-09-29 23:48:40,597 [INFO] CheckServerUpdateThread:112 - End of CheckServer Thread
2025-09-29 23:48:40,656 [INFO] MainUpdater:2671 - connection check result : 10
2025-09-29 23:48:40,656 [INFO] MainUpdater:2671 - connection check result : 10
2025-09-29 23:48:40,758 [INFO] MicroXplorer:448 - Change Database Path : 
2025-09-29 23:48:40,758 [INFO] MicroXplorer:478 - Change Database Version : DB.6.0.30
2025-09-29 23:48:40,758 [WARN] ThirdParty:813 - waiting for thirdparty lock release [close project]
2025-09-29 23:48:42,343 [ERROR] Engine:463 - C:\Users\ANH DUY\.stm32cubemx\thirdparties\pdsc\STMicroelectronics.FP-SNS-MOTENVWB1.1.4.0.pdsc: PDSC version is not supported
2025-09-29 23:48:42,382 [WARN] PackLoader:238 - Cannot read IP mode file for STMicroelectronics.FP-ATR-ASTRA1.2.0.2
2025-09-29 23:48:42,387 [ERROR] Engine:463 - C:\Users\ANH DUY\.stm32cubemx\thirdparties\pdsc\STMicroelectronics.X-CUBE-SMBUS.2.1.0.pdsc: PDSC version is not supported
2025-09-29 23:48:42,389 [ERROR] Engine:463 - C:\Users\ANH DUY\.stm32cubemx\thirdparties\pdsc\STMicroelectronics.X-CUBE-ST60.1.0.0.pdsc: PDSC version is not supported
2025-09-29 23:48:42,409 [WARN] PackLoader:238 - Cannot read IP mode file for STMicroelectronics.X-CUBE-AZRTOS-F7.1.1.0
2025-09-29 23:48:42,415 [ERROR] Engine:463 - C:\Users\ANH DUY\.stm32cubemx\thirdparties\pdsc\WES.I-CUBE-Cesium.1.4.0.pdsc: PDSC version is not supported
2025-09-29 23:48:42,419 [ERROR] Engine:463 - C:\Users\ANH DUY\.stm32cubemx\thirdparties\pdsc\Infineon.AIROC-Wi-Fi-Bluetooth-STM32.1.7.1.pdsc: PDSC version is not supported
2025-09-29 23:48:42,444 [WARN] PackLoader:238 - Cannot read IP mode file for STMicroelectronics.X-CUBE-AZRTOS-H7.3.4.0
2025-09-29 23:48:42,450 [ERROR] Engine:463 - C:\Users\ANH DUY\.stm32cubemx\thirdparties\pdsc\STMicroelectronics.X-CUBE-DISPLAY.3.0.0.pdsc: PDSC version is not supported
2025-09-29 23:48:42,457 [WARN] PackLoader:238 - Cannot read IP mode file for STMicroelectronics.X-CUBE-NFC10.1.0.0
2025-09-29 23:48:42,459 [ERROR] Engine:463 - C:\Users\ANH DUY\.stm32cubemx\thirdparties\pdsc\emotas.I-CUBE-CANOPEN.1.3.0.pdsc: PDSC version is not supported
2025-09-29 23:48:42,459 [ERROR] Engine:463 - C:\Users\ANH DUY\.stm32cubemx\thirdparties\pdsc\STMicroelectronics.FP-SNS-STBOX1.2.1.0.pdsc: PDSC version is not supported
2025-09-29 23:48:42,459 [ERROR] Engine:463 - C:\Users\ANH DUY\.stm32cubemx\thirdparties\pdsc\STMicroelectronics.FP-SNS-SMARTAG2.1.2.0.pdsc: PDSC version is not supported
2025-09-29 23:48:42,459 [ERROR] Engine:463 - C:\Users\ANH DUY\.stm32cubemx\thirdparties\pdsc\STMicroelectronics.FP-SNS-FLIGHT1.5.1.0.pdsc: PDSC version is not supported
2025-09-29 23:48:42,470 [INFO] LogOutputStream:76 - [STDOUT_REDIRECT] 1 : Invalid condition id : UX_CORESTACK_Condition cause : null
2025-09-29 23:48:42,470 [INFO] LogOutputStream:76 - [STDOUT_REDIRECT] 1 : Invalid condition id : UX_CORESTACK_Condition cause : null
2025-09-29 23:48:42,470 [INFO] LogOutputStream:76 - [STDOUT_REDIRECT] 1 : Invalid condition id : UX_CORESTACK_Condition cause : null
2025-09-29 23:48:42,470 [INFO] LogOutputStream:76 - [STDOUT_REDIRECT] 1 : Invalid condition id : UX_CORESTACK_Condition cause : null
2025-09-29 23:48:42,474 [INFO] LogOutputStream:76 - [STDOUT_REDIRECT] 1 : Invalid condition id : UX_CORESTACK_Condition cause : null
2025-09-29 23:48:42,474 [WARN] PackLoader:238 - Cannot read IP mode file for STMicroelectronics.X-CUBE-AZRTOS-WL.2.0.0
2025-09-29 23:48:42,476 [ERROR] Engine:463 - C:\Users\ANH DUY\.stm32cubemx\thirdparties\pdsc\STMicroelectronics.FP-SNS-MOTENV1.5.0.0.pdsc: PDSC version is not supported
2025-09-29 23:48:42,476 [WARN] PackLoader:238 - Cannot read IP mode file for STMicroelectronics.X-CUBE-BLE2.3.3.0
2025-09-29 23:48:42,498 [WARN] PackLoader:238 - Cannot read IP mode file for STMicroelectronics.X-CUBE-NFC9.1.0.0
2025-09-29 23:48:42,509 [WARN] PackLoader:238 - Cannot read IP mode file for wolfSSL.I-CUBE-wolfSSL.5.8.2
2025-09-29 23:48:42,511 [WARN] PackLoader:238 - Cannot read IP mode file for STMicroelectronics.X-CUBE-BLE1.7.1.0
2025-09-29 23:48:42,517 [WARN] PackLoader:238 - Cannot read IP mode file for wolfSSL.I-CUBE-wolfMQTT.1.19.2
2025-09-29 23:48:42,523 [WARN] PackLoader:238 - Cannot read IP mode file for STMicroelectronics.X-CUBE-EEPRMA1.5.2.0
2025-09-29 23:48:42,536 [WARN] PackLoader:238 - Cannot read IP mode file for STMicroelectronics.X-CUBE-AZRTOS-G0.1.1.0
2025-09-29 23:48:42,541 [WARN] PackLoader:238 - Cannot read IP mode file for STMicroelectronics.X-CUBE-SAFEA1.1.2.2
2025-09-29 23:48:42,546 [WARN] PackLoader:238 - Cannot read IP mode file for STMicroelectronics.X-CUBE-NFC4.3.0.0
2025-09-29 23:48:42,549 [ERROR] Engine:463 - C:\Users\ANH DUY\.stm32cubemx\thirdparties\pdsc\EmbeddedOffice.I-CUBE-FS-RTOS.1.0.1.pdsc: PDSC version is not supported
2025-09-29 23:48:42,553 [WARN] PackLoader:238 - Cannot read IP mode file for STMicroelectronics.X-CUBE-WB05N.2.0.0
2025-09-29 23:48:42,556 [WARN] PackLoader:238 - Cannot read IP mode file for wolfSSL.I-CUBE-wolfTPM.3.8.0
2025-09-29 23:48:42,558 [ERROR] Engine:463 - C:\Users\ANH DUY\.stm32cubemx\thirdparties\pdsc\STMicroelectronics.X-CUBE-TCPP.4.2.0.pdsc: PDSC version is not supported
2025-09-29 23:48:42,559 [ERROR] Engine:463 - C:\Users\ANH DUY\.stm32cubemx\thirdparties\pdsc\RealThread.X-CUBE-RT-Thread_Nano.4.1.1.pdsc: PDSC version is not supported
2025-09-29 23:48:42,561 [WARN] PackLoader:238 - Cannot read IP mode file for STMicroelectronics.FP-ATR-SIGFOX1.3.2.0
2025-09-29 23:48:42,563 [ERROR] Engine:463 - C:\Users\ANH DUY\.stm32cubemx\thirdparties\pdsc\ITTIA_DB.I-CUBE-ITTIADB.8.9.0.pdsc: PDSC version is not supported
2025-09-29 23:48:42,563 [ERROR] Engine:463 - C:\Users\ANH DUY\.stm32cubemx\thirdparties\pdsc\STMicroelectronics.X-CUBE-ST67W61.1.0.0.pdsc: PDSC version is not supported
2025-09-29 23:48:42,565 [WARN] PackLoader:238 - Cannot read IP mode file for STMicroelectronics.X-CUBE-AI.10.2.0
2025-09-29 23:48:42,592 [WARN] PackLoader:238 - Cannot read IP mode file for SEGGER.I-CUBE-embOS.1.3.1
2025-09-29 23:48:42,628 [WARN] PackLoader:238 - Cannot read IP mode file for STMicroelectronics.X-CUBE-ALGOBUILD.1.4.0
2025-09-29 23:48:42,665 [WARN] PackLoader:238 - Cannot read IP mode file for STMicroelectronics.X-CUBE-MEMS1.11.3.0
2025-09-29 23:48:42,801 [WARN] PackLoader:238 - Cannot read IP mode file for STMicroelectronics.X-CUBE-PM33A1.1.0.0
2025-09-29 23:48:42,810 [WARN] PackLoader:238 - Cannot read IP mode file for STMicroelectronics.X-CUBE-AZRTOS-F4.1.1.0
2025-09-29 23:48:42,816 [ERROR] Engine:463 - C:\Users\ANH DUY\.stm32cubemx\thirdparties\pdsc\Avnet-IotConnect.X-CUBE-IoTC-DA16k-PMOD.1.0.0.pdsc: PDSC version is not supported
2025-09-29 23:48:42,818 [WARN] PackLoader:238 - Cannot read IP mode file for STMicroelectronics.X-CUBE-ISPU.2.1.0
2025-09-29 23:48:42,822 [WARN] PackLoader:238 - Cannot read IP mode file for STMicroelectronics.X-CUBE-NFC12.1.0.0
2025-09-29 23:48:42,836 [WARN] PackLoader:238 - Cannot read IP mode file for STMicroelectronics.X-CUBE-AZRTOS-L5.2.0.0
2025-09-29 23:48:42,842 [WARN] PackLoader:238 - Cannot read IP mode file for STMicroelectronics.X-CUBE-NFC6.3.1.0
2025-09-29 23:48:42,846 [ERROR] Engine:463 - C:\Users\ANH DUY\.stm32cubemx\thirdparties\pdsc\STMicroelectronics.X-CUBE-FREERTOS.1.3.1.pdsc: PDSC version is not supported
2025-09-29 23:48:42,848 [ERROR] Engine:463 - C:\Users\ANH DUY\.stm32cubemx\thirdparties\pdsc\STMicroelectronics.FP-SNS-STAIOTCFT.1.0.0.pdsc: PDSC version is not supported
2025-09-29 23:48:42,850 [ERROR] Engine:463 - C:\Users\ANH DUY\.stm32cubemx\thirdparties\pdsc\STMicroelectronics.X-CUBE-DPower.1.3.0.pdsc: PDSC version is not supported
2025-09-29 23:48:42,861 [WARN] ConditionMgr:437 - getConditionDescription Invalid condition id : LAN8742 Phy interface Condition cause : null
2025-09-29 23:48:42,861 [WARN] PackLoader:238 - Cannot read IP mode file for STMicroelectronics.X-CUBE-AZRTOS-L4.2.0.0
2025-09-29 23:48:42,861 [WARN] ConditionMgr:1038 - genDependencies : Invalid condition id : LAN8742 Phy interface Condition cause : null
2025-09-29 23:48:42,861 [WARN] ConditionMgr:1038 - genDependencies : Invalid condition id : LAN8742 Phy interface Condition cause : null
2025-09-29 23:48:42,861 [WARN] ConditionMgr:1038 - genDependencies : Invalid condition id : LAN8742 Phy interface Condition cause : null
2025-09-29 23:48:42,861 [WARN] PackLoader:238 - Cannot read IP mode file for STMicroelectronics.X-CUBE-SFXS2LP1.4.0.0
2025-09-29 23:48:42,861 [ERROR] Engine:463 - C:\Users\ANH DUY\.stm32cubemx\thirdparties\pdsc\STMicroelectronics.X-CUBE-BLEMGR.4.1.0.pdsc: PDSC version is not supported
2025-09-29 23:48:42,880 [WARN] ConditionMgr:437 - getConditionDescription Invalid condition id : UX DEVICE CLASS RTOS Condition cause : null
2025-09-29 23:48:42,880 [WARN] ConditionMgr:437 - getConditionDescription Invalid condition id : UX DEVICE CLASS RTOS Condition cause : null
2025-09-29 23:48:42,882 [WARN] PackLoader:238 - Cannot read IP mode file for STMicroelectronics.X-CUBE-AZRTOS-WB.2.0.0
2025-09-29 23:48:42,882 [WARN] ConditionMgr:1038 - genDependencies : Invalid condition id : UX DEVICE CLASS RTOS Condition cause : null
2025-09-29 23:48:42,882 [WARN] ConditionMgr:1038 - genDependencies : Invalid condition id : UX DEVICE CLASS RTOS Condition cause : null
2025-09-29 23:48:42,882 [WARN] ConditionMgr:1038 - genDependencies : Invalid condition id : UX DEVICE CLASS RTOS Condition cause : null
2025-09-29 23:48:42,882 [WARN] ConditionMgr:1038 - genDependencies : Invalid condition id : UX DEVICE CLASS RTOS Condition cause : null
2025-09-29 23:48:42,882 [WARN] ConditionMgr:1038 - genDependencies : Invalid condition id : UX DEVICE CLASS RTOS Condition cause : null
2025-09-29 23:48:42,887 [WARN] PackLoader:238 - Cannot read IP mode file for STMicroelectronics.X-CUBE-GNSS1.7.0.1
2025-09-29 23:48:42,889 [WARN] PackLoader:238 - Cannot read IP mode file for STMicroelectronics.X-CUBE-TOUCHGFX.4.25.0
2025-09-29 23:48:42,889 [ERROR] Engine:463 - C:\Users\ANH DUY\.stm32cubemx\thirdparties\pdsc\quantropi.X-CUBE-qispace-sdk-base.2.1.0.pdsc: PDSC version is not supported
2025-09-29 23:48:42,897 [WARN] PackLoader:238 - Cannot read IP mode file for STMicroelectronics.X-CUBE-SUBG2.5.0.0
2025-09-29 23:48:42,905 [WARN] PackLoader:238 - Cannot read IP mode file for STMicroelectronics.X-CUBE-AZRTOS-H7RS.1.1.0
2025-09-29 23:48:42,924 [ERROR] Engine:463 - C:\Users\ANH DUY\.stm32cubemx\thirdparties\pdsc\Cesanta.I-CUBE-Mongoose.7.13.0.pdsc: PDSC version is not supported
2025-09-29 23:48:42,939 [WARN] PackLoader:238 - Cannot read IP mode file for STMicroelectronics.X-CUBE-AZRTOS-G4.2.0.0
2025-09-29 23:48:42,941 [WARN] PackLoader:238 - Cannot read IP mode file for wolfSSL.I-CUBE-wolfSSH.1.4.20
2025-09-29 23:48:42,946 [WARN] PackLoader:238 - Cannot read IP mode file for STMicroelectronics.X-CUBE-NFC7.2.0.0
2025-09-29 23:48:42,950 [ERROR] Engine:463 - C:\Users\ANH DUY\.stm32cubemx\thirdparties\pdsc\STMicroelectronics.X-CUBE-IPS.3.1.0.pdsc: PDSC version is not supported
2025-09-29 23:48:42,952 [ERROR] Engine:463 - C:\Users\ANH DUY\.stm32cubemx\thirdparties\pdsc\STMicroelectronics.X-CUBE-ALS.1.0.2.pdsc: PDSC version is not supported
2025-09-29 23:48:42,955 [WARN] PackLoader:238 - Cannot read IP mode file for STMicroelectronics.X-CUBE-STSE01.1.0.0
2025-09-29 23:48:42,959 [ERROR] Engine:463 - C:\Users\ANH DUY\.stm32cubemx\thirdparties\pdsc\STMicroelectronics.X-CUBE-TOF1.3.4.3.pdsc: PDSC version is not supported
2025-09-29 23:48:42,959 [INFO] ThirdParty:915 - Integrity check success = true
2025-09-29 23:48:42,959 [INFO] IntegrityCheckThread:94 - exiting critical section [integrity check]
2025-09-29 23:48:42,959 [INFO] IntegrityCheckThread:97 - End integrity checks thread
2025-09-29 23:48:42,959 [INFO] ThirdParty:815 - entering critical section [close project]
2025-09-29 23:48:42,959 [INFO] ThirdParty:825 - exiting critical section [close project]
2025-09-29 23:48:42,959 [INFO] PinOutPanel:1463 - setPackage(No Configuration,No Configuration)
2025-09-29 23:48:42,959 [INFO] UtilMem:74 - Begin LoadConfig() Used Memory: 729613088 Bytes (749731840)
2025-09-29 23:48:42,968 [INFO] MicroXplorer:448 - Change Database Path : 
2025-09-29 23:48:42,968 [INFO] MicroXplorer:478 - Change Database Version : DB.6.0.30
2025-09-29 23:48:42,968 [INFO] OpenFileManager:313 - Change cursor
2025-09-29 23:48:43,612 [INFO] Context:592 - Trying to add GPIOservice into a context  which must be forbidden
2025-09-29 23:48:43,762 [WARN] ApiManager:304 - Cannot register API 'Board Extension:PM33A1' from pack STMicroelectronics.X-CUBE-PM33A1.1.0.0: no header file found
2025-09-29 23:48:43,764 [WARN] ApiManager:304 - Cannot register API 'Board Extension:NFC09A1' from pack STMicroelectronics.X-CUBE-NFC9.1.0.0: no header file found
2025-09-29 23:48:43,768 [WARN] ApiManager:304 - Cannot register API 'Wireless:BlueNRG-MS' from pack STMicroelectronics.X-CUBE-BLE1.7.1.0: no header file found
2025-09-29 23:48:43,770 [WARN] ApiManager:304 - Cannot register API 'Board Extension:EEPRMA2' from pack STMicroelectronics.X-CUBE-EEPRMA1.5.2.0: no header file found
2025-09-29 23:48:43,770 [WARN] ApiManager:304 - Cannot register API 'Board Extension:PGEEZ1' from pack STMicroelectronics.X-CUBE-EEPRMA1.5.2.0: no header file found
2025-09-29 23:48:43,770 [WARN] ApiManager:304 - Cannot register API 'Board Extension:EEICA1' from pack STMicroelectronics.X-CUBE-EEPRMA1.5.2.0: no header file found
2025-09-29 23:48:43,770 [WARN] ApiManager:304 - Cannot register API 'Board Part:M24' from pack STMicroelectronics.X-CUBE-EEPRMA1.5.2.0: no header file found
2025-09-29 23:48:43,770 [WARN] ApiManager:304 - Cannot register API 'Board Part:M95' from pack STMicroelectronics.X-CUBE-EEPRMA1.5.2.0: no header file found
2025-09-29 23:48:43,770 [WARN] ApiManager:304 - Cannot register API 'Board Part:M95P32' from pack STMicroelectronics.X-CUBE-EEPRMA1.5.2.0: no header file found
2025-09-29 23:48:43,770 [WARN] ApiManager:304 - Cannot register API 'Board Part:M24256E-F' from pack STMicroelectronics.X-CUBE-EEPRMA1.5.2.0: no header file found
2025-09-29 23:48:43,770 [WARN] ApiManager:304 - Cannot register API 'Board Part:M24M01E-F' from pack STMicroelectronics.X-CUBE-EEPRMA1.5.2.0: no header file found
2025-09-29 23:48:43,770 [WARN] ApiManager:304 - Cannot register API 'PGEEZ1:SPI' from pack STMicroelectronics.X-CUBE-EEPRMA1.5.2.0: no header file found
2025-09-29 23:48:43,770 [WARN] ApiManager:304 - Cannot register API 'PGEEZ1:QDSPI' from pack STMicroelectronics.X-CUBE-EEPRMA1.5.2.0: no header file found
2025-09-29 23:48:43,771 [WARN] ApiManager:304 - Cannot register API 'Board Extension:GNSS1A1' from pack STMicroelectronics.X-CUBE-GNSS1.7.0.1: no header file found
2025-09-29 23:48:43,771 [WARN] ApiManager:304 - Cannot register API 'Board Support:Custom' from pack STMicroelectronics.X-CUBE-GNSS1.7.0.1: no header file found
2025-09-29 23:48:43,771 [WARN] ApiManager:304 - Cannot register API 'Data Exchange:lib_gnss' from pack STMicroelectronics.X-CUBE-GNSS1.7.0.1: no header file found
2025-09-29 23:48:43,772 [WARN] ApiManager:304 - Cannot register API 'Board Extension:NFC12A1' from pack STMicroelectronics.X-CUBE-NFC12.1.0.0: no header file found
2025-09-29 23:48:43,777 [WARN] ApiManager:304 - Cannot register API 'Board Extension:NFC06A1' from pack STMicroelectronics.X-CUBE-NFC6.3.1.0: no header file found
2025-09-29 23:48:43,777 [WARN] ApiManager:304 - Cannot register API 'Board Extension:NFC08A1' from pack STMicroelectronics.X-CUBE-NFC6.3.1.0: no header file found
2025-09-29 23:48:43,778 [INFO] RtosManager:484 - Registered RTOS mode: class=CMSIS, group=RTOS, mode=CMSIS_V1, owner=FREERTOS
2025-09-29 23:48:43,778 [INFO] RtosManager:484 - Registered RTOS mode: class=CMSIS, group=RTOS2, mode=CMSIS_V2, owner=FREERTOS
2025-09-29 23:48:43,779 [INFO] RtosManager:484 - Registered RTOS mode: class=RTOS, group=Core, mode=CMSIS_V1, owner=FREERTOS
2025-09-29 23:48:43,779 [INFO] RtosManager:484 - Registered RTOS mode: class=RTOS, group=Core, mode=CMSIS_V2, owner=FREERTOS
2025-09-29 23:48:43,779 [WARN] ModelIntegratedComponent:181 - Missing modes for component STMicroelectronics:FreeRTOS:0.0.1:STMicroelectronics:RTOS:FreeRTOS:Core:::10.2.0:
2025-09-29 23:48:43,780 [WARN] ApiManager:304 - Cannot register API 'Board Extension:STSAFEA1' from pack STMicroelectronics.X-CUBE-SAFEA1.1.2.2: no header file found
2025-09-29 23:48:43,780 [WARN] ApiManager:304 - Cannot register API 'Board Part:STSAFEA110' from pack STMicroelectronics.X-CUBE-SAFEA1.1.2.2: no header file found
2025-09-29 23:48:43,780 [WARN] ApiManager:304 - Cannot register API 'Security:ST_Cryptolib' from pack STMicroelectronics.X-CUBE-SAFEA1.1.2.2: no header file found
2025-09-29 23:48:43,780 [WARN] ApiManager:304 - Cannot register API 'Security:MbedTLS' from pack STMicroelectronics.X-CUBE-SAFEA1.1.2.2: no header file found
2025-09-29 23:48:43,781 [WARN] ApiManager:304 - Cannot register API 'Board Extension:NFC04A1' from pack STMicroelectronics.X-CUBE-NFC4.3.0.0: no header file found
2025-09-29 23:48:43,783 [WARN] ApiManager:304 - Cannot register API 'Board Extension:S2868A1' from pack STMicroelectronics.X-CUBE-SUBG2.5.0.0: no header file found
2025-09-29 23:48:43,783 [WARN] ApiManager:304 - Cannot register API 'Board Extension:S2868A2' from pack STMicroelectronics.X-CUBE-SUBG2.5.0.0: no header file found
2025-09-29 23:48:43,783 [WARN] ApiManager:304 - Cannot register API 'Board Extension:S2915A1' from pack STMicroelectronics.X-CUBE-SUBG2.5.0.0: no header file found
2025-09-29 23:48:43,785 [WARN] ApiManager:304 - Cannot register API 'Wireless:STM32WB05N' from pack STMicroelectronics.X-CUBE-WB05N.2.0.0: no header file found
2025-09-29 23:48:43,787 [WARN] ApiManager:304 - Cannot register API 'Board Extension:NFC07A1' from pack STMicroelectronics.X-CUBE-NFC7.2.0.0: no header file found
2025-09-29 23:48:43,788 [WARN] ApiManager:304 - Cannot register API 'Board Extension:NFC10A1' from pack STMicroelectronics.X-CUBE-NFC10.1.0.0: no header file found
2025-09-29 23:48:43,789 [WARN] ModelIntegratedComponent:60 - No mode defined for component null
2025-09-29 23:48:43,789 [WARN] ModelIntegratedComponent:60 - No mode defined for component null
2025-09-29 23:48:43,789 [WARN] ModelIntegratedComponent:60 - No mode defined for component null
2025-09-29 23:48:43,789 [WARN] ModelIntegratedComponent:60 - No mode defined for component null
2025-09-29 23:48:43,789 [WARN] ModelIntegratedComponent:60 - No mode defined for component null
2025-09-29 23:48:43,789 [WARN] ModelIntegratedComponent:60 - No mode defined for component null
2025-09-29 23:48:43,789 [WARN] ModelIntegratedComponent:60 - No mode defined for component null
2025-09-29 23:48:43,789 [WARN] ModelIntegratedComponent:60 - No mode defined for component null
2025-09-29 23:48:43,789 [WARN] ModelIntegratedComponent:60 - No mode defined for component null
2025-09-29 23:48:43,789 [WARN] ModelIntegratedComponent:60 - No mode defined for component null
2025-09-29 23:48:43,789 [WARN] ModelIntegratedComponent:60 - No mode defined for component null
2025-09-29 23:48:43,789 [WARN] ModelIntegratedComponent:60 - No mode defined for component null
2025-09-29 23:48:43,789 [WARN] ModelIntegratedComponent:60 - No mode defined for component null
2025-09-29 23:48:43,790 [WARN] ModelIntegratedComponent:60 - No mode defined for component null
2025-09-29 23:48:43,790 [WARN] ModelIntegratedComponent:60 - No mode defined for component null
2025-09-29 23:48:43,790 [WARN] ModelIntegratedComponent:60 - No mode defined for component null
2025-09-29 23:48:43,790 [WARN] ModelIntegratedComponent:60 - No mode defined for component null
2025-09-29 23:48:43,790 [WARN] ModelIntegratedComponent:60 - No mode defined for component null
2025-09-29 23:48:43,790 [WARN] ModelIntegratedComponent:60 - No mode defined for component null
2025-09-29 23:48:43,790 [WARN] ModelIntegratedComponent:60 - No mode defined for component null
2025-09-29 23:48:43,790 [WARN] ModelIntegratedComponent:60 - No mode defined for component null
2025-09-29 23:48:43,790 [WARN] ModelIntegratedComponent:60 - No mode defined for component null
2025-09-29 23:48:43,790 [WARN] ModelIntegratedComponent:60 - No mode defined for component null
2025-09-29 23:48:43,790 [WARN] ModelIntegratedComponent:60 - No mode defined for component null
2025-09-29 23:48:43,790 [WARN] ModelIntegratedComponent:60 - No mode defined for component null
2025-09-29 23:48:43,790 [WARN] ModelIntegratedComponent:60 - No mode defined for component null
2025-09-29 23:48:43,790 [WARN] ModelIntegratedComponent:60 - No mode defined for component null
2025-09-29 23:48:43,790 [WARN] ModelIntegratedComponent:60 - No mode defined for component null
2025-09-29 23:48:43,790 [WARN] ModelIntegratedComponent:60 - No mode defined for component null
2025-09-29 23:48:43,790 [WARN] ModelIntegratedComponent:60 - No mode defined for component null
2025-09-29 23:48:43,790 [WARN] ModelIntegratedComponent:60 - No mode defined for component null
2025-09-29 23:48:43,791 [WARN] ApiManager:304 - Cannot register API 'Board Extension:SAFEA1' from pack STMicroelectronics.X-CUBE-STSE01.1.0.0: no header file found
2025-09-29 23:48:43,791 [WARN] ApiManager:304 - Cannot register API 'Board Extension:ESE01A1' from pack STMicroelectronics.X-CUBE-STSE01.1.0.0: no header file found
2025-09-29 23:48:43,791 [WARN] ApiManager:304 - Cannot register API 'Board Part:STSAFEA110' from pack STMicroelectronics.X-CUBE-STSE01.1.0.0: no header file found
2025-09-29 23:48:43,791 [WARN] ApiManager:304 - Cannot register API 'Board Part:STSAFEA120' from pack STMicroelectronics.X-CUBE-STSE01.1.0.0: no header file found
2025-09-29 23:48:43,791 [WARN] ApiManager:304 - Cannot register API 'Security:STM32_Cryptographic' from pack STMicroelectronics.X-CUBE-STSE01.1.0.0: no header file found
2025-09-29 23:48:43,791 [WARN] ApiManager:304 - Cannot register API 'Security:STSELib' from pack STMicroelectronics.X-CUBE-STSE01.1.0.0: no header file found
2025-09-29 23:48:43,950 [WARN] ApiManager:304 - Cannot register API 'Board Extension:IKS01A3' from pack STMicroelectronics.X-CUBE-MEMS1.11.3.0: no header file found
2025-09-29 23:48:43,950 [WARN] ApiManager:304 - Cannot register API 'Board Extension:IKS02A1' from pack STMicroelectronics.X-CUBE-MEMS1.11.3.0: no header file found
2025-09-29 23:48:43,950 [WARN] ApiManager:304 - Cannot register API 'Board Extension:IKS4A1' from pack STMicroelectronics.X-CUBE-MEMS1.11.3.0: no header file found
2025-09-29 23:48:43,956 [WARN] ApiManager:304 - Cannot register API 'Board Extension:S2868A1' from pack STMicroelectronics.X-CUBE-SFXS2LP1.4.0.0: no header file found
2025-09-29 23:48:43,956 [WARN] ApiManager:304 - Cannot register API 'Board Extension:S2868A2' from pack STMicroelectronics.X-CUBE-SFXS2LP1.4.0.0: no header file found
2025-09-29 23:48:43,956 [WARN] ApiManager:304 - Cannot register API 'Board Extension:S2915A1' from pack STMicroelectronics.X-CUBE-SFXS2LP1.4.0.0: no header file found
2025-09-29 23:48:43,956 [WARN] ApiManager:304 - Cannot register API 'Wireless:BlueNRG-2' from pack STMicroelectronics.X-CUBE-BLE2.3.3.0: no header file found
2025-09-29 23:48:45,109 [INFO] UtilMem:74 - End LoadConfig() Used Memory: 697144680 Bytes (822083584)
2025-09-29 23:48:45,109 [INFO] DbMcusXml:100 - Load MCU database from C:\ST\STM32CubeIDE_1.7.0\STM32CubeIDE\plugins\com.st.stm32cube.common.mx_6.3.0.202107141111\\db\/mcu/families.xml
2025-09-29 23:48:45,553 [INFO] DbMcusJson:93 - JSON generation date=Tue Nov 16 23:17:54 ICT 2021 (1637079474)
2025-09-29 23:48:45,935 [INFO] DbMcus:175 - Found 1951 MCUs (1903 are supported by CubeMX, 1914 are visible in CubeMX)
2025-09-29 23:48:45,936 [INFO] ApiDb:251 - Load user favorites file C:\Users\ANH DUY/.stm32cubeide/favorites.mcus.txt: 0 item(s)
2025-09-29 23:48:45,936 [INFO] ApiDb:255 - User favorites MCUs=[]
2025-09-29 23:48:45,936 [INFO] DbMcus:187 - Set 0 / 0 favorites MCUs
2025-09-29 23:48:45,937 [WARN] ThirdParty:779 - waiting for thirdparty lock release [change project]
2025-09-29 23:48:45,938 [INFO] ThirdParty:781 - entering critical section [change project]
2025-09-29 23:48:45,938 [INFO] ThirdParty:967 - CMSIS Pack Vendor :STMicroelectronics X-CUBE-PM33A1 1.0.0
2025-09-29 23:48:45,938 [INFO] ThirdParty:967 - CMSIS Pack Vendor :STMicroelectronics X-CUBE-NFC9 1.0.0
2025-09-29 23:48:45,938 [INFO] ThirdParty:967 - CMSIS Pack Vendor :STMicroelectronics USB_HOST 2.0.0
2025-09-29 23:48:45,938 [INFO] ThirdParty:967 - CMSIS Pack Vendor :STMicroelectronics X-CUBE-AZRTOS-F4 1.1.0
2025-09-29 23:48:45,938 [INFO] ThirdParty:967 - CMSIS Pack Vendor :STMicroelectronics FP-ATR-ASTRA1 2.0.2
2025-09-29 23:48:45,938 [INFO] ThirdParty:967 - CMSIS Pack Vendor :wolfSSL I-CUBE-wolfSSL 5.8.2
2025-09-29 23:48:45,938 [INFO] ThirdParty:967 - CMSIS Pack Vendor :STMicroelectronics X-CUBE-BLE1 7.1.0
2025-09-29 23:48:45,938 [INFO] ThirdParty:967 - CMSIS Pack Vendor :wolfSSL I-CUBE-wolfMQTT 1.19.2
2025-09-29 23:48:45,938 [INFO] ThirdParty:967 - CMSIS Pack Vendor :STMicroelectronics USB_DEVICE 3.0.0
2025-09-29 23:48:45,938 [INFO] ThirdParty:967 - CMSIS Pack Vendor :STMicroelectronics X-CUBE-ISPU 2.1.0
2025-09-29 23:48:45,938 [INFO] ThirdParty:967 - CMSIS Pack Vendor :STMicroelectronics X-CUBE-EEPRMA1 5.2.0
2025-09-29 23:48:45,938 [INFO] ThirdParty:967 - CMSIS Pack Vendor :STMicroelectronics X-CUBE-AZRTOS-WB 2.0.0
2025-09-29 23:48:45,938 [INFO] ThirdParty:967 - CMSIS Pack Vendor :STMicroelectronics X-CUBE-GNSS1 7.0.1
2025-09-29 23:48:45,938 [INFO] ThirdParty:967 - CMSIS Pack Vendor :STMicroelectronics X-CUBE-NFC12 1.0.0
2025-09-29 23:48:45,938 [INFO] ThirdParty:967 - CMSIS Pack Vendor :STMicroelectronics X-CUBE-AZRTOS-F7 1.1.0
2025-09-29 23:48:45,938 [INFO] ThirdParty:967 - CMSIS Pack Vendor :STMicroelectronics X-CUBE-AZRTOS-L5 2.0.0
2025-09-29 23:48:45,938 [INFO] ThirdParty:967 - CMSIS Pack Vendor :STMicroelectronics X-CUBE-TOUCHGFX 4.25.0
2025-09-29 23:48:45,938 [INFO] ThirdParty:967 - CMSIS Pack Vendor :STMicroelectronics USB_DEVICE 2.0.0
2025-09-29 23:48:45,938 [INFO] ThirdParty:967 - CMSIS Pack Vendor :STMicroelectronics X-CUBE-NFC6 3.1.0
2025-09-29 23:48:45,938 [INFO] ThirdParty:967 - CMSIS Pack Vendor :STMicroelectronics FreeRTOS 0.0.1
2025-09-29 23:48:45,938 [INFO] ThirdParty:967 - CMSIS Pack Vendor :STMicroelectronics X-CUBE-AZRTOS-G0 1.1.0
2025-09-29 23:48:45,938 [INFO] ThirdParty:967 - CMSIS Pack Vendor :STMicroelectronics X-CUBE-SAFEA1 1.2.2
2025-09-29 23:48:45,938 [INFO] ThirdParty:967 - CMSIS Pack Vendor :STMicroelectronics X-CUBE-NFC4 3.0.0
2025-09-29 23:48:45,938 [INFO] ThirdParty:967 - CMSIS Pack Vendor :STMicroelectronics X-CUBE-SUBG2 5.0.0
2025-09-29 23:48:45,938 [INFO] ThirdParty:967 - CMSIS Pack Vendor :STMicroelectronics X-CUBE-AZRTOS-H7RS 1.1.0
2025-09-29 23:48:45,938 [INFO] ThirdParty:967 - CMSIS Pack Vendor :STMicroelectronics lwIP 2.0.3
2025-09-29 23:48:45,939 [INFO] ThirdParty:967 - CMSIS Pack Vendor :STMicroelectronics USB_HOST 1.0.0
2025-09-29 23:48:45,939 [INFO] ThirdParty:967 - CMSIS Pack Vendor :STMicroelectronics X-CUBE-AZRTOS-G4 2.0.0
2025-09-29 23:48:45,939 [INFO] ThirdParty:967 - CMSIS Pack Vendor :STMicroelectronics X-CUBE-WB05N 2.0.0
2025-09-29 23:48:45,939 [INFO] ThirdParty:967 - CMSIS Pack Vendor :STMicroelectronics PDM2PCM 3.1.0
2025-09-29 23:48:45,939 [INFO] ThirdParty:967 - CMSIS Pack Vendor :STMicroelectronics PDM2PCM 3.3.0
2025-09-29 23:48:45,939 [INFO] ThirdParty:967 - CMSIS Pack Vendor :wolfSSL I-CUBE-wolfTPM 3.8.0
2025-09-29 23:48:45,939 [INFO] ThirdParty:967 - CMSIS Pack Vendor :STMicroelectronics X-CUBE-AZRTOS-H7 3.4.0
2025-09-29 23:48:45,939 [INFO] ThirdParty:967 - CMSIS Pack Vendor :wolfSSL I-CUBE-wolfSSH 1.4.20
2025-09-29 23:48:45,939 [INFO] ThirdParty:967 - CMSIS Pack Vendor :STMicroelectronics X-CUBE-NFC7 2.0.0
2025-09-29 23:48:45,939 [INFO] ThirdParty:967 - CMSIS Pack Vendor :STMicroelectronics FP-ATR-SIGFOX1 3.2.0
2025-09-29 23:48:45,939 [INFO] ThirdParty:967 - CMSIS Pack Vendor :STMicroelectronics X-CUBE-NFC10 1.0.0
2025-09-29 23:48:45,939 [INFO] ThirdParty:967 - CMSIS Pack Vendor :STMicroelectronics HAL Drivers 0.0.0
2025-09-29 23:48:45,939 [INFO] ThirdParty:967 - CMSIS Pack Vendor :STMicroelectronics MBEDTLS 2.16.2
2025-09-29 23:48:45,939 [INFO] ThirdParty:967 - CMSIS Pack Vendor :STMicroelectronics MBEDTLS 2.14.1
2025-09-29 23:48:45,939 [INFO] ThirdParty:967 - CMSIS Pack Vendor :STMicroelectronics X-CUBE-STSE01 1.0.0
2025-09-29 23:48:45,939 [INFO] ThirdParty:967 - CMSIS Pack Vendor :STMicroelectronics X-CUBE-AI 10.2.0
2025-09-29 23:48:45,939 [INFO] ThirdParty:967 - CMSIS Pack Vendor :STMicroelectronics X-CUBE-AZRTOS-WL 2.0.0
2025-09-29 23:48:45,939 [INFO] ThirdParty:967 - CMSIS Pack Vendor :SEGGER I-CUBE-embOS 1.3.1
2025-09-29 23:48:45,939 [INFO] ThirdParty:967 - CMSIS Pack Vendor :STMicroelectronics X-CUBE-ALGOBUILD 1.4.0
2025-09-29 23:48:45,939 [INFO] ThirdParty:967 - CMSIS Pack Vendor :STMicroelectronics X-CUBE-MEMS1 11.3.0
2025-09-29 23:48:45,939 [INFO] ThirdParty:967 - CMSIS Pack Vendor :STMicroelectronics USB_DEVICE 1.0.0
2025-09-29 23:48:45,939 [INFO] ThirdParty:967 - CMSIS Pack Vendor :STMicroelectronics X-CUBE-AZRTOS-L4 2.0.0
2025-09-29 23:48:45,939 [INFO] ThirdParty:967 - CMSIS Pack Vendor :STMicroelectronics ThreadX 0.0.2
2025-09-29 23:48:45,939 [INFO] ThirdParty:967 - CMSIS Pack Vendor :STMicroelectronics lwIP 2.1.2
2025-09-29 23:48:45,939 [INFO] ThirdParty:967 - CMSIS Pack Vendor :STMicroelectronics X-CUBE-SFXS2LP1 4.0.0
2025-09-29 23:48:45,939 [INFO] ThirdParty:967 - CMSIS Pack Vendor :STMicroelectronics X-CUBE-BLE2 3.3.0
2025-09-29 23:48:45,939 [INFO] ThirdParty:967 - CMSIS Pack Vendor :STMicroelectronics PDM2PCM 3.2.0
2025-09-29 23:48:45,939 [INFO] ThirdParty:787 - exiting critical section [change project]
2025-09-29 23:48:46,170 [INFO] PinOutPanel:1463 - setPackage(No Configuration,No Configuration)
2025-09-29 23:48:46,170 [INFO] PinOutPanel:1463 - setPackage(STM32F103C6Ux,UFQFPN48)
2025-09-29 23:48:46,407 [INFO] UtilMem:74 - Before build in PCC Used Memory: 843280144 Bytes (988807168)
2025-09-29 23:48:46,943 [INFO] UtilMem:74 - After build in PCC Used Memory: 814219408 Bytes (988807168)
2025-09-29 23:48:46,979 [INFO] IPUIPlugin:74 - create IPUIPlugin
2025-09-29 23:48:46,979 [INFO] IPUIPlugin:74 - create IPUIPlugin
2025-09-29 23:48:46,979 [INFO] IPUIPlugin:74 - create IPUIPlugin
2025-09-29 23:48:46,979 [INFO] IPUIPlugin:74 - create IPUIPlugin
2025-09-29 23:48:46,979 [INFO] IPUIPlugin:74 - create IPUIPlugin
2025-09-29 23:48:46,979 [INFO] IPUIPlugin:74 - create IPUIPlugin
2025-09-29 23:48:46,984 [INFO] IPUIPlugin:74 - create IPUIPlugin
2025-09-29 23:48:46,984 [INFO] IPUIPlugin:74 - create IPUIPlugin
2025-09-29 23:48:46,984 [INFO] IPUIPlugin:74 - create IPUIPlugin
2025-09-29 23:48:46,984 [INFO] IPUIPlugin:74 - create IPUIPlugin
2025-09-29 23:48:46,984 [INFO] IPUIPlugin:74 - create IPUIPlugin
2025-09-29 23:48:46,984 [INFO] IPUIPlugin:74 - create IPUIPlugin
2025-09-29 23:48:46,984 [INFO] IPUIPlugin:74 - create IPUIPlugin
2025-09-29 23:48:46,984 [INFO] IPUIPlugin:74 - create IPUIPlugin
2025-09-29 23:48:46,984 [INFO] IPUIPlugin:74 - create IPUIPlugin
2025-09-29 23:48:46,984 [INFO] IPUIPlugin:74 - create IPUIPlugin
2025-09-29 23:48:46,984 [INFO] IPUIPlugin:74 - create IPUIPlugin
2025-09-29 23:48:46,984 [INFO] IPUIPlugin:74 - create IPUIPlugin
2025-09-29 23:48:46,984 [INFO] IPUIPlugin:74 - create IPUIPlugin
2025-09-29 23:48:46,984 [INFO] IPUIPlugin:74 - create IPUIPlugin
2025-09-29 23:48:46,984 [INFO] IPUIPlugin:74 - create IPUIPlugin
2025-09-29 23:48:46,984 [INFO] IPUIPlugin:74 - create IPUIPlugin
2025-09-29 23:48:46,984 [INFO] IPUIPlugin:74 - create IPUIPlugin
2025-09-29 23:48:47,100 [INFO] OpenFileManager:333 - Restore cursor
2025-09-29 23:48:52,897 [INFO] UtilMem:74 - End SaveConfig() Used Memory: 808513536 Bytes (988807168)
2025-09-29 23:48:53,101 [INFO] BlockDiagram:2740 - set Specific Code input for plugin: NVIC
2025-09-29 23:48:53,101 [INFO] BlockDiagram:2740 - set Specific Code input for plugin: SYS
2025-09-29 23:48:53,101 [INFO] BlockDiagram:2740 - set Specific Code input for plugin: GPIO
2025-09-29 23:48:53,101 [INFO] BlockDiagram:2740 - set Specific Code input for plugin: RCC
2025-09-29 23:48:53,101 [INFO] BlockDiagram:2740 - set Specific Code input for plugin: TIM1_8F1
2025-09-29 23:48:53,101 [INFO] CodeGenerator:663 - code generatio: config db path: C:\ST\STM32CubeIDE_1.7.0\STM32CubeIDE\plugins\com.st.stm32cube.common.mx_6.3.0.202107141111\\db\
2025-09-29 23:48:53,303 [INFO] CodeEngine:239 - oldGeneratedFile, D:\ADUY\251\VXL_VDK\MCU_Lab2\Lab2\MXTmpFiles\license.tmp_save
2025-09-29 23:48:53,563 [INFO] CodeEngine:257 - Generated code: D:\ADUY\251\VXL_VDK\MCU_Lab2\Lab2\MXTmpFiles\license.tmp
2025-09-29 23:48:53,647 [INFO] CodeEngine:239 - oldGeneratedFile, D:\ADUY\251\VXL_VDK\MCU_Lab2\Lab2\MXTmpFiles\gpio.tmp_save
2025-09-29 23:48:53,719 [INFO] CodeEngine:257 - Generated code: D:\ADUY\251\VXL_VDK\MCU_Lab2\Lab2\MXTmpFiles\gpio.tmp
2025-09-29 23:48:53,859 [INFO] CodeEngine:239 - oldGeneratedFile, D:\ADUY\251\VXL_VDK\MCU_Lab2\Lab2\Core\Src\stm32f1xx_it.c_save
2025-09-29 23:48:53,967 [INFO] CodeEngine:257 - Generated code: D:\ADUY\251\VXL_VDK\MCU_Lab2\Lab2\Core\Src\stm32f1xx_it.c
2025-09-29 23:48:53,978 [INFO] CodeEngine:239 - oldGeneratedFile, D:\ADUY\251\VXL_VDK\MCU_Lab2\Lab2\Core\Inc\stm32f1xx_it.h_save
2025-09-29 23:48:54,056 [INFO] CodeEngine:257 - Generated code: D:\ADUY\251\VXL_VDK\MCU_Lab2\Lab2\Core\Inc\stm32f1xx_it.h
2025-09-29 23:48:54,074 [INFO] CodeEngine:239 - oldGeneratedFile, D:\ADUY\251\VXL_VDK\MCU_Lab2\Lab2\Core\Src\stm32f1xx_hal_msp.c_save
2025-09-29 23:48:54,154 [INFO] CodeEngine:257 - Generated code: D:\ADUY\251\VXL_VDK\MCU_Lab2\Lab2\Core\Src\stm32f1xx_hal_msp.c
2025-09-29 23:48:54,154 [INFO] CodeEngine:239 - oldGeneratedFile, D:\ADUY\251\VXL_VDK\MCU_Lab2\Lab2\MXTmpFiles\system.tmp_save
2025-09-29 23:48:54,219 [INFO] CodeEngine:257 - Generated code: D:\ADUY\251\VXL_VDK\MCU_Lab2\Lab2\MXTmpFiles\system.tmp
2025-09-29 23:48:54,236 [INFO] CodeEngine:239 - oldGeneratedFile, D:\ADUY\251\VXL_VDK\MCU_Lab2\Lab2\Core\Inc\stm32f1xx_hal_conf.h_save
2025-09-29 23:48:54,320 [INFO] CodeEngine:257 - Generated code: D:\ADUY\251\VXL_VDK\MCU_Lab2\Lab2\Core\Inc\stm32f1xx_hal_conf.h
2025-09-29 23:48:54,348 [WARN] IPConfigManager:3148 - IP not found : TIM
2025-09-29 23:48:54,348 [WARN] CodeGenerator:3268 - IP not found : null
2025-09-29 23:48:54,368 [INFO] CodeEngine:239 - oldGeneratedFile, D:\ADUY\251\VXL_VDK\MCU_Lab2\Lab2\Core\Inc\main.h_save
2025-09-29 23:48:54,459 [INFO] CodeEngine:257 - Generated code: D:\ADUY\251\VXL_VDK\MCU_Lab2\Lab2\Core\Inc\main.h
2025-09-29 23:48:54,474 [INFO] CodeEngine:239 - oldGeneratedFile, D:\ADUY\251\VXL_VDK\MCU_Lab2\Lab2\Core\Src\main.c_save
2025-09-29 23:48:54,562 [INFO] CodeEngine:257 - Generated code: D:\ADUY\251\VXL_VDK\MCU_Lab2\Lab2\Core\Src\main.c
2025-09-29 23:48:55,014 [INFO] ProjectBuilder:2578 - Time for Copy HAL[1] : 47mS.
2025-09-29 23:48:55,018 [INFO] ProjectBuilder:3622 - Project Generator version: 3.14.1
2025-09-29 23:48:55,386 [INFO] ConfigFileManager:1271 - The Die is : DIE412
2025-09-29 23:48:55,418 [INFO] ApiDbMcu:468 - Load IP Config File for FATFS
2025-09-29 23:48:55,430 [INFO] ApiDbMcu:468 - Load IP Config File for FREERTOS
2025-09-29 23:48:55,436 [INFO] ApiDbMcu:468 - Load IP Config File for USB_DEVICE
2025-09-29 23:48:56,537 [INFO] ProjectBuilder:3789 - Time for Generating toolchain IDE Files: 1519mS.
2025-09-29 23:48:56,537 [INFO] ProjectBuilder:2457 - Time for Copy CMSIS : 0mS.
2025-09-29 23:48:56,538 [INFO] ProjectBuilder:2457 - Time for Copy CMSIS : 0mS.
2025-10-01 00:49:08,180 [INFO] Activator:177 - 


2025-10-01 00:49:08,185 [INFO] Activator:178 - !SESSION log4j initialized
2025-10-01 00:57:53,843 [INFO] McuFinderGlobals:39 - Set McuFinder mode to 2 (CubeIDE integrated)
2025-10-01 00:57:54,105 [INFO] ApplicationProperties:181 - Using Application install path: C:\ST\STM32CubeIDE_1.7.0\STM32CubeIDE\plugins\com.st.stm32cube.common.mx_6.3.0.202107141111
2025-10-01 00:57:54,124 [INFO] DbMcusXml:74 - Set database path to: C:\ST\STM32CubeIDE_1.7.0\STM32CubeIDE\plugins\com.st.stm32cube.common.mx_6.3.0.202107141111\\db\/mcu/
2025-10-01 00:57:54,130 [INFO] DbBoardsPdsc:56 - Set plugin database path to: C:\ST\STM32CubeIDE_1.7.0\STM32CubeIDE\plugins\com.st.stm32cube.common.mx_6.3.0.202107141111\\db\/plugins/boardmanager/
2025-10-01 00:57:54,131 [INFO] DbMcus:258 - Set plugin images path to: C:\ST\STM32CubeIDE_1.7.0\STM32CubeIDE\plugins\com.st.stm32cube.common.mx_6.3.0.202107141111\\db\/plugins/mcufinder/images/
2025-10-01 00:57:54,131 [INFO] DbBoards:264 - Set plugin images path to: C:\ST\STM32CubeIDE_1.7.0\STM32CubeIDE\plugins\com.st.stm32cube.common.mx_6.3.0.202107141111\\db\/plugins/mcufinder/images/
2025-10-01 00:57:54,135 [INFO] DbExamples:333 - Set plugin images path to: C:\ST\STM32CubeIDE_1.7.0\STM32CubeIDE\plugins\com.st.stm32cube.common.mx_6.3.0.202107141111\\db\/plugins/mcufinder/images/
2025-10-01 00:57:54,147 [INFO] DbMcusAds:119 - Set database path to: C:\Users\ANH DUY\.stmcufinder\plugins\mcufinder//mcu/
2025-10-01 00:57:54,149 [INFO] DbMcusDocs:110 - Set database path to: C:\Users\ANH DUY\.stmcufinder\plugins\mcufinder//mcu/
2025-10-01 00:57:54,152 [INFO] DbMcusJson:64 - Set database path to: C:\Users\ANH DUY\.stmcufinder\plugins\mcufinder//mcu/
2025-10-01 00:57:54,153 [INFO] DbBoardsDocs:110 - Set database path to: C:\Users\ANH DUY\.stmcufinder\plugins\mcufinder//mcu/
2025-10-01 00:57:54,155 [INFO] DbBoardsJson:57 - Set database path to: C:\Users\ANH DUY\.stmcufinder\plugins\mcufinder//mcu/
2025-10-01 00:57:54,165 [INFO] CrossReferenceDbSqlite:196 - Set database path to: C:\Users\ANH DUY\.stmcufinder\plugins\mcufinder//mcu/cs/
2025-10-01 00:57:54,171 [INFO] DbExamplesSqlite:767 - Set database path to: C:\Users\ANH DUY\.stmcufinder\plugins\mcufinder//mcu/
2025-10-01 00:57:54,291 [INFO] RulesReader:57 - Compatibility file has been processed (242 Rules)
2025-10-01 00:57:54,376 [INFO] DbMcusXml:74 - Set database path to: C:\ST\STM32CubeIDE_1.7.0\STM32CubeIDE\plugins\com.st.stm32cube.common.mx_6.3.0.202107141111\\db\/mcu/
2025-10-01 00:57:54,377 [INFO] DbBoardsPdsc:56 - Set plugin database path to: C:\ST\STM32CubeIDE_1.7.0\STM32CubeIDE\plugins\com.st.stm32cube.common.mx_6.3.0.202107141111\\db\/plugins/boardmanager/
2025-10-01 00:57:54,377 [INFO] DbMcus:258 - Set plugin images path to: C:\ST\STM32CubeIDE_1.7.0\STM32CubeIDE\plugins\com.st.stm32cube.common.mx_6.3.0.202107141111\\db\/plugins/mcufinder/images/
2025-10-01 00:57:54,377 [INFO] DbBoards:264 - Set plugin images path to: C:\ST\STM32CubeIDE_1.7.0\STM32CubeIDE\plugins\com.st.stm32cube.common.mx_6.3.0.202107141111\\db\/plugins/mcufinder/images/
2025-10-01 00:57:54,377 [INFO] DbExamples:333 - Set plugin images path to: C:\ST\STM32CubeIDE_1.7.0\STM32CubeIDE\plugins\com.st.stm32cube.common.mx_6.3.0.202107141111\\db\/plugins/mcufinder/images/
2025-10-01 00:57:54,377 [WARN] DbFile:35 - Overriding database path with different value: C:\Users\ANH DUY\.stmcufinder\plugins\mcufinder/ => C:\Users\ANH DUY\.stmcufinder\plugins\mcufinder
2025-10-01 00:57:54,378 [INFO] DbMcusAds:119 - Set database path to: C:\Users\ANH DUY\.stmcufinder\plugins\mcufinder//mcu/
2025-10-01 00:57:54,378 [WARN] DbFile:35 - Overriding database path with different value: C:\Users\ANH DUY\.stmcufinder\plugins\mcufinder/ => C:\Users\ANH DUY\.stmcufinder\plugins\mcufinder
2025-10-01 00:57:54,378 [INFO] DbMcusDocs:110 - Set database path to: C:\Users\ANH DUY\.stmcufinder\plugins\mcufinder//mcu/
2025-10-01 00:57:54,378 [WARN] DbFile:35 - Overriding database path with different value: C:\Users\ANH DUY\.stmcufinder\plugins\mcufinder/ => C:\Users\ANH DUY\.stmcufinder\plugins\mcufinder
2025-10-01 00:57:54,378 [INFO] DbMcusJson:64 - Set database path to: C:\Users\ANH DUY\.stmcufinder\plugins\mcufinder//mcu/
2025-10-01 00:57:54,378 [WARN] DbFile:35 - Overriding database path with different value: C:\Users\ANH DUY\.stmcufinder\plugins\mcufinder/ => C:\Users\ANH DUY\.stmcufinder\plugins\mcufinder
2025-10-01 00:57:54,378 [INFO] DbBoardsDocs:110 - Set database path to: C:\Users\ANH DUY\.stmcufinder\plugins\mcufinder//mcu/
2025-10-01 00:57:54,378 [WARN] DbFile:35 - Overriding database path with different value: C:\Users\ANH DUY\.stmcufinder\plugins\mcufinder/ => C:\Users\ANH DUY\.stmcufinder\plugins\mcufinder
2025-10-01 00:57:54,378 [INFO] DbBoardsJson:57 - Set database path to: C:\Users\ANH DUY\.stmcufinder\plugins\mcufinder//mcu/
2025-10-01 00:57:54,378 [WARN] DbFile:35 - Overriding database path with different value: C:\Users\ANH DUY\.stmcufinder\plugins\mcufinder/ => C:\Users\ANH DUY\.stmcufinder\plugins\mcufinder
2025-10-01 00:57:54,378 [WARN] DbFile:35 - Overriding database path with different value: C:\Users\ANH DUY\.stmcufinder\plugins\mcufinder/ => C:\Users\ANH DUY\.stmcufinder\plugins\mcufinder
2025-10-01 00:57:54,378 [INFO] CrossReferenceDbSqlite:196 - Set database path to: C:\Users\ANH DUY\.stmcufinder\plugins\mcufinder//mcu/cs/
2025-10-01 00:57:54,378 [WARN] DbFile:35 - Overriding database path with different value: C:\Users\ANH DUY\.stmcufinder\plugins\mcufinder/ => C:\Users\ANH DUY\.stmcufinder\plugins\mcufinder
2025-10-01 00:57:54,378 [INFO] DbExamplesSqlite:767 - Set database path to: C:\Users\ANH DUY\.stmcufinder\plugins\mcufinder//mcu/
2025-10-01 00:57:54,453 [INFO] MainPanel:214 - HeapMemory: 956301312
2025-10-01 00:57:54,554 [INFO] DbMcusXml:74 - Set database path to: C:\ST\STM32CubeIDE_1.7.0\STM32CubeIDE\plugins\com.st.stm32cube.common.mx_6.3.0.202107141111\\db\/mcu/
2025-10-01 00:57:54,555 [INFO] DbBoardsPdsc:56 - Set plugin database path to: C:\ST\STM32CubeIDE_1.7.0\STM32CubeIDE\plugins\com.st.stm32cube.common.mx_6.3.0.202107141111\\db\/plugins/boardmanager/
2025-10-01 00:57:54,555 [INFO] DbMcus:258 - Set plugin images path to: C:\ST\STM32CubeIDE_1.7.0\STM32CubeIDE\plugins\com.st.stm32cube.common.mx_6.3.0.202107141111\\db\/plugins/mcufinder/images/
2025-10-01 00:57:54,555 [INFO] DbBoards:264 - Set plugin images path to: C:\ST\STM32CubeIDE_1.7.0\STM32CubeIDE\plugins\com.st.stm32cube.common.mx_6.3.0.202107141111\\db\/plugins/mcufinder/images/
2025-10-01 00:57:54,555 [INFO] DbExamples:333 - Set plugin images path to: C:\ST\STM32CubeIDE_1.7.0\STM32CubeIDE\plugins\com.st.stm32cube.common.mx_6.3.0.202107141111\\db\/plugins/mcufinder/images/
2025-10-01 00:57:54,555 [WARN] DbFile:35 - Overriding database path with different value: C:\Users\ANH DUY\.stmcufinder\plugins\mcufinder/ => C:\Users\ANH DUY\.stmcufinder\plugins\mcufinder
2025-10-01 00:57:54,555 [INFO] DbMcusAds:119 - Set database path to: C:\Users\ANH DUY\.stmcufinder\plugins\mcufinder//mcu/
2025-10-01 00:57:54,555 [WARN] DbFile:35 - Overriding database path with different value: C:\Users\ANH DUY\.stmcufinder\plugins\mcufinder/ => C:\Users\ANH DUY\.stmcufinder\plugins\mcufinder
2025-10-01 00:57:54,555 [INFO] DbMcusDocs:110 - Set database path to: C:\Users\ANH DUY\.stmcufinder\plugins\mcufinder//mcu/
2025-10-01 00:57:54,556 [WARN] DbFile:35 - Overriding database path with different value: C:\Users\ANH DUY\.stmcufinder\plugins\mcufinder/ => C:\Users\ANH DUY\.stmcufinder\plugins\mcufinder
2025-10-01 00:57:54,556 [INFO] DbMcusJson:64 - Set database path to: C:\Users\ANH DUY\.stmcufinder\plugins\mcufinder//mcu/
2025-10-01 00:57:54,556 [WARN] DbFile:35 - Overriding database path with different value: C:\Users\ANH DUY\.stmcufinder\plugins\mcufinder/ => C:\Users\ANH DUY\.stmcufinder\plugins\mcufinder
2025-10-01 00:57:54,556 [INFO] DbBoardsDocs:110 - Set database path to: C:\Users\ANH DUY\.stmcufinder\plugins\mcufinder//mcu/
2025-10-01 00:57:54,556 [WARN] DbFile:35 - Overriding database path with different value: C:\Users\ANH DUY\.stmcufinder\plugins\mcufinder/ => C:\Users\ANH DUY\.stmcufinder\plugins\mcufinder
2025-10-01 00:57:54,556 [INFO] DbBoardsJson:57 - Set database path to: C:\Users\ANH DUY\.stmcufinder\plugins\mcufinder//mcu/
2025-10-01 00:57:54,556 [WARN] DbFile:35 - Overriding database path with different value: C:\Users\ANH DUY\.stmcufinder\plugins\mcufinder/ => C:\Users\ANH DUY\.stmcufinder\plugins\mcufinder
2025-10-01 00:57:54,556 [WARN] DbFile:35 - Overriding database path with different value: C:\Users\ANH DUY\.stmcufinder\plugins\mcufinder/ => C:\Users\ANH DUY\.stmcufinder\plugins\mcufinder
2025-10-01 00:57:54,556 [INFO] CrossReferenceDbSqlite:196 - Set database path to: C:\Users\ANH DUY\.stmcufinder\plugins\mcufinder//mcu/cs/
2025-10-01 00:57:54,556 [WARN] DbFile:35 - Overriding database path with different value: C:\Users\ANH DUY\.stmcufinder\plugins\mcufinder/ => C:\Users\ANH DUY\.stmcufinder\plugins\mcufinder
2025-10-01 00:57:54,556 [INFO] DbExamplesSqlite:767 - Set database path to: C:\Users\ANH DUY\.stmcufinder\plugins\mcufinder//mcu/
2025-10-01 00:57:54,572 [INFO] ApplicationProperties:181 - Using Application install path: C:\ST\STM32CubeIDE_1.7.0\STM32CubeIDE\plugins\com.st.stm32cube.common.mx_6.3.0.202107141111
2025-10-01 00:57:54,573 [INFO] PluginManage:188 - Search for loadable plugins [exclusion list=, ]
2025-10-01 00:57:54,575 [INFO] PluginManage:302 - Check plugin analytics
2025-10-01 00:57:54,721 [INFO] AnalyticsPlugin:257 - Accepted Software Licenses: 
2025-10-01 00:57:54,721 [INFO] AnalyticsPlugin:259 - Accepted CMSIS Pack Licenses: 
2025-10-01 00:57:54,722 [INFO] AnalyticsPlugin:261 - Accepted Firmware Licenses: 
2025-10-01 00:57:54,722 [INFO] PluginManage:352 - Loaded plugin analytics (category:tool,tabindex:-1)
2025-10-01 00:57:54,722 [INFO] PluginManage:302 - Check plugin clock
2025-10-01 00:57:54,762 [INFO] PluginManage:352 - Loaded plugin clock (category:base,tabindex:2)
2025-10-01 00:57:54,762 [INFO] PluginManage:302 - Check plugin ddr
2025-10-01 00:57:54,765 [INFO] PluginManage:352 - Loaded plugin ddr (category:tool,tabindex:6)
2025-10-01 00:57:54,765 [INFO] PluginManage:302 - Check plugin filemanager
2025-10-01 00:57:54,941 [INFO] PluginManage:352 - Loaded plugin filemanager (category:base,tabindex:10)
2025-10-01 00:57:54,941 [INFO] PluginManage:302 - Check plugin ipmanager
2025-10-01 00:57:54,953 [INFO] PluginManage:352 - Loaded plugin ipmanager (category:base,tabindex:5)
2025-10-01 00:57:54,953 [INFO] PluginManage:302 - Check plugin pinoutandconfiguration
2025-10-01 00:57:54,979 [INFO] PluginManage:352 - Loaded plugin pinoutandconfiguration (category:base,tabindex:1)
2025-10-01 00:57:54,980 [INFO] PluginManage:302 - Check plugin pinoutconfig
2025-10-01 00:57:55,047 [INFO] PluginManage:352 - Loaded plugin pinoutconfig (category:base,tabindex:0)
2025-10-01 00:57:55,048 [INFO] PluginManage:302 - Check plugin power
2025-10-01 00:57:55,089 [INFO] PluginManage:352 - Loaded plugin power (category:power,tabindex:4)
2025-10-01 00:57:55,090 [INFO] PluginManage:302 - Check plugin projectmanager
2025-10-01 00:57:55,109 [INFO] PluginManage:352 - Loaded plugin projectmanager (category:projectmanager,tabindex:3)
2025-10-01 00:57:55,109 [INFO] PluginManage:302 - Check plugin thirdparty
2025-10-01 00:57:55,381 [WARN] IntegrityCheckThread:78 - waiting for thirdparty lock release [integrity check]
2025-10-01 00:57:55,382 [INFO] PluginManage:352 - Loaded plugin thirdparty (category:base,tabindex:-1)
2025-10-01 00:57:55,382 [INFO] IntegrityCheckThread:80 - entering critical section [integrity check]
2025-10-01 00:57:55,382 [INFO] PluginManage:302 - Check plugin tools
2025-10-01 00:57:55,384 [INFO] ThirdPartyUpdaterWithRetryManager:66 - Updater plugin not ready yet. [1/15]
2025-10-01 00:57:55,455 [INFO] PluginManage:352 - Loaded plugin tools (category:base,tabindex:7)
2025-10-01 00:57:55,455 [INFO] PluginManage:302 - Check plugin tutovideos
2025-10-01 00:57:55,779 [INFO] PluginManage:352 - Loaded plugin tutovideos (category:base,tabindex:-1)
2025-10-01 00:57:55,780 [INFO] PluginManage:302 - Check plugin updater
2025-10-01 00:57:55,793 [INFO] PluginManage:352 - Loaded plugin updater (category:base,tabindex:12)
2025-10-01 00:57:55,794 [INFO] PluginManage:275 - PluginManage : Loaded plugins [13]
2025-10-01 00:57:55,996 [INFO] PinOutPanel:1463 - setPackage(No Configuration,No Configuration)
2025-10-01 00:57:56,094 [INFO] IPUIPlugin:74 - create IPUIPlugin
2025-10-01 00:57:56,094 [INFO] PluginManager:213 - loadIPPluginJar : add adc
2025-10-01 00:57:56,153 [INFO] IPUIPlugin:74 - create IPUIPlugin
2025-10-01 00:57:56,154 [INFO] PluginManager:213 - loadIPPluginJar : add aes
2025-10-01 00:57:56,212 [INFO] IPUIPlugin:74 - create IPUIPlugin
2025-10-01 00:57:56,212 [INFO] PluginManager:213 - loadIPPluginJar : add can
2025-10-01 00:57:56,259 [INFO] IPUIPlugin:74 - create IPUIPlugin
2025-10-01 00:57:56,260 [INFO] PluginManager:213 - loadIPPluginJar : add comp
2025-10-01 00:57:56,308 [INFO] IPUIPlugin:74 - create IPUIPlugin
2025-10-01 00:57:56,309 [INFO] PluginManager:213 - loadIPPluginJar : add cryp
2025-10-01 00:57:56,358 [INFO] IPUIPlugin:74 - create IPUIPlugin
2025-10-01 00:57:56,358 [INFO] PluginManager:213 - loadIPPluginJar : add dfsdm
2025-10-01 00:57:56,377 [INFO] IPUIPlugin:74 - create IPUIPlugin
2025-10-01 00:57:56,378 [INFO] PluginManager:213 - loadIPPluginJar : add dma
2025-10-01 00:57:56,459 [INFO] IPUIPlugin:74 - create IPUIPlugin
2025-10-01 00:57:56,459 [INFO] PluginManager:213 - loadIPPluginJar : add dma3
2025-10-01 00:57:56,536 [INFO] IPUIPlugin:74 - create IPUIPlugin
2025-10-01 00:57:56,536 [INFO] PluginManager:213 - loadIPPluginJar : add fatfs
2025-10-01 00:57:56,686 [INFO] IPUIPlugin:74 - create IPUIPlugin
2025-10-01 00:57:56,687 [INFO] PluginManager:213 - loadIPPluginJar : add fmc
2025-10-01 00:57:56,729 [INFO] IPUIPlugin:74 - create IPUIPlugin
2025-10-01 00:57:56,729 [INFO] PluginManager:213 - loadIPPluginJar : add freertos
2025-10-01 00:57:56,781 [INFO] IPUIPlugin:74 - create IPUIPlugin
2025-10-01 00:57:56,781 [INFO] PluginManager:213 - loadIPPluginJar : add genericplugin
2025-10-01 00:57:56,918 [INFO] IPUIPlugin:74 - create IPUIPlugin
2025-10-01 00:57:56,918 [INFO] PluginManager:213 - loadIPPluginJar : add gfxmmu
2025-10-01 00:57:57,097 [INFO] IPUIPlugin:74 - create IPUIPlugin
2025-10-01 00:57:57,098 [INFO] PluginManager:213 - loadIPPluginJar : add gic
2025-10-01 00:57:57,122 [INFO] IPUIPlugin:74 - create IPUIPlugin
2025-10-01 00:57:57,123 [INFO] PluginManager:213 - loadIPPluginJar : add gpio
2025-10-01 00:57:57,241 [INFO] IPUIPlugin:74 - create IPUIPlugin
2025-10-01 00:57:57,242 [INFO] PluginManager:213 - loadIPPluginJar : add gtzc
2025-10-01 00:57:57,314 [INFO] IPUIPlugin:74 - create IPUIPlugin
2025-10-01 00:57:57,315 [INFO] PluginManager:213 - loadIPPluginJar : add hash
2025-10-01 00:57:57,424 [INFO] IPUIPlugin:74 - create IPUIPlugin
2025-10-01 00:57:57,424 [INFO] PluginManager:213 - loadIPPluginJar : add i2c
2025-10-01 00:57:57,497 [INFO] IPUIPlugin:74 - create IPUIPlugin
2025-10-01 00:57:57,498 [INFO] PluginManager:213 - loadIPPluginJar : add i2s
2025-10-01 00:57:57,521 [INFO] IPUIPlugin:74 - create IPUIPlugin
2025-10-01 00:57:57,522 [INFO] PluginManager:213 - loadIPPluginJar : add ipddr
2025-10-01 00:57:57,640 [INFO] IPUIPlugin:74 - create IPUIPlugin
2025-10-01 00:57:57,641 [INFO] PluginManager:213 - loadIPPluginJar : add linkedlist
2025-10-01 00:57:57,704 [INFO] IPUIPlugin:74 - create IPUIPlugin
2025-10-01 00:57:57,705 [INFO] PluginManager:213 - loadIPPluginJar : add lorawan
2025-10-01 00:57:57,756 [INFO] IPUIPlugin:74 - create IPUIPlugin
2025-10-01 00:57:57,757 [INFO] PluginManager:213 - loadIPPluginJar : add ltdc
2025-10-01 00:57:57,776 [INFO] IPUIPlugin:74 - create IPUIPlugin
2025-10-01 00:57:57,777 [INFO] PluginManager:213 - loadIPPluginJar : add mdma
2025-10-01 00:57:57,794 [INFO] IPUIPlugin:74 - create IPUIPlugin
2025-10-01 00:57:57,794 [INFO] PluginManager:213 - loadIPPluginJar : add nvic
2025-10-01 00:57:57,861 [INFO] IPUIPlugin:74 - create IPUIPlugin
2025-10-01 00:57:57,861 [INFO] PluginManager:213 - loadIPPluginJar : add opamp
2025-10-01 00:57:57,958 [INFO] IPUIPlugin:74 - create IPUIPlugin
2025-10-01 00:57:57,958 [INFO] PluginManager:213 - loadIPPluginJar : add openamp
2025-10-01 00:57:58,030 [INFO] IPUIPlugin:74 - create IPUIPlugin
2025-10-01 00:57:58,031 [INFO] PluginManager:213 - loadIPPluginJar : add pdm2pcm
2025-10-01 00:57:58,060 [INFO] IPUIPlugin:74 - create IPUIPlugin
2025-10-01 00:57:58,064 [INFO] PluginManager:213 - loadIPPluginJar : add plateformsettings
2025-10-01 00:57:58,111 [INFO] IPUIPlugin:74 - create IPUIPlugin
2025-10-01 00:57:58,112 [INFO] PluginManager:213 - loadIPPluginJar : add quadspi
2025-10-01 00:57:58,131 [INFO] IPUIPlugin:74 - create IPUIPlugin
2025-10-01 00:57:58,132 [INFO] PluginManager:213 - loadIPPluginJar : add resmgrutility
2025-10-01 00:57:58,229 [INFO] IPUIPlugin:74 - create IPUIPlugin
2025-10-01 00:57:58,229 [INFO] PluginManager:213 - loadIPPluginJar : add sai
2025-10-01 00:57:58,298 [INFO] IPUIPlugin:74 - create IPUIPlugin
2025-10-01 00:57:58,299 [INFO] PluginManager:213 - loadIPPluginJar : add spi
2025-10-01 00:57:58,385 [INFO] IPUIPlugin:74 - create IPUIPlugin
2025-10-01 00:57:58,386 [INFO] PluginManager:213 - loadIPPluginJar : add stm32_wpan
2025-10-01 00:57:58,398 [INFO] ThirdPartyUpdaterWithRetryManager:66 - Updater plugin not ready yet. [2/15]
2025-10-01 00:57:58,441 [INFO] IPUIPlugin:74 - create IPUIPlugin
2025-10-01 00:57:58,442 [INFO] PluginManager:213 - loadIPPluginJar : add tim
2025-10-01 00:57:58,525 [INFO] IPUIPlugin:74 - create IPUIPlugin
2025-10-01 00:57:58,525 [INFO] PluginManager:213 - loadIPPluginJar : add touchsensing
2025-10-01 00:57:58,572 [INFO] IPUIPlugin:74 - create IPUIPlugin
2025-10-01 00:57:58,572 [INFO] PluginManager:213 - loadIPPluginJar : add tracer_emb
2025-10-01 00:57:58,617 [INFO] IPUIPlugin:74 - create IPUIPlugin
2025-10-01 00:57:58,617 [INFO] PluginManager:213 - loadIPPluginJar : add ts
2025-10-01 00:57:58,661 [INFO] IPUIPlugin:74 - create IPUIPlugin
2025-10-01 00:57:58,661 [INFO] PluginManager:213 - loadIPPluginJar : add tsc
2025-10-01 00:57:58,700 [INFO] IPUIPlugin:74 - create IPUIPlugin
2025-10-01 00:57:58,701 [INFO] PluginManager:213 - loadIPPluginJar : add ucpd
2025-10-01 00:57:58,764 [INFO] IPUIPlugin:74 - create IPUIPlugin
2025-10-01 00:57:58,764 [INFO] PluginManager:213 - loadIPPluginJar : add usart
2025-10-01 00:57:58,834 [INFO] IPUIPlugin:74 - create IPUIPlugin
2025-10-01 00:57:58,834 [INFO] PluginManager:213 - loadIPPluginJar : add usbx
2025-10-01 00:57:59,191 [FATAL] Updater:294 - Updater called before beeing initialized
2025-10-01 00:57:59,313 [FATAL] Updater:294 - Updater called before beeing initialized
2025-10-01 00:57:59,327 [INFO] DbMcusAds:47 - JSON generation date=Tue Jul 08 15:14:23 ICT 2025 (1751962463524)
2025-10-01 00:57:59,327 [FATAL] Updater:294 - Updater called before beeing initialized
2025-10-01 00:57:59,357 [WARN] DetailPanel:314 - Failed to get advertising image, set to default
2025-10-01 00:57:59,418 [FATAL] Updater:294 - Updater called before beeing initialized
2025-10-01 00:57:59,420 [FATAL] Updater:294 - Updater called before beeing initialized
2025-10-01 00:57:59,421 [FATAL] Updater:294 - Updater called before beeing initialized
2025-10-01 00:57:59,421 [WARN] DetailPanel:314 - Failed to get advertising image, set to default
2025-10-01 00:57:59,422 [FATAL] Updater:294 - Updater called before beeing initialized
2025-10-01 00:57:59,477 [ERROR] Updater:1075 - MainUpdater not yet initialized. External WinMGr cannot be set.
2025-10-01 00:57:59,495 [INFO] Updater:1012 - Updater Version found : 6.3.0
2025-10-01 00:57:59,520 [INFO] ApplicationProperties:181 - Using Application install path: C:\ST\STM32CubeIDE_1.7.0\STM32CubeIDE\plugins\com.st.stm32cube.common.mx_6.3.0.202107141111
2025-10-01 00:57:59,706 [INFO] MainUpdater:2671 - connection check result : 10
2025-10-01 00:57:59,707 [INFO] MainUpdater:265 - Updater Check For Update Now.
2025-10-01 00:57:59,707 [INFO] MicroXplorer:478 - Change Database Version : DB.6.0.30
2025-10-01 00:57:59,931 [INFO] CheckServerUpdateThread:112 - End of CheckServer Thread
2025-10-01 00:57:59,976 [INFO] MainUpdater:2671 - connection check result : 10
2025-10-01 00:57:59,993 [INFO] MainUpdater:2671 - connection check result : 10
2025-10-01 00:58:00,263 [INFO] MicroXplorer:448 - Change Database Path : 
2025-10-01 00:58:00,263 [INFO] MicroXplorer:478 - Change Database Version : DB.6.0.30
2025-10-01 00:58:00,264 [WARN] ThirdParty:813 - waiting for thirdparty lock release [close project]
2025-10-01 00:58:01,585 [ERROR] Engine:463 - C:\Users\ANH DUY\.stm32cubemx\thirdparties\pdsc\STMicroelectronics.FP-SNS-MOTENVWB1.1.4.0.pdsc: PDSC version is not supported
2025-10-01 00:58:01,631 [WARN] PackLoader:238 - Cannot read IP mode file for STMicroelectronics.FP-ATR-ASTRA1.2.0.2
2025-10-01 00:58:01,657 [ERROR] Engine:463 - C:\Users\ANH DUY\.stm32cubemx\thirdparties\pdsc\STMicroelectronics.X-CUBE-SMBUS.2.1.0.pdsc: PDSC version is not supported
2025-10-01 00:58:01,682 [ERROR] Engine:463 - C:\Users\ANH DUY\.stm32cubemx\thirdparties\pdsc\STMicroelectronics.X-CUBE-ST60.1.0.0.pdsc: PDSC version is not supported
2025-10-01 00:58:01,748 [WARN] PackLoader:238 - Cannot read IP mode file for STMicroelectronics.X-CUBE-AZRTOS-F7.1.1.0
2025-10-01 00:58:01,767 [ERROR] Engine:463 - C:\Users\ANH DUY\.stm32cubemx\thirdparties\pdsc\WES.I-CUBE-Cesium.1.4.0.pdsc: PDSC version is not supported
2025-10-01 00:58:01,786 [ERROR] Engine:463 - C:\Users\ANH DUY\.stm32cubemx\thirdparties\pdsc\Infineon.AIROC-Wi-Fi-Bluetooth-STM32.1.7.1.pdsc: PDSC version is not supported
2025-10-01 00:58:01,830 [WARN] PackLoader:238 - Cannot read IP mode file for STMicroelectronics.X-CUBE-AZRTOS-H7.3.4.0
2025-10-01 00:58:01,851 [ERROR] Engine:463 - C:\Users\ANH DUY\.stm32cubemx\thirdparties\pdsc\STMicroelectronics.X-CUBE-DISPLAY.3.0.0.pdsc: PDSC version is not supported
2025-10-01 00:58:01,869 [WARN] PackLoader:238 - Cannot read IP mode file for STMicroelectronics.X-CUBE-NFC10.1.0.0
2025-10-01 00:58:01,884 [ERROR] Engine:463 - C:\Users\ANH DUY\.stm32cubemx\thirdparties\pdsc\emotas.I-CUBE-CANOPEN.1.3.0.pdsc: PDSC version is not supported
2025-10-01 00:58:01,898 [ERROR] Engine:463 - C:\Users\ANH DUY\.stm32cubemx\thirdparties\pdsc\STMicroelectronics.FP-SNS-STBOX1.2.1.0.pdsc: PDSC version is not supported
2025-10-01 00:58:01,911 [ERROR] Engine:463 - C:\Users\ANH DUY\.stm32cubemx\thirdparties\pdsc\STMicroelectronics.FP-SNS-SMARTAG2.1.2.0.pdsc: PDSC version is not supported
2025-10-01 00:58:01,923 [ERROR] Engine:463 - C:\Users\ANH DUY\.stm32cubemx\thirdparties\pdsc\STMicroelectronics.FP-SNS-FLIGHT1.5.1.0.pdsc: PDSC version is not supported
2025-10-01 00:58:01,941 [INFO] LogOutputStream:76 - [STDOUT_REDIRECT] 1 : Invalid condition id : UX_CORESTACK_Condition cause : null
2025-10-01 00:58:01,942 [INFO] LogOutputStream:76 - [STDOUT_REDIRECT] 1 : Invalid condition id : UX_CORESTACK_Condition cause : null
2025-10-01 00:58:01,942 [INFO] LogOutputStream:76 - [STDOUT_REDIRECT] 1 : Invalid condition id : UX_CORESTACK_Condition cause : null
2025-10-01 00:58:01,943 [INFO] LogOutputStream:76 - [STDOUT_REDIRECT] 1 : Invalid condition id : UX_CORESTACK_Condition cause : null
2025-10-01 00:58:01,943 [INFO] LogOutputStream:76 - [STDOUT_REDIRECT] 1 : Invalid condition id : UX_CORESTACK_Condition cause : null
2025-10-01 00:58:01,949 [WARN] PackLoader:238 - Cannot read IP mode file for STMicroelectronics.X-CUBE-AZRTOS-WL.2.0.0
2025-10-01 00:58:01,964 [ERROR] Engine:463 - C:\Users\ANH DUY\.stm32cubemx\thirdparties\pdsc\STMicroelectronics.FP-SNS-MOTENV1.5.0.0.pdsc: PDSC version is not supported
2025-10-01 00:58:01,983 [WARN] PackLoader:238 - Cannot read IP mode file for STMicroelectronics.X-CUBE-BLE2.3.3.0
2025-10-01 00:58:02,003 [WARN] PackLoader:238 - Cannot read IP mode file for STMicroelectronics.X-CUBE-NFC9.1.0.0
2025-10-01 00:58:02,026 [WARN] PackLoader:238 - Cannot read IP mode file for wolfSSL.I-CUBE-wolfSSL.5.8.2
2025-10-01 00:58:02,046 [WARN] PackLoader:238 - Cannot read IP mode file for STMicroelectronics.X-CUBE-BLE1.7.1.0
2025-10-01 00:58:02,065 [WARN] PackLoader:238 - Cannot read IP mode file for wolfSSL.I-CUBE-wolfMQTT.1.19.2
2025-10-01 00:58:02,084 [WARN] PackLoader:238 - Cannot read IP mode file for STMicroelectronics.X-CUBE-EEPRMA1.5.2.0
2025-10-01 00:58:02,139 [WARN] PackLoader:238 - Cannot read IP mode file for STMicroelectronics.X-CUBE-AZRTOS-G0.1.1.0
2025-10-01 00:58:02,162 [WARN] PackLoader:238 - Cannot read IP mode file for STMicroelectronics.X-CUBE-SAFEA1.1.2.2
2025-10-01 00:58:02,178 [WARN] PackLoader:238 - Cannot read IP mode file for STMicroelectronics.X-CUBE-NFC4.3.0.0
2025-10-01 00:58:02,193 [ERROR] Engine:463 - C:\Users\ANH DUY\.stm32cubemx\thirdparties\pdsc\EmbeddedOffice.I-CUBE-FS-RTOS.1.0.1.pdsc: PDSC version is not supported
2025-10-01 00:58:02,210 [WARN] PackLoader:238 - Cannot read IP mode file for STMicroelectronics.X-CUBE-WB05N.2.0.0
2025-10-01 00:58:02,235 [WARN] PackLoader:238 - Cannot read IP mode file for wolfSSL.I-CUBE-wolfTPM.3.8.0
2025-10-01 00:58:02,249 [ERROR] Engine:463 - C:\Users\ANH DUY\.stm32cubemx\thirdparties\pdsc\STMicroelectronics.X-CUBE-TCPP.4.2.0.pdsc: PDSC version is not supported
2025-10-01 00:58:02,261 [ERROR] Engine:463 - C:\Users\ANH DUY\.stm32cubemx\thirdparties\pdsc\RealThread.X-CUBE-RT-Thread_Nano.4.1.1.pdsc: PDSC version is not supported
2025-10-01 00:58:02,274 [WARN] PackLoader:238 - Cannot read IP mode file for STMicroelectronics.FP-ATR-SIGFOX1.3.2.0
2025-10-01 00:58:02,290 [ERROR] Engine:463 - C:\Users\ANH DUY\.stm32cubemx\thirdparties\pdsc\ITTIA_DB.I-CUBE-ITTIADB.8.9.0.pdsc: PDSC version is not supported
2025-10-01 00:58:02,312 [ERROR] Engine:463 - C:\Users\ANH DUY\.stm32cubemx\thirdparties\pdsc\STMicroelectronics.X-CUBE-ST67W61.1.0.0.pdsc: PDSC version is not supported
2025-10-01 00:58:02,332 [WARN] PackLoader:238 - Cannot read IP mode file for STMicroelectronics.X-CUBE-AI.10.2.0
2025-10-01 00:58:02,392 [WARN] PackLoader:238 - Cannot read IP mode file for SEGGER.I-CUBE-embOS.1.3.1
2025-10-01 00:58:02,453 [WARN] PackLoader:238 - Cannot read IP mode file for STMicroelectronics.X-CUBE-ALGOBUILD.1.4.0
2025-10-01 00:58:02,550 [WARN] PackLoader:238 - Cannot read IP mode file for STMicroelectronics.X-CUBE-MEMS1.11.3.0
2025-10-01 00:58:02,708 [WARN] PackLoader:238 - Cannot read IP mode file for STMicroelectronics.X-CUBE-PM33A1.1.0.0
2025-10-01 00:58:02,759 [WARN] PackLoader:238 - Cannot read IP mode file for STMicroelectronics.X-CUBE-AZRTOS-F4.1.1.0
2025-10-01 00:58:02,774 [ERROR] Engine:463 - C:\Users\ANH DUY\.stm32cubemx\thirdparties\pdsc\Avnet-IotConnect.X-CUBE-IoTC-DA16k-PMOD.1.0.0.pdsc: PDSC version is not supported
2025-10-01 00:58:02,787 [WARN] PackLoader:238 - Cannot read IP mode file for STMicroelectronics.X-CUBE-ISPU.2.1.0
2025-10-01 00:58:02,803 [WARN] PackLoader:238 - Cannot read IP mode file for STMicroelectronics.X-CUBE-NFC12.1.0.0
2025-10-01 00:58:02,834 [WARN] PackLoader:238 - Cannot read IP mode file for STMicroelectronics.X-CUBE-AZRTOS-L5.2.0.0
2025-10-01 00:58:02,863 [WARN] PackLoader:238 - Cannot read IP mode file for STMicroelectronics.X-CUBE-NFC6.3.1.0
2025-10-01 00:58:02,891 [ERROR] Engine:463 - C:\Users\ANH DUY\.stm32cubemx\thirdparties\pdsc\STMicroelectronics.X-CUBE-FREERTOS.1.3.1.pdsc: PDSC version is not supported
2025-10-01 00:58:02,920 [ERROR] Engine:463 - C:\Users\ANH DUY\.stm32cubemx\thirdparties\pdsc\STMicroelectronics.FP-SNS-STAIOTCFT.1.0.0.pdsc: PDSC version is not supported
2025-10-01 00:58:02,946 [ERROR] Engine:463 - C:\Users\ANH DUY\.stm32cubemx\thirdparties\pdsc\STMicroelectronics.X-CUBE-DPower.1.3.0.pdsc: PDSC version is not supported
2025-10-01 00:58:03,004 [WARN] ConditionMgr:437 - getConditionDescription Invalid condition id : LAN8742 Phy interface Condition cause : null
2025-10-01 00:58:03,004 [WARN] PackLoader:238 - Cannot read IP mode file for STMicroelectronics.X-CUBE-AZRTOS-L4.2.0.0
2025-10-01 00:58:03,005 [WARN] ConditionMgr:1038 - genDependencies : Invalid condition id : LAN8742 Phy interface Condition cause : null
2025-10-01 00:58:03,006 [WARN] ConditionMgr:1038 - genDependencies : Invalid condition id : LAN8742 Phy interface Condition cause : null
2025-10-01 00:58:03,007 [WARN] ConditionMgr:1038 - genDependencies : Invalid condition id : LAN8742 Phy interface Condition cause : null
2025-10-01 00:58:03,038 [WARN] PackLoader:238 - Cannot read IP mode file for STMicroelectronics.X-CUBE-SFXS2LP1.4.0.0
2025-10-01 00:58:03,074 [ERROR] Engine:463 - C:\Users\ANH DUY\.stm32cubemx\thirdparties\pdsc\STMicroelectronics.X-CUBE-BLEMGR.4.1.0.pdsc: PDSC version is not supported
2025-10-01 00:58:03,122 [WARN] ConditionMgr:437 - getConditionDescription Invalid condition id : UX DEVICE CLASS RTOS Condition cause : null
2025-10-01 00:58:03,122 [WARN] ConditionMgr:437 - getConditionDescription Invalid condition id : UX DEVICE CLASS RTOS Condition cause : null
2025-10-01 00:58:03,123 [WARN] PackLoader:238 - Cannot read IP mode file for STMicroelectronics.X-CUBE-AZRTOS-WB.2.0.0
2025-10-01 00:58:03,124 [WARN] ConditionMgr:1038 - genDependencies : Invalid condition id : UX DEVICE CLASS RTOS Condition cause : null
2025-10-01 00:58:03,124 [WARN] ConditionMgr:1038 - genDependencies : Invalid condition id : UX DEVICE CLASS RTOS Condition cause : null
2025-10-01 00:58:03,124 [WARN] ConditionMgr:1038 - genDependencies : Invalid condition id : UX DEVICE CLASS RTOS Condition cause : null
2025-10-01 00:58:03,124 [WARN] ConditionMgr:1038 - genDependencies : Invalid condition id : UX DEVICE CLASS RTOS Condition cause : null
2025-10-01 00:58:03,124 [WARN] ConditionMgr:1038 - genDependencies : Invalid condition id : UX DEVICE CLASS RTOS Condition cause : null
2025-10-01 00:58:03,144 [WARN] PackLoader:238 - Cannot read IP mode file for STMicroelectronics.X-CUBE-GNSS1.7.0.1
2025-10-01 00:58:03,174 [WARN] PackLoader:238 - Cannot read IP mode file for STMicroelectronics.X-CUBE-TOUCHGFX.4.25.0
2025-10-01 00:58:03,196 [ERROR] Engine:463 - C:\Users\ANH DUY\.stm32cubemx\thirdparties\pdsc\quantropi.X-CUBE-qispace-sdk-base.2.1.0.pdsc: PDSC version is not supported
2025-10-01 00:58:03,232 [WARN] PackLoader:238 - Cannot read IP mode file for STMicroelectronics.X-CUBE-SUBG2.5.0.0
2025-10-01 00:58:03,296 [WARN] PackLoader:238 - Cannot read IP mode file for STMicroelectronics.X-CUBE-AZRTOS-H7RS.1.1.0
2025-10-01 00:58:03,331 [ERROR] Engine:463 - C:\Users\ANH DUY\.stm32cubemx\thirdparties\pdsc\Cesanta.I-CUBE-Mongoose.7.13.0.pdsc: PDSC version is not supported
2025-10-01 00:58:03,385 [WARN] PackLoader:238 - Cannot read IP mode file for STMicroelectronics.X-CUBE-AZRTOS-G4.2.0.0
2025-10-01 00:58:03,409 [WARN] PackLoader:238 - Cannot read IP mode file for wolfSSL.I-CUBE-wolfSSH.1.4.20
2025-10-01 00:58:03,428 [WARN] PackLoader:238 - Cannot read IP mode file for STMicroelectronics.X-CUBE-NFC7.2.0.0
2025-10-01 00:58:03,448 [ERROR] Engine:463 - C:\Users\ANH DUY\.stm32cubemx\thirdparties\pdsc\STMicroelectronics.X-CUBE-IPS.3.1.0.pdsc: PDSC version is not supported
2025-10-01 00:58:03,468 [ERROR] Engine:463 - C:\Users\ANH DUY\.stm32cubemx\thirdparties\pdsc\STMicroelectronics.X-CUBE-ALS.1.0.2.pdsc: PDSC version is not supported
2025-10-01 00:58:03,492 [WARN] PackLoader:238 - Cannot read IP mode file for STMicroelectronics.X-CUBE-STSE01.1.0.0
2025-10-01 00:58:03,511 [ERROR] Engine:463 - C:\Users\ANH DUY\.stm32cubemx\thirdparties\pdsc\STMicroelectronics.X-CUBE-TOF1.3.4.3.pdsc: PDSC version is not supported
2025-10-01 00:58:03,511 [INFO] ThirdParty:915 - Integrity check success = true
2025-10-01 00:58:03,512 [INFO] IntegrityCheckThread:94 - exiting critical section [integrity check]
2025-10-01 00:58:03,512 [INFO] IntegrityCheckThread:97 - End integrity checks thread
2025-10-01 00:58:03,512 [INFO] ThirdParty:815 - entering critical section [close project]
2025-10-01 00:58:03,514 [INFO] ThirdParty:825 - exiting critical section [close project]
2025-10-01 00:58:03,518 [INFO] PinOutPanel:1463 - setPackage(No Configuration,No Configuration)
2025-10-01 00:58:03,519 [INFO] UtilMem:74 - Begin LoadConfig() Used Memory: 860674008 Bytes (956301312)
2025-10-01 00:58:03,520 [INFO] MicroXplorer:448 - Change Database Path : 
2025-10-01 00:58:03,520 [INFO] MicroXplorer:478 - Change Database Version : DB.6.0.30
2025-10-01 00:58:03,520 [INFO] OpenFileManager:313 - Change cursor
2025-10-01 00:58:04,404 [INFO] Context:592 - Trying to add GPIOservice into a context  which must be forbidden
2025-10-01 00:58:04,638 [WARN] ApiManager:304 - Cannot register API 'Board Extension:PM33A1' from pack STMicroelectronics.X-CUBE-PM33A1.1.0.0: no header file found
2025-10-01 00:58:04,641 [WARN] ApiManager:304 - Cannot register API 'Board Extension:NFC09A1' from pack STMicroelectronics.X-CUBE-NFC9.1.0.0: no header file found
2025-10-01 00:58:04,645 [WARN] ApiManager:304 - Cannot register API 'Wireless:BlueNRG-MS' from pack STMicroelectronics.X-CUBE-BLE1.7.1.0: no header file found
2025-10-01 00:58:04,646 [WARN] ApiManager:304 - Cannot register API 'Board Extension:EEPRMA2' from pack STMicroelectronics.X-CUBE-EEPRMA1.5.2.0: no header file found
2025-10-01 00:58:04,647 [WARN] ApiManager:304 - Cannot register API 'Board Extension:PGEEZ1' from pack STMicroelectronics.X-CUBE-EEPRMA1.5.2.0: no header file found
2025-10-01 00:58:04,647 [WARN] ApiManager:304 - Cannot register API 'Board Extension:EEICA1' from pack STMicroelectronics.X-CUBE-EEPRMA1.5.2.0: no header file found
2025-10-01 00:58:04,647 [WARN] ApiManager:304 - Cannot register API 'Board Part:M24' from pack STMicroelectronics.X-CUBE-EEPRMA1.5.2.0: no header file found
2025-10-01 00:58:04,647 [WARN] ApiManager:304 - Cannot register API 'Board Part:M95' from pack STMicroelectronics.X-CUBE-EEPRMA1.5.2.0: no header file found
2025-10-01 00:58:04,647 [WARN] ApiManager:304 - Cannot register API 'Board Part:M95P32' from pack STMicroelectronics.X-CUBE-EEPRMA1.5.2.0: no header file found
2025-10-01 00:58:04,647 [WARN] ApiManager:304 - Cannot register API 'Board Part:M24256E-F' from pack STMicroelectronics.X-CUBE-EEPRMA1.5.2.0: no header file found
2025-10-01 00:58:04,647 [WARN] ApiManager:304 - Cannot register API 'Board Part:M24M01E-F' from pack STMicroelectronics.X-CUBE-EEPRMA1.5.2.0: no header file found
2025-10-01 00:58:04,647 [WARN] ApiManager:304 - Cannot register API 'PGEEZ1:SPI' from pack STMicroelectronics.X-CUBE-EEPRMA1.5.2.0: no header file found
2025-10-01 00:58:04,647 [WARN] ApiManager:304 - Cannot register API 'PGEEZ1:QDSPI' from pack STMicroelectronics.X-CUBE-EEPRMA1.5.2.0: no header file found
2025-10-01 00:58:04,649 [WARN] ApiManager:304 - Cannot register API 'Board Extension:GNSS1A1' from pack STMicroelectronics.X-CUBE-GNSS1.7.0.1: no header file found
2025-10-01 00:58:04,649 [WARN] ApiManager:304 - Cannot register API 'Board Support:Custom' from pack STMicroelectronics.X-CUBE-GNSS1.7.0.1: no header file found
2025-10-01 00:58:04,649 [WARN] ApiManager:304 - Cannot register API 'Data Exchange:lib_gnss' from pack STMicroelectronics.X-CUBE-GNSS1.7.0.1: no header file found
2025-10-01 00:58:04,650 [WARN] ApiManager:304 - Cannot register API 'Board Extension:NFC12A1' from pack STMicroelectronics.X-CUBE-NFC12.1.0.0: no header file found
2025-10-01 00:58:04,657 [WARN] ApiManager:304 - Cannot register API 'Board Extension:NFC06A1' from pack STMicroelectronics.X-CUBE-NFC6.3.1.0: no header file found
2025-10-01 00:58:04,657 [WARN] ApiManager:304 - Cannot register API 'Board Extension:NFC08A1' from pack STMicroelectronics.X-CUBE-NFC6.3.1.0: no header file found
2025-10-01 00:58:04,658 [INFO] RtosManager:484 - Registered RTOS mode: class=CMSIS, group=RTOS, mode=CMSIS_V1, owner=FREERTOS
2025-10-01 00:58:04,658 [INFO] RtosManager:484 - Registered RTOS mode: class=CMSIS, group=RTOS2, mode=CMSIS_V2, owner=FREERTOS
2025-10-01 00:58:04,658 [INFO] RtosManager:484 - Registered RTOS mode: class=RTOS, group=Core, mode=CMSIS_V1, owner=FREERTOS
2025-10-01 00:58:04,658 [INFO] RtosManager:484 - Registered RTOS mode: class=RTOS, group=Core, mode=CMSIS_V2, owner=FREERTOS
2025-10-01 00:58:04,658 [WARN] ModelIntegratedComponent:181 - Missing modes for component STMicroelectronics:FreeRTOS:0.0.1:STMicroelectronics:RTOS:FreeRTOS:Core:::10.2.0:
2025-10-01 00:58:04,660 [WARN] ApiManager:304 - Cannot register API 'Board Extension:STSAFEA1' from pack STMicroelectronics.X-CUBE-SAFEA1.1.2.2: no header file found
2025-10-01 00:58:04,660 [WARN] ApiManager:304 - Cannot register API 'Board Part:STSAFEA110' from pack STMicroelectronics.X-CUBE-SAFEA1.1.2.2: no header file found
2025-10-01 00:58:04,660 [WARN] ApiManager:304 - Cannot register API 'Security:ST_Cryptolib' from pack STMicroelectronics.X-CUBE-SAFEA1.1.2.2: no header file found
2025-10-01 00:58:04,660 [WARN] ApiManager:304 - Cannot register API 'Security:MbedTLS' from pack STMicroelectronics.X-CUBE-SAFEA1.1.2.2: no header file found
2025-10-01 00:58:04,661 [WARN] ApiManager:304 - Cannot register API 'Board Extension:NFC04A1' from pack STMicroelectronics.X-CUBE-NFC4.3.0.0: no header file found
2025-10-01 00:58:04,663 [WARN] ApiManager:304 - Cannot register API 'Board Extension:S2868A1' from pack STMicroelectronics.X-CUBE-SUBG2.5.0.0: no header file found
2025-10-01 00:58:04,664 [WARN] ApiManager:304 - Cannot register API 'Board Extension:S2868A2' from pack STMicroelectronics.X-CUBE-SUBG2.5.0.0: no header file found
2025-10-01 00:58:04,664 [WARN] ApiManager:304 - Cannot register API 'Board Extension:S2915A1' from pack STMicroelectronics.X-CUBE-SUBG2.5.0.0: no header file found
2025-10-01 00:58:04,667 [WARN] ApiManager:304 - Cannot register API 'Wireless:STM32WB05N' from pack STMicroelectronics.X-CUBE-WB05N.2.0.0: no header file found
2025-10-01 00:58:04,669 [WARN] ApiManager:304 - Cannot register API 'Board Extension:NFC07A1' from pack STMicroelectronics.X-CUBE-NFC7.2.0.0: no header file found
2025-10-01 00:58:04,670 [WARN] ApiManager:304 - Cannot register API 'Board Extension:NFC10A1' from pack STMicroelectronics.X-CUBE-NFC10.1.0.0: no header file found
2025-10-01 00:58:04,671 [WARN] ModelIntegratedComponent:60 - No mode defined for component null
2025-10-01 00:58:04,671 [WARN] ModelIntegratedComponent:60 - No mode defined for component null
2025-10-01 00:58:04,671 [WARN] ModelIntegratedComponent:60 - No mode defined for component null
2025-10-01 00:58:04,671 [WARN] ModelIntegratedComponent:60 - No mode defined for component null
2025-10-01 00:58:04,671 [WARN] ModelIntegratedComponent:60 - No mode defined for component null
2025-10-01 00:58:04,672 [WARN] ModelIntegratedComponent:60 - No mode defined for component null
2025-10-01 00:58:04,672 [WARN] ModelIntegratedComponent:60 - No mode defined for component null
2025-10-01 00:58:04,672 [WARN] ModelIntegratedComponent:60 - No mode defined for component null
2025-10-01 00:58:04,672 [WARN] ModelIntegratedComponent:60 - No mode defined for component null
2025-10-01 00:58:04,672 [WARN] ModelIntegratedComponent:60 - No mode defined for component null
2025-10-01 00:58:04,672 [WARN] ModelIntegratedComponent:60 - No mode defined for component null
2025-10-01 00:58:04,672 [WARN] ModelIntegratedComponent:60 - No mode defined for component null
2025-10-01 00:58:04,672 [WARN] ModelIntegratedComponent:60 - No mode defined for component null
2025-10-01 00:58:04,672 [WARN] ModelIntegratedComponent:60 - No mode defined for component null
2025-10-01 00:58:04,672 [WARN] ModelIntegratedComponent:60 - No mode defined for component null
2025-10-01 00:58:04,672 [WARN] ModelIntegratedComponent:60 - No mode defined for component null
2025-10-01 00:58:04,672 [WARN] ModelIntegratedComponent:60 - No mode defined for component null
2025-10-01 00:58:04,672 [WARN] ModelIntegratedComponent:60 - No mode defined for component null
2025-10-01 00:58:04,672 [WARN] ModelIntegratedComponent:60 - No mode defined for component null
2025-10-01 00:58:04,672 [WARN] ModelIntegratedComponent:60 - No mode defined for component null
2025-10-01 00:58:04,672 [WARN] ModelIntegratedComponent:60 - No mode defined for component null
2025-10-01 00:58:04,672 [WARN] ModelIntegratedComponent:60 - No mode defined for component null
2025-10-01 00:58:04,672 [WARN] ModelIntegratedComponent:60 - No mode defined for component null
2025-10-01 00:58:04,672 [WARN] ModelIntegratedComponent:60 - No mode defined for component null
2025-10-01 00:58:04,672 [WARN] ModelIntegratedComponent:60 - No mode defined for component null
2025-10-01 00:58:04,672 [WARN] ModelIntegratedComponent:60 - No mode defined for component null
2025-10-01 00:58:04,672 [WARN] ModelIntegratedComponent:60 - No mode defined for component null
2025-10-01 00:58:04,672 [WARN] ModelIntegratedComponent:60 - No mode defined for component null
2025-10-01 00:58:04,672 [WARN] ModelIntegratedComponent:60 - No mode defined for component null
2025-10-01 00:58:04,672 [WARN] ModelIntegratedComponent:60 - No mode defined for component null
2025-10-01 00:58:04,673 [WARN] ModelIntegratedComponent:60 - No mode defined for component null
2025-10-01 00:58:04,674 [WARN] ApiManager:304 - Cannot register API 'Board Extension:SAFEA1' from pack STMicroelectronics.X-CUBE-STSE01.1.0.0: no header file found
2025-10-01 00:58:04,674 [WARN] ApiManager:304 - Cannot register API 'Board Extension:ESE01A1' from pack STMicroelectronics.X-CUBE-STSE01.1.0.0: no header file found
2025-10-01 00:58:04,674 [WARN] ApiManager:304 - Cannot register API 'Board Part:STSAFEA110' from pack STMicroelectronics.X-CUBE-STSE01.1.0.0: no header file found
2025-10-01 00:58:04,674 [WARN] ApiManager:304 - Cannot register API 'Board Part:STSAFEA120' from pack STMicroelectronics.X-CUBE-STSE01.1.0.0: no header file found
2025-10-01 00:58:04,674 [WARN] ApiManager:304 - Cannot register API 'Security:STM32_Cryptographic' from pack STMicroelectronics.X-CUBE-STSE01.1.0.0: no header file found
2025-10-01 00:58:04,674 [WARN] ApiManager:304 - Cannot register API 'Security:STSELib' from pack STMicroelectronics.X-CUBE-STSE01.1.0.0: no header file found
2025-10-01 00:58:04,800 [WARN] ApiManager:304 - Cannot register API 'Board Extension:IKS01A3' from pack STMicroelectronics.X-CUBE-MEMS1.11.3.0: no header file found
2025-10-01 00:58:04,800 [WARN] ApiManager:304 - Cannot register API 'Board Extension:IKS02A1' from pack STMicroelectronics.X-CUBE-MEMS1.11.3.0: no header file found
2025-10-01 00:58:04,800 [WARN] ApiManager:304 - Cannot register API 'Board Extension:IKS4A1' from pack STMicroelectronics.X-CUBE-MEMS1.11.3.0: no header file found
2025-10-01 00:58:04,805 [WARN] ApiManager:304 - Cannot register API 'Board Extension:S2868A1' from pack STMicroelectronics.X-CUBE-SFXS2LP1.4.0.0: no header file found
2025-10-01 00:58:04,806 [WARN] ApiManager:304 - Cannot register API 'Board Extension:S2868A2' from pack STMicroelectronics.X-CUBE-SFXS2LP1.4.0.0: no header file found
2025-10-01 00:58:04,806 [WARN] ApiManager:304 - Cannot register API 'Board Extension:S2915A1' from pack STMicroelectronics.X-CUBE-SFXS2LP1.4.0.0: no header file found
2025-10-01 00:58:04,806 [WARN] ApiManager:304 - Cannot register API 'Wireless:BlueNRG-2' from pack STMicroelectronics.X-CUBE-BLE2.3.3.0: no header file found
2025-10-01 00:58:06,078 [INFO] UtilMem:74 - End LoadConfig() Used Memory: 869412816 Bytes (961544192)
2025-10-01 00:58:06,080 [INFO] DbMcusXml:100 - Load MCU database from C:\ST\STM32CubeIDE_1.7.0\STM32CubeIDE\plugins\com.st.stm32cube.common.mx_6.3.0.202107141111\\db\/mcu/families.xml
2025-10-01 00:58:06,685 [INFO] DbMcusJson:93 - JSON generation date=Tue Nov 16 23:17:54 ICT 2021 (1637079474)
2025-10-01 00:58:07,427 [INFO] DbMcus:175 - Found 1951 MCUs (1903 are supported by CubeMX, 1914 are visible in CubeMX)
2025-10-01 00:58:07,432 [INFO] ApiDb:251 - Load user favorites file C:\Users\ANH DUY/.stm32cubeide/favorites.mcus.txt: 0 item(s)
2025-10-01 00:58:07,432 [INFO] ApiDb:255 - User favorites MCUs=[]
2025-10-01 00:58:07,432 [INFO] DbMcus:187 - Set 0 / 0 favorites MCUs
2025-10-01 00:58:07,455 [WARN] ThirdParty:779 - waiting for thirdparty lock release [change project]
2025-10-01 00:58:07,455 [INFO] ThirdParty:781 - entering critical section [change project]
2025-10-01 00:58:07,455 [INFO] ThirdParty:967 - CMSIS Pack Vendor :STMicroelectronics X-CUBE-PM33A1 1.0.0
2025-10-01 00:58:07,455 [INFO] ThirdParty:967 - CMSIS Pack Vendor :STMicroelectronics X-CUBE-NFC9 1.0.0
2025-10-01 00:58:07,455 [INFO] ThirdParty:967 - CMSIS Pack Vendor :STMicroelectronics USB_HOST 2.0.0
2025-10-01 00:58:07,455 [INFO] ThirdParty:967 - CMSIS Pack Vendor :STMicroelectronics X-CUBE-AZRTOS-F4 1.1.0
2025-10-01 00:58:07,455 [INFO] ThirdParty:967 - CMSIS Pack Vendor :STMicroelectronics FP-ATR-ASTRA1 2.0.2
2025-10-01 00:58:07,455 [INFO] ThirdParty:967 - CMSIS Pack Vendor :wolfSSL I-CUBE-wolfSSL 5.8.2
2025-10-01 00:58:07,455 [INFO] ThirdParty:967 - CMSIS Pack Vendor :STMicroelectronics X-CUBE-BLE1 7.1.0
2025-10-01 00:58:07,456 [INFO] ThirdParty:967 - CMSIS Pack Vendor :wolfSSL I-CUBE-wolfMQTT 1.19.2
2025-10-01 00:58:07,456 [INFO] ThirdParty:967 - CMSIS Pack Vendor :STMicroelectronics USB_DEVICE 3.0.0
2025-10-01 00:58:07,456 [INFO] ThirdParty:967 - CMSIS Pack Vendor :STMicroelectronics X-CUBE-ISPU 2.1.0
2025-10-01 00:58:07,456 [INFO] ThirdParty:967 - CMSIS Pack Vendor :STMicroelectronics X-CUBE-EEPRMA1 5.2.0
2025-10-01 00:58:07,456 [INFO] ThirdParty:967 - CMSIS Pack Vendor :STMicroelectronics X-CUBE-AZRTOS-WB 2.0.0
2025-10-01 00:58:07,456 [INFO] ThirdParty:967 - CMSIS Pack Vendor :STMicroelectronics X-CUBE-GNSS1 7.0.1
2025-10-01 00:58:07,456 [INFO] ThirdParty:967 - CMSIS Pack Vendor :STMicroelectronics X-CUBE-NFC12 1.0.0
2025-10-01 00:58:07,456 [INFO] ThirdParty:967 - CMSIS Pack Vendor :STMicroelectronics X-CUBE-AZRTOS-F7 1.1.0
2025-10-01 00:58:07,456 [INFO] ThirdParty:967 - CMSIS Pack Vendor :STMicroelectronics X-CUBE-AZRTOS-L5 2.0.0
2025-10-01 00:58:07,456 [INFO] ThirdParty:967 - CMSIS Pack Vendor :STMicroelectronics X-CUBE-TOUCHGFX 4.25.0
2025-10-01 00:58:07,456 [INFO] ThirdParty:967 - CMSIS Pack Vendor :STMicroelectronics USB_DEVICE 2.0.0
2025-10-01 00:58:07,456 [INFO] ThirdParty:967 - CMSIS Pack Vendor :STMicroelectronics X-CUBE-NFC6 3.1.0
2025-10-01 00:58:07,456 [INFO] ThirdParty:967 - CMSIS Pack Vendor :STMicroelectronics FreeRTOS 0.0.1
2025-10-01 00:58:07,456 [INFO] ThirdParty:967 - CMSIS Pack Vendor :STMicroelectronics X-CUBE-AZRTOS-G0 1.1.0
2025-10-01 00:58:07,456 [INFO] ThirdParty:967 - CMSIS Pack Vendor :STMicroelectronics X-CUBE-SAFEA1 1.2.2
2025-10-01 00:58:07,456 [INFO] ThirdParty:967 - CMSIS Pack Vendor :STMicroelectronics X-CUBE-NFC4 3.0.0
2025-10-01 00:58:07,456 [INFO] ThirdParty:967 - CMSIS Pack Vendor :STMicroelectronics X-CUBE-SUBG2 5.0.0
2025-10-01 00:58:07,456 [INFO] ThirdParty:967 - CMSIS Pack Vendor :STMicroelectronics X-CUBE-AZRTOS-H7RS 1.1.0
2025-10-01 00:58:07,456 [INFO] ThirdParty:967 - CMSIS Pack Vendor :STMicroelectronics lwIP 2.0.3
2025-10-01 00:58:07,456 [INFO] ThirdParty:967 - CMSIS Pack Vendor :STMicroelectronics USB_HOST 1.0.0
2025-10-01 00:58:07,456 [INFO] ThirdParty:967 - CMSIS Pack Vendor :STMicroelectronics X-CUBE-AZRTOS-G4 2.0.0
2025-10-01 00:58:07,457 [INFO] ThirdParty:967 - CMSIS Pack Vendor :STMicroelectronics X-CUBE-WB05N 2.0.0
2025-10-01 00:58:07,457 [INFO] ThirdParty:967 - CMSIS Pack Vendor :STMicroelectronics PDM2PCM 3.1.0
2025-10-01 00:58:07,457 [INFO] ThirdParty:967 - CMSIS Pack Vendor :STMicroelectronics PDM2PCM 3.3.0
2025-10-01 00:58:07,457 [INFO] ThirdParty:967 - CMSIS Pack Vendor :wolfSSL I-CUBE-wolfTPM 3.8.0
2025-10-01 00:58:07,457 [INFO] ThirdParty:967 - CMSIS Pack Vendor :STMicroelectronics X-CUBE-AZRTOS-H7 3.4.0
2025-10-01 00:58:07,457 [INFO] ThirdParty:967 - CMSIS Pack Vendor :wolfSSL I-CUBE-wolfSSH 1.4.20
2025-10-01 00:58:07,457 [INFO] ThirdParty:967 - CMSIS Pack Vendor :STMicroelectronics X-CUBE-NFC7 2.0.0
2025-10-01 00:58:07,457 [INFO] ThirdParty:967 - CMSIS Pack Vendor :STMicroelectronics FP-ATR-SIGFOX1 3.2.0
2025-10-01 00:58:07,457 [INFO] ThirdParty:967 - CMSIS Pack Vendor :STMicroelectronics X-CUBE-NFC10 1.0.0
2025-10-01 00:58:07,457 [INFO] ThirdParty:967 - CMSIS Pack Vendor :STMicroelectronics HAL Drivers 0.0.0
2025-10-01 00:58:07,457 [INFO] ThirdParty:967 - CMSIS Pack Vendor :STMicroelectronics MBEDTLS 2.16.2
2025-10-01 00:58:07,457 [INFO] ThirdParty:967 - CMSIS Pack Vendor :STMicroelectronics MBEDTLS 2.14.1
2025-10-01 00:58:07,457 [INFO] ThirdParty:967 - CMSIS Pack Vendor :STMicroelectronics X-CUBE-STSE01 1.0.0
2025-10-01 00:58:07,458 [INFO] ThirdParty:967 - CMSIS Pack Vendor :STMicroelectronics X-CUBE-AI 10.2.0
2025-10-01 00:58:07,458 [INFO] ThirdParty:967 - CMSIS Pack Vendor :STMicroelectronics X-CUBE-AZRTOS-WL 2.0.0
2025-10-01 00:58:07,458 [INFO] ThirdParty:967 - CMSIS Pack Vendor :SEGGER I-CUBE-embOS 1.3.1
2025-10-01 00:58:07,458 [INFO] ThirdParty:967 - CMSIS Pack Vendor :STMicroelectronics X-CUBE-ALGOBUILD 1.4.0
2025-10-01 00:58:07,458 [INFO] ThirdParty:967 - CMSIS Pack Vendor :STMicroelectronics X-CUBE-MEMS1 11.3.0
2025-10-01 00:58:07,458 [INFO] ThirdParty:967 - CMSIS Pack Vendor :STMicroelectronics USB_DEVICE 1.0.0
2025-10-01 00:58:07,458 [INFO] ThirdParty:967 - CMSIS Pack Vendor :STMicroelectronics X-CUBE-AZRTOS-L4 2.0.0
2025-10-01 00:58:07,458 [INFO] ThirdParty:967 - CMSIS Pack Vendor :STMicroelectronics ThreadX 0.0.2
2025-10-01 00:58:07,458 [INFO] ThirdParty:967 - CMSIS Pack Vendor :STMicroelectronics lwIP 2.1.2
2025-10-01 00:58:07,458 [INFO] ThirdParty:967 - CMSIS Pack Vendor :STMicroelectronics X-CUBE-SFXS2LP1 4.0.0
2025-10-01 00:58:07,458 [INFO] ThirdParty:967 - CMSIS Pack Vendor :STMicroelectronics X-CUBE-BLE2 3.3.0
2025-10-01 00:58:07,458 [INFO] ThirdParty:967 - CMSIS Pack Vendor :STMicroelectronics PDM2PCM 3.2.0
2025-10-01 00:58:07,458 [INFO] ThirdParty:787 - exiting critical section [change project]
2025-10-01 00:58:08,083 [INFO] PinOutPanel:1463 - setPackage(No Configuration,No Configuration)
2025-10-01 00:58:08,084 [INFO] PinOutPanel:1463 - setPackage(STM32F103C6Ux,UFQFPN48)
2025-10-01 00:58:08,716 [INFO] UtilMem:74 - Before build in PCC Used Memory: 934494768 Bytes (1064304640)
2025-10-01 00:58:09,630 [INFO] UtilMem:74 - After build in PCC Used Memory: 966897664 Bytes (1064304640)
2025-10-01 00:58:09,674 [INFO] IPUIPlugin:74 - create IPUIPlugin
2025-10-01 00:58:09,674 [INFO] IPUIPlugin:74 - create IPUIPlugin
2025-10-01 00:58:09,674 [INFO] IPUIPlugin:74 - create IPUIPlugin
2025-10-01 00:58:09,674 [INFO] IPUIPlugin:74 - create IPUIPlugin
2025-10-01 00:58:09,674 [INFO] IPUIPlugin:74 - create IPUIPlugin
2025-10-01 00:58:09,674 [INFO] IPUIPlugin:74 - create IPUIPlugin
2025-10-01 00:58:09,674 [INFO] IPUIPlugin:74 - create IPUIPlugin
2025-10-01 00:58:09,674 [INFO] IPUIPlugin:74 - create IPUIPlugin
2025-10-01 00:58:09,675 [INFO] IPUIPlugin:74 - create IPUIPlugin
2025-10-01 00:58:09,675 [INFO] IPUIPlugin:74 - create IPUIPlugin
2025-10-01 00:58:09,675 [INFO] IPUIPlugin:74 - create IPUIPlugin
2025-10-01 00:58:09,675 [INFO] IPUIPlugin:74 - create IPUIPlugin
2025-10-01 00:58:09,675 [INFO] IPUIPlugin:74 - create IPUIPlugin
2025-10-01 00:58:09,675 [INFO] IPUIPlugin:74 - create IPUIPlugin
2025-10-01 00:58:09,675 [INFO] IPUIPlugin:74 - create IPUIPlugin
2025-10-01 00:58:09,675 [INFO] IPUIPlugin:74 - create IPUIPlugin
2025-10-01 00:58:09,675 [INFO] IPUIPlugin:74 - create IPUIPlugin
2025-10-01 00:58:09,675 [INFO] IPUIPlugin:74 - create IPUIPlugin
2025-10-01 00:58:09,676 [INFO] IPUIPlugin:74 - create IPUIPlugin
2025-10-01 00:58:09,676 [INFO] IPUIPlugin:74 - create IPUIPlugin
2025-10-01 00:58:09,676 [INFO] IPUIPlugin:74 - create IPUIPlugin
2025-10-01 00:58:09,676 [INFO] IPUIPlugin:74 - create IPUIPlugin
2025-10-01 00:58:09,676 [INFO] IPUIPlugin:74 - create IPUIPlugin
2025-10-01 00:58:09,794 [INFO] OpenFileManager:333 - Restore cursor
2025-10-01 00:58:15,769 [INFO] UtilMem:74 - End SaveConfig() Used Memory: 911714680 Bytes (1064304640)
2025-10-01 00:58:15,993 [INFO] BlockDiagram:2740 - set Specific Code input for plugin: NVIC
2025-10-01 00:58:15,993 [INFO] BlockDiagram:2740 - set Specific Code input for plugin: SYS
2025-10-01 00:58:15,993 [INFO] BlockDiagram:2740 - set Specific Code input for plugin: GPIO
2025-10-01 00:58:15,993 [INFO] BlockDiagram:2740 - set Specific Code input for plugin: RCC
2025-10-01 00:58:15,993 [INFO] BlockDiagram:2740 - set Specific Code input for plugin: TIM1_8F1
2025-10-01 00:58:15,995 [INFO] CodeGenerator:663 - code generatio: config db path: C:\ST\STM32CubeIDE_1.7.0\STM32CubeIDE\plugins\com.st.stm32cube.common.mx_6.3.0.202107141111\\db\
2025-10-01 00:58:16,238 [INFO] CodeEngine:239 - oldGeneratedFile, D:\ADUY\251\VXL_VDK\MCU_Lab2\Lab2\MXTmpFiles\license.tmp_save
2025-10-01 00:58:16,563 [INFO] CodeEngine:257 - Generated code: D:\ADUY\251\VXL_VDK\MCU_Lab2\Lab2\MXTmpFiles\license.tmp
2025-10-01 00:58:16,695 [INFO] CodeEngine:239 - oldGeneratedFile, D:\ADUY\251\VXL_VDK\MCU_Lab2\Lab2\MXTmpFiles\gpio.tmp_save
2025-10-01 00:58:16,783 [INFO] CodeEngine:257 - Generated code: D:\ADUY\251\VXL_VDK\MCU_Lab2\Lab2\MXTmpFiles\gpio.tmp
2025-10-01 00:58:16,989 [INFO] CodeEngine:239 - oldGeneratedFile, D:\ADUY\251\VXL_VDK\MCU_Lab2\Lab2\Core\Src\stm32f1xx_it.c_save
2025-10-01 00:58:17,104 [INFO] CodeEngine:257 - Generated code: D:\ADUY\251\VXL_VDK\MCU_Lab2\Lab2\Core\Src\stm32f1xx_it.c
2025-10-01 00:58:17,130 [INFO] CodeEngine:239 - oldGeneratedFile, D:\ADUY\251\VXL_VDK\MCU_Lab2\Lab2\Core\Inc\stm32f1xx_it.h_save
2025-10-01 00:58:17,211 [INFO] CodeEngine:257 - Generated code: D:\ADUY\251\VXL_VDK\MCU_Lab2\Lab2\Core\Inc\stm32f1xx_it.h
2025-10-01 00:58:17,242 [INFO] CodeEngine:239 - oldGeneratedFile, D:\ADUY\251\VXL_VDK\MCU_Lab2\Lab2\Core\Src\stm32f1xx_hal_msp.c_save
2025-10-01 00:58:17,345 [INFO] CodeEngine:257 - Generated code: D:\ADUY\251\VXL_VDK\MCU_Lab2\Lab2\Core\Src\stm32f1xx_hal_msp.c
2025-10-01 00:58:17,355 [INFO] CodeEngine:239 - oldGeneratedFile, D:\ADUY\251\VXL_VDK\MCU_Lab2\Lab2\MXTmpFiles\system.tmp_save
2025-10-01 00:58:17,405 [INFO] CodeEngine:257 - Generated code: D:\ADUY\251\VXL_VDK\MCU_Lab2\Lab2\MXTmpFiles\system.tmp
2025-10-01 00:58:17,431 [INFO] CodeEngine:239 - oldGeneratedFile, D:\ADUY\251\VXL_VDK\MCU_Lab2\Lab2\Core\Inc\stm32f1xx_hal_conf.h_save
2025-10-01 00:58:17,555 [INFO] CodeEngine:257 - Generated code: D:\ADUY\251\VXL_VDK\MCU_Lab2\Lab2\Core\Inc\stm32f1xx_hal_conf.h
2025-10-01 00:58:17,590 [WARN] IPConfigManager:3148 - IP not found : TIM
2025-10-01 00:58:17,592 [WARN] CodeGenerator:3268 - IP not found : null
2025-10-01 00:58:17,627 [INFO] CodeEngine:239 - oldGeneratedFile, D:\ADUY\251\VXL_VDK\MCU_Lab2\Lab2\Core\Inc\main.h_save
2025-10-01 00:58:17,737 [INFO] CodeEngine:257 - Generated code: D:\ADUY\251\VXL_VDK\MCU_Lab2\Lab2\Core\Inc\main.h
2025-10-01 00:58:17,779 [INFO] CodeEngine:239 - oldGeneratedFile, D:\ADUY\251\VXL_VDK\MCU_Lab2\Lab2\Core\Src\main.c_save
2025-10-01 00:58:17,970 [INFO] CodeEngine:257 - Generated code: D:\ADUY\251\VXL_VDK\MCU_Lab2\Lab2\Core\Src\main.c
2025-10-01 00:58:18,741 [INFO] ProjectBuilder:2578 - Time for Copy HAL[1] : 84mS.
2025-10-01 00:58:18,746 [INFO] ProjectBuilder:3622 - Project Generator version: 3.14.1
2025-10-01 00:58:19,009 [INFO] ConfigFileManager:1271 - The Die is : DIE412
2025-10-01 00:58:19,035 [INFO] ApiDbMcu:468 - Load IP Config File for FATFS
2025-10-01 00:58:19,068 [INFO] ApiDbMcu:468 - Load IP Config File for FREERTOS
2025-10-01 00:58:19,107 [INFO] ApiDbMcu:468 - Load IP Config File for USB_DEVICE
2025-10-01 00:58:22,402 [INFO] ProjectBuilder:3789 - Time for Generating toolchain IDE Files: 3656mS.
2025-10-01 00:58:22,402 [INFO] ProjectBuilder:2457 - Time for Copy CMSIS : 0mS.
2025-10-01 00:58:22,403 [INFO] ProjectBuilder:2457 - Time for Copy CMSIS : 0mS.
2025-10-01 01:09:48,601 [INFO] MainUpdater:2671 - connection check result : 10
2025-10-01 01:09:48,602 [INFO] MainUpdater:2671 - connection check result : 10
2025-10-01 01:09:48,653 [INFO] MicroXplorer:448 - Change Database Path : 
2025-10-01 01:09:48,653 [INFO] MicroXplorer:478 - Change Database Version : DB.6.0.30
2025-10-01 01:09:48,653 [WARN] ThirdParty:813 - waiting for thirdparty lock release [close project]
2025-10-01 01:09:48,653 [INFO] ThirdParty:815 - entering critical section [close project]
2025-10-01 01:09:48,653 [INFO] ThirdParty:825 - exiting critical section [close project]
2025-10-01 01:09:48,654 [INFO] PinOutPanel:1463 - setPackage(No Configuration,No Configuration)
2025-10-01 01:09:48,665 [INFO] UtilMem:74 - Begin LoadConfig() Used Memory: 901341256 Bytes (1073741824)
2025-10-01 01:09:48,665 [INFO] MicroXplorer:448 - Change Database Path : 
2025-10-01 01:09:48,665 [INFO] MicroXplorer:478 - Change Database Version : DB.6.0.30
2025-10-01 01:09:48,665 [INFO] OpenFileManager:313 - Change cursor
2025-10-01 01:09:48,679 [INFO] RulesReader:57 - Compatibility file has been processed (242 Rules)
2025-10-01 01:09:49,051 [INFO] Context:592 - Trying to add GPIOservice into a context  which must be forbidden
2025-10-01 01:09:49,134 [WARN] ApiManager:304 - Cannot register API 'Board Extension:PM33A1' from pack STMicroelectronics.X-CUBE-PM33A1.1.0.0: no header file found
2025-10-01 01:09:49,134 [WARN] ApiManager:304 - Cannot register API 'Board Extension:NFC09A1' from pack STMicroelectronics.X-CUBE-NFC9.1.0.0: no header file found
2025-10-01 01:09:49,135 [WARN] ApiManager:304 - Cannot register API 'Wireless:BlueNRG-MS' from pack STMicroelectronics.X-CUBE-BLE1.7.1.0: no header file found
2025-10-01 01:09:49,136 [WARN] ApiManager:304 - Cannot register API 'Board Extension:EEPRMA2' from pack STMicroelectronics.X-CUBE-EEPRMA1.5.2.0: no header file found
2025-10-01 01:09:49,136 [WARN] ApiManager:304 - Cannot register API 'Board Extension:PGEEZ1' from pack STMicroelectronics.X-CUBE-EEPRMA1.5.2.0: no header file found
2025-10-01 01:09:49,136 [WARN] ApiManager:304 - Cannot register API 'Board Extension:EEICA1' from pack STMicroelectronics.X-CUBE-EEPRMA1.5.2.0: no header file found
2025-10-01 01:09:49,136 [WARN] ApiManager:304 - Cannot register API 'Board Part:M24' from pack STMicroelectronics.X-CUBE-EEPRMA1.5.2.0: no header file found
2025-10-01 01:09:49,136 [WARN] ApiManager:304 - Cannot register API 'Board Part:M95' from pack STMicroelectronics.X-CUBE-EEPRMA1.5.2.0: no header file found
2025-10-01 01:09:49,136 [WARN] ApiManager:304 - Cannot register API 'Board Part:M95P32' from pack STMicroelectronics.X-CUBE-EEPRMA1.5.2.0: no header file found
2025-10-01 01:09:49,136 [WARN] ApiManager:304 - Cannot register API 'Board Part:M24256E-F' from pack STMicroelectronics.X-CUBE-EEPRMA1.5.2.0: no header file found
2025-10-01 01:09:49,136 [WARN] ApiManager:304 - Cannot register API 'Board Part:M24M01E-F' from pack STMicroelectronics.X-CUBE-EEPRMA1.5.2.0: no header file found
2025-10-01 01:09:49,136 [WARN] ApiManager:304 - Cannot register API 'PGEEZ1:SPI' from pack STMicroelectronics.X-CUBE-EEPRMA1.5.2.0: no header file found
2025-10-01 01:09:49,136 [WARN] ApiManager:304 - Cannot register API 'PGEEZ1:QDSPI' from pack STMicroelectronics.X-CUBE-EEPRMA1.5.2.0: no header file found
2025-10-01 01:09:49,137 [WARN] ApiManager:304 - Cannot register API 'Board Extension:GNSS1A1' from pack STMicroelectronics.X-CUBE-GNSS1.7.0.1: no header file found
2025-10-01 01:09:49,138 [WARN] ApiManager:304 - Cannot register API 'Board Support:Custom' from pack STMicroelectronics.X-CUBE-GNSS1.7.0.1: no header file found
2025-10-01 01:09:49,138 [WARN] ApiManager:304 - Cannot register API 'Data Exchange:lib_gnss' from pack STMicroelectronics.X-CUBE-GNSS1.7.0.1: no header file found
2025-10-01 01:09:49,138 [WARN] ApiManager:304 - Cannot register API 'Board Extension:NFC12A1' from pack STMicroelectronics.X-CUBE-NFC12.1.0.0: no header file found
2025-10-01 01:09:49,140 [WARN] ApiManager:304 - Cannot register API 'Board Extension:NFC06A1' from pack STMicroelectronics.X-CUBE-NFC6.3.1.0: no header file found
2025-10-01 01:09:49,140 [WARN] ApiManager:304 - Cannot register API 'Board Extension:NFC08A1' from pack STMicroelectronics.X-CUBE-NFC6.3.1.0: no header file found
2025-10-01 01:09:49,140 [INFO] RtosManager:484 - Registered RTOS mode: class=CMSIS, group=RTOS, mode=CMSIS_V1, owner=FREERTOS
2025-10-01 01:09:49,140 [INFO] RtosManager:484 - Registered RTOS mode: class=CMSIS, group=RTOS2, mode=CMSIS_V2, owner=FREERTOS
2025-10-01 01:09:49,140 [INFO] RtosManager:484 - Registered RTOS mode: class=RTOS, group=Core, mode=CMSIS_V1, owner=FREERTOS
2025-10-01 01:09:49,140 [INFO] RtosManager:484 - Registered RTOS mode: class=RTOS, group=Core, mode=CMSIS_V2, owner=FREERTOS
2025-10-01 01:09:49,140 [WARN] ModelIntegratedComponent:181 - Missing modes for component STMicroelectronics:FreeRTOS:0.0.1:STMicroelectronics:RTOS:FreeRTOS:Core:::10.2.0:
2025-10-01 01:09:49,142 [WARN] ApiManager:304 - Cannot register API 'Board Extension:STSAFEA1' from pack STMicroelectronics.X-CUBE-SAFEA1.1.2.2: no header file found
2025-10-01 01:09:49,142 [WARN] ApiManager:304 - Cannot register API 'Board Part:STSAFEA110' from pack STMicroelectronics.X-CUBE-SAFEA1.1.2.2: no header file found
2025-10-01 01:09:49,142 [WARN] ApiManager:304 - Cannot register API 'Security:ST_Cryptolib' from pack STMicroelectronics.X-CUBE-SAFEA1.1.2.2: no header file found
2025-10-01 01:09:49,142 [WARN] ApiManager:304 - Cannot register API 'Security:MbedTLS' from pack STMicroelectronics.X-CUBE-SAFEA1.1.2.2: no header file found
2025-10-01 01:09:49,143 [WARN] ApiManager:304 - Cannot register API 'Board Extension:NFC04A1' from pack STMicroelectronics.X-CUBE-NFC4.3.0.0: no header file found
2025-10-01 01:09:49,144 [WARN] ApiManager:304 - Cannot register API 'Board Extension:S2868A1' from pack STMicroelectronics.X-CUBE-SUBG2.5.0.0: no header file found
2025-10-01 01:09:49,144 [WARN] ApiManager:304 - Cannot register API 'Board Extension:S2868A2' from pack STMicroelectronics.X-CUBE-SUBG2.5.0.0: no header file found
2025-10-01 01:09:49,144 [WARN] ApiManager:304 - Cannot register API 'Board Extension:S2915A1' from pack STMicroelectronics.X-CUBE-SUBG2.5.0.0: no header file found
2025-10-01 01:09:49,146 [WARN] ApiManager:304 - Cannot register API 'Wireless:STM32WB05N' from pack STMicroelectronics.X-CUBE-WB05N.2.0.0: no header file found
2025-10-01 01:09:49,148 [WARN] ApiManager:304 - Cannot register API 'Board Extension:NFC07A1' from pack STMicroelectronics.X-CUBE-NFC7.2.0.0: no header file found
2025-10-01 01:09:49,149 [WARN] ApiManager:304 - Cannot register API 'Board Extension:NFC10A1' from pack STMicroelectronics.X-CUBE-NFC10.1.0.0: no header file found
2025-10-01 01:09:49,149 [WARN] ModelIntegratedComponent:60 - No mode defined for component null
2025-10-01 01:09:49,149 [WARN] ModelIntegratedComponent:60 - No mode defined for component null
2025-10-01 01:09:49,149 [WARN] ModelIntegratedComponent:60 - No mode defined for component null
2025-10-01 01:09:49,149 [WARN] ModelIntegratedComponent:60 - No mode defined for component null
2025-10-01 01:09:49,149 [WARN] ModelIntegratedComponent:60 - No mode defined for component null
2025-10-01 01:09:49,149 [WARN] ModelIntegratedComponent:60 - No mode defined for component null
2025-10-01 01:09:49,149 [WARN] ModelIntegratedComponent:60 - No mode defined for component null
2025-10-01 01:09:49,149 [WARN] ModelIntegratedComponent:60 - No mode defined for component null
2025-10-01 01:09:49,149 [WARN] ModelIntegratedComponent:60 - No mode defined for component null
2025-10-01 01:09:49,150 [WARN] ModelIntegratedComponent:60 - No mode defined for component null
2025-10-01 01:09:49,150 [WARN] ModelIntegratedComponent:60 - No mode defined for component null
2025-10-01 01:09:49,150 [WARN] ModelIntegratedComponent:60 - No mode defined for component null
2025-10-01 01:09:49,150 [WARN] ModelIntegratedComponent:60 - No mode defined for component null
2025-10-01 01:09:49,150 [WARN] ModelIntegratedComponent:60 - No mode defined for component null
2025-10-01 01:09:49,150 [WARN] ModelIntegratedComponent:60 - No mode defined for component null
2025-10-01 01:09:49,150 [WARN] ModelIntegratedComponent:60 - No mode defined for component null
2025-10-01 01:09:49,150 [WARN] ModelIntegratedComponent:60 - No mode defined for component null
2025-10-01 01:09:49,150 [WARN] ModelIntegratedComponent:60 - No mode defined for component null
2025-10-01 01:09:49,150 [WARN] ModelIntegratedComponent:60 - No mode defined for component null
2025-10-01 01:09:49,150 [WARN] ModelIntegratedComponent:60 - No mode defined for component null
2025-10-01 01:09:49,150 [WARN] ModelIntegratedComponent:60 - No mode defined for component null
2025-10-01 01:09:49,150 [WARN] ModelIntegratedComponent:60 - No mode defined for component null
2025-10-01 01:09:49,150 [WARN] ModelIntegratedComponent:60 - No mode defined for component null
2025-10-01 01:09:49,150 [WARN] ModelIntegratedComponent:60 - No mode defined for component null
2025-10-01 01:09:49,150 [WARN] ModelIntegratedComponent:60 - No mode defined for component null
2025-10-01 01:09:49,150 [WARN] ModelIntegratedComponent:60 - No mode defined for component null
2025-10-01 01:09:49,150 [WARN] ModelIntegratedComponent:60 - No mode defined for component null
2025-10-01 01:09:49,150 [WARN] ModelIntegratedComponent:60 - No mode defined for component null
2025-10-01 01:09:49,150 [WARN] ModelIntegratedComponent:60 - No mode defined for component null
2025-10-01 01:09:49,150 [WARN] ModelIntegratedComponent:60 - No mode defined for component null
2025-10-01 01:09:49,150 [WARN] ModelIntegratedComponent:60 - No mode defined for component null
2025-10-01 01:09:49,151 [WARN] ApiManager:304 - Cannot register API 'Board Extension:SAFEA1' from pack STMicroelectronics.X-CUBE-STSE01.1.0.0: no header file found
2025-10-01 01:09:49,151 [WARN] ApiManager:304 - Cannot register API 'Board Extension:ESE01A1' from pack STMicroelectronics.X-CUBE-STSE01.1.0.0: no header file found
2025-10-01 01:09:49,151 [WARN] ApiManager:304 - Cannot register API 'Board Part:STSAFEA110' from pack STMicroelectronics.X-CUBE-STSE01.1.0.0: no header file found
2025-10-01 01:09:49,151 [WARN] ApiManager:304 - Cannot register API 'Board Part:STSAFEA120' from pack STMicroelectronics.X-CUBE-STSE01.1.0.0: no header file found
2025-10-01 01:09:49,151 [WARN] ApiManager:304 - Cannot register API 'Security:STM32_Cryptographic' from pack STMicroelectronics.X-CUBE-STSE01.1.0.0: no header file found
2025-10-01 01:09:49,151 [WARN] ApiManager:304 - Cannot register API 'Security:STSELib' from pack STMicroelectronics.X-CUBE-STSE01.1.0.0: no header file found
2025-10-01 01:09:49,260 [WARN] ApiManager:304 - Cannot register API 'Board Extension:IKS01A3' from pack STMicroelectronics.X-CUBE-MEMS1.11.3.0: no header file found
2025-10-01 01:09:49,261 [WARN] ApiManager:304 - Cannot register API 'Board Extension:IKS02A1' from pack STMicroelectronics.X-CUBE-MEMS1.11.3.0: no header file found
2025-10-01 01:09:49,261 [WARN] ApiManager:304 - Cannot register API 'Board Extension:IKS4A1' from pack STMicroelectronics.X-CUBE-MEMS1.11.3.0: no header file found
2025-10-01 01:09:49,266 [WARN] ApiManager:304 - Cannot register API 'Board Extension:S2868A1' from pack STMicroelectronics.X-CUBE-SFXS2LP1.4.0.0: no header file found
2025-10-01 01:09:49,266 [WARN] ApiManager:304 - Cannot register API 'Board Extension:S2868A2' from pack STMicroelectronics.X-CUBE-SFXS2LP1.4.0.0: no header file found
2025-10-01 01:09:49,266 [WARN] ApiManager:304 - Cannot register API 'Board Extension:S2915A1' from pack STMicroelectronics.X-CUBE-SFXS2LP1.4.0.0: no header file found
2025-10-01 01:09:49,266 [WARN] ApiManager:304 - Cannot register API 'Wireless:BlueNRG-2' from pack STMicroelectronics.X-CUBE-BLE2.3.3.0: no header file found
2025-10-01 01:09:50,456 [INFO] UtilMem:74 - End LoadConfig() Used Memory: 900216064 Bytes (1073741824)
2025-10-01 01:09:50,457 [WARN] ThirdParty:779 - waiting for thirdparty lock release [change project]
2025-10-01 01:09:50,457 [INFO] ThirdParty:781 - entering critical section [change project]
2025-10-01 01:09:50,457 [INFO] ThirdParty:967 - CMSIS Pack Vendor :STMicroelectronics X-CUBE-PM33A1 1.0.0
2025-10-01 01:09:50,457 [INFO] ThirdParty:967 - CMSIS Pack Vendor :STMicroelectronics X-CUBE-NFC9 1.0.0
2025-10-01 01:09:50,457 [INFO] ThirdParty:967 - CMSIS Pack Vendor :STMicroelectronics USB_HOST 2.0.0
2025-10-01 01:09:50,457 [INFO] ThirdParty:967 - CMSIS Pack Vendor :STMicroelectronics X-CUBE-AZRTOS-F4 1.1.0
2025-10-01 01:09:50,457 [INFO] ThirdParty:967 - CMSIS Pack Vendor :STMicroelectronics FP-ATR-ASTRA1 2.0.2
2025-10-01 01:09:50,457 [INFO] ThirdParty:967 - CMSIS Pack Vendor :wolfSSL I-CUBE-wolfSSL 5.8.2
2025-10-01 01:09:50,457 [INFO] ThirdParty:967 - CMSIS Pack Vendor :STMicroelectronics X-CUBE-BLE1 7.1.0
2025-10-01 01:09:50,457 [INFO] ThirdParty:967 - CMSIS Pack Vendor :wolfSSL I-CUBE-wolfMQTT 1.19.2
2025-10-01 01:09:50,457 [INFO] ThirdParty:967 - CMSIS Pack Vendor :STMicroelectronics USB_DEVICE 3.0.0
2025-10-01 01:09:50,457 [INFO] ThirdParty:967 - CMSIS Pack Vendor :STMicroelectronics X-CUBE-ISPU 2.1.0
2025-10-01 01:09:50,457 [INFO] ThirdParty:967 - CMSIS Pack Vendor :STMicroelectronics X-CUBE-EEPRMA1 5.2.0
2025-10-01 01:09:50,457 [INFO] ThirdParty:967 - CMSIS Pack Vendor :STMicroelectronics X-CUBE-AZRTOS-WB 2.0.0
2025-10-01 01:09:50,457 [INFO] ThirdParty:967 - CMSIS Pack Vendor :STMicroelectronics X-CUBE-GNSS1 7.0.1
2025-10-01 01:09:50,457 [INFO] ThirdParty:967 - CMSIS Pack Vendor :STMicroelectronics X-CUBE-NFC12 1.0.0
2025-10-01 01:09:50,457 [INFO] ThirdParty:967 - CMSIS Pack Vendor :STMicroelectronics X-CUBE-AZRTOS-F7 1.1.0
2025-10-01 01:09:50,458 [INFO] ThirdParty:967 - CMSIS Pack Vendor :STMicroelectronics X-CUBE-AZRTOS-L5 2.0.0
2025-10-01 01:09:50,458 [INFO] ThirdParty:967 - CMSIS Pack Vendor :STMicroelectronics X-CUBE-TOUCHGFX 4.25.0
2025-10-01 01:09:50,458 [INFO] ThirdParty:967 - CMSIS Pack Vendor :STMicroelectronics USB_DEVICE 2.0.0
2025-10-01 01:09:50,458 [INFO] ThirdParty:967 - CMSIS Pack Vendor :STMicroelectronics X-CUBE-NFC6 3.1.0
2025-10-01 01:09:50,458 [INFO] ThirdParty:967 - CMSIS Pack Vendor :STMicroelectronics FreeRTOS 0.0.1
2025-10-01 01:09:50,458 [INFO] ThirdParty:967 - CMSIS Pack Vendor :STMicroelectronics X-CUBE-AZRTOS-G0 1.1.0
2025-10-01 01:09:50,458 [INFO] ThirdParty:967 - CMSIS Pack Vendor :STMicroelectronics X-CUBE-SAFEA1 1.2.2
2025-10-01 01:09:50,458 [INFO] ThirdParty:967 - CMSIS Pack Vendor :STMicroelectronics X-CUBE-NFC4 3.0.0
2025-10-01 01:09:50,458 [INFO] ThirdParty:967 - CMSIS Pack Vendor :STMicroelectronics X-CUBE-SUBG2 5.0.0
2025-10-01 01:09:50,458 [INFO] ThirdParty:967 - CMSIS Pack Vendor :STMicroelectronics X-CUBE-AZRTOS-H7RS 1.1.0
2025-10-01 01:09:50,458 [INFO] ThirdParty:967 - CMSIS Pack Vendor :STMicroelectronics lwIP 2.0.3
2025-10-01 01:09:50,458 [INFO] ThirdParty:967 - CMSIS Pack Vendor :STMicroelectronics USB_HOST 1.0.0
2025-10-01 01:09:50,458 [INFO] ThirdParty:967 - CMSIS Pack Vendor :STMicroelectronics X-CUBE-AZRTOS-G4 2.0.0
2025-10-01 01:09:50,458 [INFO] ThirdParty:967 - CMSIS Pack Vendor :STMicroelectronics X-CUBE-WB05N 2.0.0
2025-10-01 01:09:50,458 [INFO] ThirdParty:967 - CMSIS Pack Vendor :STMicroelectronics PDM2PCM 3.1.0
2025-10-01 01:09:50,458 [INFO] ThirdParty:967 - CMSIS Pack Vendor :STMicroelectronics PDM2PCM 3.3.0
2025-10-01 01:09:50,458 [INFO] ThirdParty:967 - CMSIS Pack Vendor :wolfSSL I-CUBE-wolfTPM 3.8.0
2025-10-01 01:09:50,458 [INFO] ThirdParty:967 - CMSIS Pack Vendor :STMicroelectronics X-CUBE-AZRTOS-H7 3.4.0
2025-10-01 01:09:50,458 [INFO] ThirdParty:967 - CMSIS Pack Vendor :wolfSSL I-CUBE-wolfSSH 1.4.20
2025-10-01 01:09:50,458 [INFO] ThirdParty:967 - CMSIS Pack Vendor :STMicroelectronics X-CUBE-NFC7 2.0.0
2025-10-01 01:09:50,458 [INFO] ThirdParty:967 - CMSIS Pack Vendor :STMicroelectronics FP-ATR-SIGFOX1 3.2.0
2025-10-01 01:09:50,458 [INFO] ThirdParty:967 - CMSIS Pack Vendor :STMicroelectronics X-CUBE-NFC10 1.0.0
2025-10-01 01:09:50,458 [INFO] ThirdParty:967 - CMSIS Pack Vendor :STMicroelectronics HAL Drivers 0.0.0
2025-10-01 01:09:50,458 [INFO] ThirdParty:967 - CMSIS Pack Vendor :STMicroelectronics MBEDTLS 2.16.2
2025-10-01 01:09:50,458 [INFO] ThirdParty:967 - CMSIS Pack Vendor :STMicroelectronics MBEDTLS 2.14.1
2025-10-01 01:09:50,458 [INFO] ThirdParty:967 - CMSIS Pack Vendor :STMicroelectronics X-CUBE-STSE01 1.0.0
2025-10-01 01:09:50,458 [INFO] ThirdParty:967 - CMSIS Pack Vendor :STMicroelectronics X-CUBE-AI 10.2.0
2025-10-01 01:09:50,458 [INFO] ThirdParty:967 - CMSIS Pack Vendor :STMicroelectronics X-CUBE-AZRTOS-WL 2.0.0
2025-10-01 01:09:50,458 [INFO] ThirdParty:967 - CMSIS Pack Vendor :SEGGER I-CUBE-embOS 1.3.1
2025-10-01 01:09:50,458 [INFO] ThirdParty:967 - CMSIS Pack Vendor :STMicroelectronics X-CUBE-ALGOBUILD 1.4.0
2025-10-01 01:09:50,458 [INFO] ThirdParty:967 - CMSIS Pack Vendor :STMicroelectronics X-CUBE-MEMS1 11.3.0
2025-10-01 01:09:50,458 [INFO] ThirdParty:967 - CMSIS Pack Vendor :STMicroelectronics USB_DEVICE 1.0.0
2025-10-01 01:09:50,458 [INFO] ThirdParty:967 - CMSIS Pack Vendor :STMicroelectronics X-CUBE-AZRTOS-L4 2.0.0
2025-10-01 01:09:50,458 [INFO] ThirdParty:967 - CMSIS Pack Vendor :STMicroelectronics ThreadX 0.0.2
2025-10-01 01:09:50,458 [INFO] ThirdParty:967 - CMSIS Pack Vendor :STMicroelectronics lwIP 2.1.2
2025-10-01 01:09:50,458 [INFO] ThirdParty:967 - CMSIS Pack Vendor :STMicroelectronics X-CUBE-SFXS2LP1 4.0.0
2025-10-01 01:09:50,458 [INFO] ThirdParty:967 - CMSIS Pack Vendor :STMicroelectronics X-CUBE-BLE2 3.3.0
2025-10-01 01:09:50,458 [INFO] ThirdParty:967 - CMSIS Pack Vendor :STMicroelectronics PDM2PCM 3.2.0
2025-10-01 01:09:50,459 [INFO] ThirdParty:787 - exiting critical section [change project]
2025-10-01 01:09:50,554 [INFO] PinOutPanel:1463 - setPackage(No Configuration,No Configuration)
2025-10-01 01:09:50,555 [INFO] PinOutPanel:1463 - setPackage(STM32F103C6Ux,UFQFPN48)
2025-10-01 01:09:50,693 [INFO] UtilMem:74 - Before build in PCC Used Memory: 898333584 Bytes (1073741824)
2025-10-01 01:09:50,866 [INFO] UtilMem:74 - After build in PCC Used Memory: 902163280 Bytes (1073741824)
2025-10-01 01:09:50,876 [INFO] IPUIPlugin:74 - create IPUIPlugin
2025-10-01 01:09:50,876 [INFO] IPUIPlugin:74 - create IPUIPlugin
2025-10-01 01:09:50,877 [INFO] IPUIPlugin:74 - create IPUIPlugin
2025-10-01 01:09:50,877 [INFO] IPUIPlugin:74 - create IPUIPlugin
2025-10-01 01:09:50,877 [INFO] IPUIPlugin:74 - create IPUIPlugin
2025-10-01 01:09:50,877 [INFO] IPUIPlugin:74 - create IPUIPlugin
2025-10-01 01:09:50,877 [INFO] IPUIPlugin:74 - create IPUIPlugin
2025-10-01 01:09:50,877 [INFO] IPUIPlugin:74 - create IPUIPlugin
2025-10-01 01:09:50,877 [INFO] IPUIPlugin:74 - create IPUIPlugin
2025-10-01 01:09:50,877 [INFO] IPUIPlugin:74 - create IPUIPlugin
2025-10-01 01:09:50,877 [INFO] IPUIPlugin:74 - create IPUIPlugin
2025-10-01 01:09:50,877 [INFO] IPUIPlugin:74 - create IPUIPlugin
2025-10-01 01:09:50,878 [INFO] IPUIPlugin:74 - create IPUIPlugin
2025-10-01 01:09:50,878 [INFO] IPUIPlugin:74 - create IPUIPlugin
2025-10-01 01:09:50,878 [INFO] IPUIPlugin:74 - create IPUIPlugin
2025-10-01 01:09:50,878 [INFO] IPUIPlugin:74 - create IPUIPlugin
2025-10-01 01:09:50,878 [INFO] IPUIPlugin:74 - create IPUIPlugin
2025-10-01 01:09:50,878 [INFO] IPUIPlugin:74 - create IPUIPlugin
2025-10-01 01:09:50,878 [INFO] IPUIPlugin:74 - create IPUIPlugin
2025-10-01 01:09:50,879 [INFO] IPUIPlugin:74 - create IPUIPlugin
2025-10-01 01:09:50,879 [INFO] IPUIPlugin:74 - create IPUIPlugin
2025-10-01 01:09:50,879 [INFO] IPUIPlugin:74 - create IPUIPlugin
2025-10-01 01:09:50,880 [INFO] IPUIPlugin:74 - create IPUIPlugin
2025-10-01 01:09:50,888 [INFO] OpenFileManager:333 - Restore cursor
2025-10-01 01:10:05,938 [INFO] UtilMem:74 - End SaveConfig() Used Memory: 901560288 Bytes (1073741824)
2025-10-01 01:10:06,149 [INFO] BlockDiagram:2740 - set Specific Code input for plugin: NVIC
2025-10-01 01:10:06,149 [INFO] BlockDiagram:2740 - set Specific Code input for plugin: SYS
2025-10-01 01:10:06,149 [INFO] BlockDiagram:2740 - set Specific Code input for plugin: GPIO
2025-10-01 01:10:06,149 [INFO] BlockDiagram:2740 - set Specific Code input for plugin: RCC
2025-10-01 01:10:06,150 [INFO] BlockDiagram:2740 - set Specific Code input for plugin: TIM1_8F1
2025-10-01 01:10:06,150 [INFO] CodeGenerator:663 - code generatio: config db path: C:\ST\STM32CubeIDE_1.7.0\STM32CubeIDE\plugins\com.st.stm32cube.common.mx_6.3.0.202107141111\\db\
2025-10-01 01:10:06,340 [INFO] CodeEngine:239 - oldGeneratedFile, D:\ADUY\251\VXL_VDK\MCU_Lab2\Lab2\MXTmpFiles\license.tmp_save
2025-10-01 01:10:06,408 [INFO] CodeEngine:257 - Generated code: D:\ADUY\251\VXL_VDK\MCU_Lab2\Lab2\MXTmpFiles\license.tmp
2025-10-01 01:10:06,458 [INFO] CodeEngine:239 - oldGeneratedFile, D:\ADUY\251\VXL_VDK\MCU_Lab2\Lab2\MXTmpFiles\gpio.tmp_save
2025-10-01 01:10:06,518 [INFO] CodeEngine:257 - Generated code: D:\ADUY\251\VXL_VDK\MCU_Lab2\Lab2\MXTmpFiles\gpio.tmp
2025-10-01 01:10:06,609 [INFO] CodeEngine:239 - oldGeneratedFile, D:\ADUY\251\VXL_VDK\MCU_Lab2\Lab2\Core\Src\stm32f1xx_it.c_save
2025-10-01 01:10:06,683 [INFO] CodeEngine:257 - Generated code: D:\ADUY\251\VXL_VDK\MCU_Lab2\Lab2\Core\Src\stm32f1xx_it.c
2025-10-01 01:10:06,698 [INFO] CodeEngine:239 - oldGeneratedFile, D:\ADUY\251\VXL_VDK\MCU_Lab2\Lab2\Core\Inc\stm32f1xx_it.h_save
2025-10-01 01:10:06,814 [INFO] CodeEngine:257 - Generated code: D:\ADUY\251\VXL_VDK\MCU_Lab2\Lab2\Core\Inc\stm32f1xx_it.h
2025-10-01 01:10:06,836 [INFO] CodeEngine:239 - oldGeneratedFile, D:\ADUY\251\VXL_VDK\MCU_Lab2\Lab2\Core\Src\stm32f1xx_hal_msp.c_save
2025-10-01 01:10:06,929 [INFO] CodeEngine:257 - Generated code: D:\ADUY\251\VXL_VDK\MCU_Lab2\Lab2\Core\Src\stm32f1xx_hal_msp.c
2025-10-01 01:10:06,930 [INFO] CodeEngine:239 - oldGeneratedFile, D:\ADUY\251\VXL_VDK\MCU_Lab2\Lab2\MXTmpFiles\system.tmp_save
2025-10-01 01:10:06,972 [INFO] CodeEngine:257 - Generated code: D:\ADUY\251\VXL_VDK\MCU_Lab2\Lab2\MXTmpFiles\system.tmp
2025-10-01 01:10:06,985 [INFO] CodeEngine:239 - oldGeneratedFile, D:\ADUY\251\VXL_VDK\MCU_Lab2\Lab2\Core\Inc\stm32f1xx_hal_conf.h_save
2025-10-01 01:10:07,073 [INFO] CodeEngine:257 - Generated code: D:\ADUY\251\VXL_VDK\MCU_Lab2\Lab2\Core\Inc\stm32f1xx_hal_conf.h
2025-10-01 01:10:07,096 [WARN] IPConfigManager:3148 - IP not found : TIM
2025-10-01 01:10:07,096 [WARN] CodeGenerator:3268 - IP not found : null
2025-10-01 01:10:07,105 [INFO] CodeEngine:239 - oldGeneratedFile, D:\ADUY\251\VXL_VDK\MCU_Lab2\Lab2\Core\Inc\main.h_save
2025-10-01 01:10:07,146 [INFO] CodeEngine:257 - Generated code: D:\ADUY\251\VXL_VDK\MCU_Lab2\Lab2\Core\Inc\main.h
2025-10-01 01:10:07,166 [INFO] CodeEngine:239 - oldGeneratedFile, D:\ADUY\251\VXL_VDK\MCU_Lab2\Lab2\Core\Src\main.c_save
2025-10-01 01:10:07,288 [INFO] CodeEngine:257 - Generated code: D:\ADUY\251\VXL_VDK\MCU_Lab2\Lab2\Core\Src\main.c
2025-10-01 01:10:07,701 [INFO] ProjectBuilder:2578 - Time for Copy HAL[1] : 32mS.
2025-10-01 01:10:07,703 [INFO] ProjectBuilder:3622 - Project Generator version: 3.14.1
2025-10-01 01:10:08,149 [INFO] ConfigFileManager:1271 - The Die is : DIE412
2025-10-01 01:10:08,154 [INFO] ApiDbMcu:468 - Load IP Config File for FATFS
2025-10-01 01:10:08,176 [INFO] ApiDbMcu:468 - Load IP Config File for FREERTOS
2025-10-01 01:10:08,186 [INFO] ApiDbMcu:468 - Load IP Config File for USB_DEVICE
2025-10-01 01:10:09,505 [INFO] ProjectBuilder:3789 - Time for Generating toolchain IDE Files: 1802mS.
2025-10-01 01:10:09,505 [INFO] ProjectBuilder:2457 - Time for Copy CMSIS : 0mS.
2025-10-01 01:10:09,506 [INFO] ProjectBuilder:2457 - Time for Copy CMSIS : 0mS.
2025-10-01 01:34:30,401 [INFO] Gpio:254 - dependency for GPIO []
2025-10-01 01:34:47,799 [INFO] Gpio:254 - dependency for GPIO []
2025-10-01 01:34:47,943 [INFO] NvicIntPanel:96 - NVIC parent = com.st.microxplorer.plugins.ip.nvic.MultiNvicIntPanel[,0,0,0x0,invalid,layout=javax.swing.BoxLayout,alignmentX=0.0,alignmentY=0.0,border=,flags=9,maximumSize=,minimumSize=,preferredSize=]
2025-10-01 01:36:10,421 [INFO] UtilMem:74 - End SaveConfig() Used Memory: 952958232 Bytes (1073741824)
2025-10-01 01:36:14,222 [INFO] UtilMem:74 - End SaveConfig() Used Memory: 968487080 Bytes (1073741824)
2025-10-01 01:36:19,609 [INFO] UtilMem:74 - End SaveConfig() Used Memory: 932584136 Bytes (1073741824)
2025-10-01 01:36:19,816 [INFO] BlockDiagram:2740 - set Specific Code input for plugin: NVIC
2025-10-01 01:36:19,816 [INFO] BlockDiagram:2740 - set Specific Code input for plugin: SYS
2025-10-01 01:36:19,816 [INFO] BlockDiagram:2740 - set Specific Code input for plugin: GPIO
2025-10-01 01:36:19,818 [INFO] BlockDiagram:2740 - set Specific Code input for plugin: RCC
2025-10-01 01:36:19,818 [INFO] BlockDiagram:2740 - set Specific Code input for plugin: TIM1_8F1
2025-10-01 01:36:19,818 [INFO] CodeGenerator:663 - code generatio: config db path: C:\ST\STM32CubeIDE_1.7.0\STM32CubeIDE\plugins\com.st.stm32cube.common.mx_6.3.0.202107141111\\db\
2025-10-01 01:36:19,978 [INFO] CodeEngine:239 - oldGeneratedFile, D:\ADUY\251\VXL_VDK\MCU_Lab2\Lab2\MXTmpFiles\license.tmp_save
2025-10-01 01:36:20,042 [INFO] CodeEngine:257 - Generated code: D:\ADUY\251\VXL_VDK\MCU_Lab2\Lab2\MXTmpFiles\license.tmp
2025-10-01 01:36:20,062 [INFO] CodeEngine:239 - oldGeneratedFile, D:\ADUY\251\VXL_VDK\MCU_Lab2\Lab2\MXTmpFiles\gpio.tmp_save
2025-10-01 01:36:20,105 [INFO] CodeEngine:257 - Generated code: D:\ADUY\251\VXL_VDK\MCU_Lab2\Lab2\MXTmpFiles\gpio.tmp
2025-10-01 01:36:20,181 [INFO] CodeEngine:239 - oldGeneratedFile, D:\ADUY\251\VXL_VDK\MCU_Lab2\Lab2\Core\Src\stm32f1xx_it.c_save
2025-10-01 01:36:20,265 [INFO] CodeEngine:257 - Generated code: D:\ADUY\251\VXL_VDK\MCU_Lab2\Lab2\Core\Src\stm32f1xx_it.c
2025-10-01 01:36:20,268 [INFO] CodeEngine:239 - oldGeneratedFile, D:\ADUY\251\VXL_VDK\MCU_Lab2\Lab2\Core\Inc\stm32f1xx_it.h_save
2025-10-01 01:36:20,381 [INFO] CodeEngine:257 - Generated code: D:\ADUY\251\VXL_VDK\MCU_Lab2\Lab2\Core\Inc\stm32f1xx_it.h
2025-10-01 01:36:20,399 [INFO] CodeEngine:239 - oldGeneratedFile, D:\ADUY\251\VXL_VDK\MCU_Lab2\Lab2\Core\Src\stm32f1xx_hal_msp.c_save
2025-10-01 01:36:20,458 [INFO] CodeEngine:257 - Generated code: D:\ADUY\251\VXL_VDK\MCU_Lab2\Lab2\Core\Src\stm32f1xx_hal_msp.c
2025-10-01 01:36:20,460 [INFO] CodeEngine:239 - oldGeneratedFile, D:\ADUY\251\VXL_VDK\MCU_Lab2\Lab2\MXTmpFiles\system.tmp_save
2025-10-01 01:36:20,508 [INFO] CodeEngine:257 - Generated code: D:\ADUY\251\VXL_VDK\MCU_Lab2\Lab2\MXTmpFiles\system.tmp
2025-10-01 01:36:20,526 [INFO] CodeEngine:239 - oldGeneratedFile, D:\ADUY\251\VXL_VDK\MCU_Lab2\Lab2\Core\Inc\stm32f1xx_hal_conf.h_save
2025-10-01 01:36:20,633 [INFO] CodeEngine:257 - Generated code: D:\ADUY\251\VXL_VDK\MCU_Lab2\Lab2\Core\Inc\stm32f1xx_hal_conf.h
2025-10-01 01:36:20,651 [WARN] IPConfigManager:3148 - IP not found : TIM
2025-10-01 01:36:20,651 [WARN] CodeGenerator:3268 - IP not found : null
2025-10-01 01:36:20,668 [INFO] CodeEngine:239 - oldGeneratedFile, D:\ADUY\251\VXL_VDK\MCU_Lab2\Lab2\Core\Inc\main.h_save
2025-10-01 01:36:20,731 [INFO] CodeEngine:257 - Generated code: D:\ADUY\251\VXL_VDK\MCU_Lab2\Lab2\Core\Inc\main.h
2025-10-01 01:36:20,763 [INFO] CodeEngine:239 - oldGeneratedFile, D:\ADUY\251\VXL_VDK\MCU_Lab2\Lab2\Core\Src\main.c_save
2025-10-01 01:36:20,857 [INFO] CodeEngine:257 - Generated code: D:\ADUY\251\VXL_VDK\MCU_Lab2\Lab2\Core\Src\main.c
2025-10-01 01:36:21,346 [INFO] ProjectBuilder:2578 - Time for Copy HAL[1] : 37mS.
2025-10-01 01:36:21,349 [INFO] ProjectBuilder:3622 - Project Generator version: 3.14.1
2025-10-01 01:36:21,791 [INFO] ConfigFileManager:1271 - The Die is : DIE412
2025-10-01 01:36:22,941 [INFO] ProjectBuilder:3789 - Time for Generating toolchain IDE Files: 1592mS.
2025-10-01 01:36:22,942 [INFO] ProjectBuilder:2457 - Time for Copy CMSIS : 1mS.
2025-10-01 01:36:22,943 [INFO] ProjectBuilder:2457 - Time for Copy CMSIS : 0mS.
2025-10-01 02:38:57,072 [INFO] DbMcusDocs:143 - JSON generation date=Tue Nov 16 23:17:54 ICT 2021 (1637079474)
2025-10-01 02:38:57,280 [INFO] DbMcusDocs:79 - Found 682 MCUs documents
2025-10-01 03:22:03,235 [INFO] Gpio:254 - dependency for GPIO []
2025-10-01 03:22:19,817 [INFO] NvicIntPanel:96 - NVIC parent = com.st.microxplorer.plugins.ip.nvic.MultiNvicIntPanel[,0,0,531x439,layout=javax.swing.BoxLayout,alignmentX=0.0,alignmentY=0.0,border=,flags=9,maximumSize=,minimumSize=,preferredSize=]
2025-10-01 04:22:43,988 [INFO] MainUpdater:2671 - connection check result : 10
2025-10-01 04:22:43,989 [INFO] MainUpdater:2671 - connection check result : 10
2025-10-01 04:22:44,036 [INFO] MicroXplorer:448 - Change Database Path : 
2025-10-01 04:22:44,036 [INFO] MicroXplorer:478 - Change Database Version : DB.6.0.30
2025-10-01 04:22:44,036 [WARN] ThirdParty:813 - waiting for thirdparty lock release [close project]
2025-10-01 04:22:44,036 [INFO] ThirdParty:815 - entering critical section [close project]
2025-10-01 04:22:44,036 [INFO] ThirdParty:825 - exiting critical section [close project]
2025-10-01 04:22:44,037 [INFO] PinOutPanel:1463 - setPackage(No Configuration,No Configuration)
2025-10-01 04:22:44,039 [INFO] UtilMem:74 - Begin LoadConfig() Used Memory: 942017032 Bytes (1073741824)
2025-10-01 04:22:44,040 [INFO] MicroXplorer:448 - Change Database Path : 
2025-10-01 04:22:44,040 [INFO] MicroXplorer:478 - Change Database Version : DB.6.0.30
2025-10-01 04:22:44,040 [INFO] OpenFileManager:313 - Change cursor
2025-10-01 04:22:44,065 [INFO] RulesReader:57 - Compatibility file has been processed (242 Rules)
2025-10-01 04:22:44,442 [INFO] Context:592 - Trying to add GPIOservice into a context  which must be forbidden
2025-10-01 04:22:44,563 [WARN] ApiManager:304 - Cannot register API 'Board Extension:PM33A1' from pack STMicroelectronics.X-CUBE-PM33A1.1.0.0: no header file found
2025-10-01 04:22:44,564 [WARN] ApiManager:304 - Cannot register API 'Board Extension:NFC09A1' from pack STMicroelectronics.X-CUBE-NFC9.1.0.0: no header file found
2025-10-01 04:22:44,566 [WARN] ApiManager:304 - Cannot register API 'Wireless:BlueNRG-MS' from pack STMicroelectronics.X-CUBE-BLE1.7.1.0: no header file found
2025-10-01 04:22:44,568 [WARN] ApiManager:304 - Cannot register API 'Board Extension:EEPRMA2' from pack STMicroelectronics.X-CUBE-EEPRMA1.5.2.0: no header file found
2025-10-01 04:22:44,568 [WARN] ApiManager:304 - Cannot register API 'Board Extension:PGEEZ1' from pack STMicroelectronics.X-CUBE-EEPRMA1.5.2.0: no header file found
2025-10-01 04:22:44,568 [WARN] ApiManager:304 - Cannot register API 'Board Extension:EEICA1' from pack STMicroelectronics.X-CUBE-EEPRMA1.5.2.0: no header file found
2025-10-01 04:22:44,568 [WARN] ApiManager:304 - Cannot register API 'Board Part:M24' from pack STMicroelectronics.X-CUBE-EEPRMA1.5.2.0: no header file found
2025-10-01 04:22:44,568 [WARN] ApiManager:304 - Cannot register API 'Board Part:M95' from pack STMicroelectronics.X-CUBE-EEPRMA1.5.2.0: no header file found
2025-10-01 04:22:44,568 [WARN] ApiManager:304 - Cannot register API 'Board Part:M95P32' from pack STMicroelectronics.X-CUBE-EEPRMA1.5.2.0: no header file found
2025-10-01 04:22:44,568 [WARN] ApiManager:304 - Cannot register API 'Board Part:M24256E-F' from pack STMicroelectronics.X-CUBE-EEPRMA1.5.2.0: no header file found
2025-10-01 04:22:44,569 [WARN] ApiManager:304 - Cannot register API 'Board Part:M24M01E-F' from pack STMicroelectronics.X-CUBE-EEPRMA1.5.2.0: no header file found
2025-10-01 04:22:44,569 [WARN] ApiManager:304 - Cannot register API 'PGEEZ1:SPI' from pack STMicroelectronics.X-CUBE-EEPRMA1.5.2.0: no header file found
2025-10-01 04:22:44,569 [WARN] ApiManager:304 - Cannot register API 'PGEEZ1:QDSPI' from pack STMicroelectronics.X-CUBE-EEPRMA1.5.2.0: no header file found
2025-10-01 04:22:44,570 [WARN] ApiManager:304 - Cannot register API 'Board Extension:GNSS1A1' from pack STMicroelectronics.X-CUBE-GNSS1.7.0.1: no header file found
2025-10-01 04:22:44,570 [WARN] ApiManager:304 - Cannot register API 'Board Support:Custom' from pack STMicroelectronics.X-CUBE-GNSS1.7.0.1: no header file found
2025-10-01 04:22:44,571 [WARN] ApiManager:304 - Cannot register API 'Data Exchange:lib_gnss' from pack STMicroelectronics.X-CUBE-GNSS1.7.0.1: no header file found
2025-10-01 04:22:44,572 [WARN] ApiManager:304 - Cannot register API 'Board Extension:NFC12A1' from pack STMicroelectronics.X-CUBE-NFC12.1.0.0: no header file found
2025-10-01 04:22:44,575 [WARN] ApiManager:304 - Cannot register API 'Board Extension:NFC06A1' from pack STMicroelectronics.X-CUBE-NFC6.3.1.0: no header file found
2025-10-01 04:22:44,575 [WARN] ApiManager:304 - Cannot register API 'Board Extension:NFC08A1' from pack STMicroelectronics.X-CUBE-NFC6.3.1.0: no header file found
2025-10-01 04:22:44,576 [INFO] RtosManager:484 - Registered RTOS mode: class=CMSIS, group=RTOS, mode=CMSIS_V1, owner=FREERTOS
2025-10-01 04:22:44,576 [INFO] RtosManager:484 - Registered RTOS mode: class=CMSIS, group=RTOS2, mode=CMSIS_V2, owner=FREERTOS
2025-10-01 04:22:44,576 [INFO] RtosManager:484 - Registered RTOS mode: class=RTOS, group=Core, mode=CMSIS_V1, owner=FREERTOS
2025-10-01 04:22:44,576 [INFO] RtosManager:484 - Registered RTOS mode: class=RTOS, group=Core, mode=CMSIS_V2, owner=FREERTOS
2025-10-01 04:22:44,576 [WARN] ModelIntegratedComponent:181 - Missing modes for component STMicroelectronics:FreeRTOS:0.0.1:STMicroelectronics:RTOS:FreeRTOS:Core:::10.2.0:
2025-10-01 04:22:44,577 [WARN] ApiManager:304 - Cannot register API 'Board Extension:STSAFEA1' from pack STMicroelectronics.X-CUBE-SAFEA1.1.2.2: no header file found
2025-10-01 04:22:44,577 [WARN] ApiManager:304 - Cannot register API 'Board Part:STSAFEA110' from pack STMicroelectronics.X-CUBE-SAFEA1.1.2.2: no header file found
2025-10-01 04:22:44,578 [WARN] ApiManager:304 - Cannot register API 'Security:ST_Cryptolib' from pack STMicroelectronics.X-CUBE-SAFEA1.1.2.2: no header file found
2025-10-01 04:22:44,578 [WARN] ApiManager:304 - Cannot register API 'Security:MbedTLS' from pack STMicroelectronics.X-CUBE-SAFEA1.1.2.2: no header file found
2025-10-01 04:22:44,578 [WARN] ApiManager:304 - Cannot register API 'Board Extension:NFC04A1' from pack STMicroelectronics.X-CUBE-NFC4.3.0.0: no header file found
2025-10-01 04:22:44,580 [WARN] ApiManager:304 - Cannot register API 'Board Extension:S2868A1' from pack STMicroelectronics.X-CUBE-SUBG2.5.0.0: no header file found
2025-10-01 04:22:44,581 [WARN] ApiManager:304 - Cannot register API 'Board Extension:S2868A2' from pack STMicroelectronics.X-CUBE-SUBG2.5.0.0: no header file found
2025-10-01 04:22:44,581 [WARN] ApiManager:304 - Cannot register API 'Board Extension:S2915A1' from pack STMicroelectronics.X-CUBE-SUBG2.5.0.0: no header file found
2025-10-01 04:22:44,582 [WARN] ApiManager:304 - Cannot register API 'Wireless:STM32WB05N' from pack STMicroelectronics.X-CUBE-WB05N.2.0.0: no header file found
2025-10-01 04:22:44,584 [WARN] ApiManager:304 - Cannot register API 'Board Extension:NFC07A1' from pack STMicroelectronics.X-CUBE-NFC7.2.0.0: no header file found
2025-10-01 04:22:44,585 [WARN] ApiManager:304 - Cannot register API 'Board Extension:NFC10A1' from pack STMicroelectronics.X-CUBE-NFC10.1.0.0: no header file found
2025-10-01 04:22:44,585 [WARN] ModelIntegratedComponent:60 - No mode defined for component null
2025-10-01 04:22:44,585 [WARN] ModelIntegratedComponent:60 - No mode defined for component null
2025-10-01 04:22:44,585 [WARN] ModelIntegratedComponent:60 - No mode defined for component null
2025-10-01 04:22:44,585 [WARN] ModelIntegratedComponent:60 - No mode defined for component null
2025-10-01 04:22:44,585 [WARN] ModelIntegratedComponent:60 - No mode defined for component null
2025-10-01 04:22:44,585 [WARN] ModelIntegratedComponent:60 - No mode defined for component null
2025-10-01 04:22:44,585 [WARN] ModelIntegratedComponent:60 - No mode defined for component null
2025-10-01 04:22:44,586 [WARN] ModelIntegratedComponent:60 - No mode defined for component null
2025-10-01 04:22:44,586 [WARN] ModelIntegratedComponent:60 - No mode defined for component null
2025-10-01 04:22:44,586 [WARN] ModelIntegratedComponent:60 - No mode defined for component null
2025-10-01 04:22:44,586 [WARN] ModelIntegratedComponent:60 - No mode defined for component null
2025-10-01 04:22:44,586 [WARN] ModelIntegratedComponent:60 - No mode defined for component null
2025-10-01 04:22:44,586 [WARN] ModelIntegratedComponent:60 - No mode defined for component null
2025-10-01 04:22:44,586 [WARN] ModelIntegratedComponent:60 - No mode defined for component null
2025-10-01 04:22:44,586 [WARN] ModelIntegratedComponent:60 - No mode defined for component null
2025-10-01 04:22:44,586 [WARN] ModelIntegratedComponent:60 - No mode defined for component null
2025-10-01 04:22:44,586 [WARN] ModelIntegratedComponent:60 - No mode defined for component null
2025-10-01 04:22:44,586 [WARN] ModelIntegratedComponent:60 - No mode defined for component null
2025-10-01 04:22:44,586 [WARN] ModelIntegratedComponent:60 - No mode defined for component null
2025-10-01 04:22:44,586 [WARN] ModelIntegratedComponent:60 - No mode defined for component null
2025-10-01 04:22:44,586 [WARN] ModelIntegratedComponent:60 - No mode defined for component null
2025-10-01 04:22:44,586 [WARN] ModelIntegratedComponent:60 - No mode defined for component null
2025-10-01 04:22:44,586 [WARN] ModelIntegratedComponent:60 - No mode defined for component null
2025-10-01 04:22:44,587 [WARN] ModelIntegratedComponent:60 - No mode defined for component null
2025-10-01 04:22:44,587 [WARN] ModelIntegratedComponent:60 - No mode defined for component null
2025-10-01 04:22:44,587 [WARN] ModelIntegratedComponent:60 - No mode defined for component null
2025-10-01 04:22:44,587 [WARN] ModelIntegratedComponent:60 - No mode defined for component null
2025-10-01 04:22:44,587 [WARN] ModelIntegratedComponent:60 - No mode defined for component null
2025-10-01 04:22:44,587 [WARN] ModelIntegratedComponent:60 - No mode defined for component null
2025-10-01 04:22:44,587 [WARN] ModelIntegratedComponent:60 - No mode defined for component null
2025-10-01 04:22:44,587 [WARN] ModelIntegratedComponent:60 - No mode defined for component null
2025-10-01 04:22:44,588 [WARN] ApiManager:304 - Cannot register API 'Board Extension:SAFEA1' from pack STMicroelectronics.X-CUBE-STSE01.1.0.0: no header file found
2025-10-01 04:22:44,588 [WARN] ApiManager:304 - Cannot register API 'Board Extension:ESE01A1' from pack STMicroelectronics.X-CUBE-STSE01.1.0.0: no header file found
2025-10-01 04:22:44,588 [WARN] ApiManager:304 - Cannot register API 'Board Part:STSAFEA110' from pack STMicroelectronics.X-CUBE-STSE01.1.0.0: no header file found
2025-10-01 04:22:44,588 [WARN] ApiManager:304 - Cannot register API 'Board Part:STSAFEA120' from pack STMicroelectronics.X-CUBE-STSE01.1.0.0: no header file found
2025-10-01 04:22:44,588 [WARN] ApiManager:304 - Cannot register API 'Security:STM32_Cryptographic' from pack STMicroelectronics.X-CUBE-STSE01.1.0.0: no header file found
2025-10-01 04:22:44,588 [WARN] ApiManager:304 - Cannot register API 'Security:STSELib' from pack STMicroelectronics.X-CUBE-STSE01.1.0.0: no header file found
2025-10-01 04:22:44,723 [WARN] ApiManager:304 - Cannot register API 'Board Extension:IKS01A3' from pack STMicroelectronics.X-CUBE-MEMS1.11.3.0: no header file found
2025-10-01 04:22:44,723 [WARN] ApiManager:304 - Cannot register API 'Board Extension:IKS02A1' from pack STMicroelectronics.X-CUBE-MEMS1.11.3.0: no header file found
2025-10-01 04:22:44,723 [WARN] ApiManager:304 - Cannot register API 'Board Extension:IKS4A1' from pack STMicroelectronics.X-CUBE-MEMS1.11.3.0: no header file found
2025-10-01 04:22:44,734 [WARN] ApiManager:304 - Cannot register API 'Board Extension:S2868A1' from pack STMicroelectronics.X-CUBE-SFXS2LP1.4.0.0: no header file found
2025-10-01 04:22:44,734 [WARN] ApiManager:304 - Cannot register API 'Board Extension:S2868A2' from pack STMicroelectronics.X-CUBE-SFXS2LP1.4.0.0: no header file found
2025-10-01 04:22:44,734 [WARN] ApiManager:304 - Cannot register API 'Board Extension:S2915A1' from pack STMicroelectronics.X-CUBE-SFXS2LP1.4.0.0: no header file found
2025-10-01 04:22:44,735 [WARN] ApiManager:304 - Cannot register API 'Wireless:BlueNRG-2' from pack STMicroelectronics.X-CUBE-BLE2.3.3.0: no header file found
2025-10-01 04:22:45,959 [INFO] UtilMem:74 - End LoadConfig() Used Memory: 924985016 Bytes (1073741824)
2025-10-01 04:22:45,960 [WARN] ThirdParty:779 - waiting for thirdparty lock release [change project]
2025-10-01 04:22:45,960 [INFO] ThirdParty:781 - entering critical section [change project]
2025-10-01 04:22:45,960 [INFO] ThirdParty:967 - CMSIS Pack Vendor :STMicroelectronics X-CUBE-PM33A1 1.0.0
2025-10-01 04:22:45,960 [INFO] ThirdParty:967 - CMSIS Pack Vendor :STMicroelectronics X-CUBE-NFC9 1.0.0
2025-10-01 04:22:45,960 [INFO] ThirdParty:967 - CMSIS Pack Vendor :STMicroelectronics USB_HOST 2.0.0
2025-10-01 04:22:45,960 [INFO] ThirdParty:967 - CMSIS Pack Vendor :STMicroelectronics X-CUBE-AZRTOS-F4 1.1.0
2025-10-01 04:22:45,960 [INFO] ThirdParty:967 - CMSIS Pack Vendor :STMicroelectronics FP-ATR-ASTRA1 2.0.2
2025-10-01 04:22:45,960 [INFO] ThirdParty:967 - CMSIS Pack Vendor :wolfSSL I-CUBE-wolfSSL 5.8.2
2025-10-01 04:22:45,960 [INFO] ThirdParty:967 - CMSIS Pack Vendor :STMicroelectronics X-CUBE-BLE1 7.1.0
2025-10-01 04:22:45,961 [INFO] ThirdParty:967 - CMSIS Pack Vendor :wolfSSL I-CUBE-wolfMQTT 1.19.2
2025-10-01 04:22:45,961 [INFO] ThirdParty:967 - CMSIS Pack Vendor :STMicroelectronics USB_DEVICE 3.0.0
2025-10-01 04:22:45,961 [INFO] ThirdParty:967 - CMSIS Pack Vendor :STMicroelectronics X-CUBE-ISPU 2.1.0
2025-10-01 04:22:45,961 [INFO] ThirdParty:967 - CMSIS Pack Vendor :STMicroelectronics X-CUBE-EEPRMA1 5.2.0
2025-10-01 04:22:45,961 [INFO] ThirdParty:967 - CMSIS Pack Vendor :STMicroelectronics X-CUBE-AZRTOS-WB 2.0.0
2025-10-01 04:22:45,961 [INFO] ThirdParty:967 - CMSIS Pack Vendor :STMicroelectronics X-CUBE-GNSS1 7.0.1
2025-10-01 04:22:45,961 [INFO] ThirdParty:967 - CMSIS Pack Vendor :STMicroelectronics X-CUBE-NFC12 1.0.0
2025-10-01 04:22:45,961 [INFO] ThirdParty:967 - CMSIS Pack Vendor :STMicroelectronics X-CUBE-AZRTOS-F7 1.1.0
2025-10-01 04:22:45,961 [INFO] ThirdParty:967 - CMSIS Pack Vendor :STMicroelectronics X-CUBE-AZRTOS-L5 2.0.0
2025-10-01 04:22:45,961 [INFO] ThirdParty:967 - CMSIS Pack Vendor :STMicroelectronics X-CUBE-TOUCHGFX 4.25.0
2025-10-01 04:22:45,961 [INFO] ThirdParty:967 - CMSIS Pack Vendor :STMicroelectronics USB_DEVICE 2.0.0
2025-10-01 04:22:45,961 [INFO] ThirdParty:967 - CMSIS Pack Vendor :STMicroelectronics X-CUBE-NFC6 3.1.0
2025-10-01 04:22:45,961 [INFO] ThirdParty:967 - CMSIS Pack Vendor :STMicroelectronics FreeRTOS 0.0.1
2025-10-01 04:22:45,961 [INFO] ThirdParty:967 - CMSIS Pack Vendor :STMicroelectronics X-CUBE-AZRTOS-G0 1.1.0
2025-10-01 04:22:45,961 [INFO] ThirdParty:967 - CMSIS Pack Vendor :STMicroelectronics X-CUBE-SAFEA1 1.2.2
2025-10-01 04:22:45,961 [INFO] ThirdParty:967 - CMSIS Pack Vendor :STMicroelectronics X-CUBE-NFC4 3.0.0
2025-10-01 04:22:45,961 [INFO] ThirdParty:967 - CMSIS Pack Vendor :STMicroelectronics X-CUBE-SUBG2 5.0.0
2025-10-01 04:22:45,961 [INFO] ThirdParty:967 - CMSIS Pack Vendor :STMicroelectronics X-CUBE-AZRTOS-H7RS 1.1.0
2025-10-01 04:22:45,961 [INFO] ThirdParty:967 - CMSIS Pack Vendor :STMicroelectronics lwIP 2.0.3
2025-10-01 04:22:45,961 [INFO] ThirdParty:967 - CMSIS Pack Vendor :STMicroelectronics USB_HOST 1.0.0
2025-10-01 04:22:45,961 [INFO] ThirdParty:967 - CMSIS Pack Vendor :STMicroelectronics X-CUBE-AZRTOS-G4 2.0.0
2025-10-01 04:22:45,961 [INFO] ThirdParty:967 - CMSIS Pack Vendor :STMicroelectronics X-CUBE-WB05N 2.0.0
2025-10-01 04:22:45,961 [INFO] ThirdParty:967 - CMSIS Pack Vendor :STMicroelectronics PDM2PCM 3.1.0
2025-10-01 04:22:45,961 [INFO] ThirdParty:967 - CMSIS Pack Vendor :STMicroelectronics PDM2PCM 3.3.0
2025-10-01 04:22:45,961 [INFO] ThirdParty:967 - CMSIS Pack Vendor :wolfSSL I-CUBE-wolfTPM 3.8.0
2025-10-01 04:22:45,961 [INFO] ThirdParty:967 - CMSIS Pack Vendor :STMicroelectronics X-CUBE-AZRTOS-H7 3.4.0
2025-10-01 04:22:45,961 [INFO] ThirdParty:967 - CMSIS Pack Vendor :wolfSSL I-CUBE-wolfSSH 1.4.20
2025-10-01 04:22:45,962 [INFO] ThirdParty:967 - CMSIS Pack Vendor :STMicroelectronics X-CUBE-NFC7 2.0.0
2025-10-01 04:22:45,962 [INFO] ThirdParty:967 - CMSIS Pack Vendor :STMicroelectronics FP-ATR-SIGFOX1 3.2.0
2025-10-01 04:22:45,962 [INFO] ThirdParty:967 - CMSIS Pack Vendor :STMicroelectronics X-CUBE-NFC10 1.0.0
2025-10-01 04:22:45,962 [INFO] ThirdParty:967 - CMSIS Pack Vendor :STMicroelectronics HAL Drivers 0.0.0
2025-10-01 04:22:45,962 [INFO] ThirdParty:967 - CMSIS Pack Vendor :STMicroelectronics MBEDTLS 2.16.2
2025-10-01 04:22:45,962 [INFO] ThirdParty:967 - CMSIS Pack Vendor :STMicroelectronics MBEDTLS 2.14.1
2025-10-01 04:22:45,962 [INFO] ThirdParty:967 - CMSIS Pack Vendor :STMicroelectronics X-CUBE-STSE01 1.0.0
2025-10-01 04:22:45,962 [INFO] ThirdParty:967 - CMSIS Pack Vendor :STMicroelectronics X-CUBE-AI 10.2.0
2025-10-01 04:22:45,962 [INFO] ThirdParty:967 - CMSIS Pack Vendor :STMicroelectronics X-CUBE-AZRTOS-WL 2.0.0
2025-10-01 04:22:45,962 [INFO] ThirdParty:967 - CMSIS Pack Vendor :SEGGER I-CUBE-embOS 1.3.1
2025-10-01 04:22:45,962 [INFO] ThirdParty:967 - CMSIS Pack Vendor :STMicroelectronics X-CUBE-ALGOBUILD 1.4.0
2025-10-01 04:22:45,962 [INFO] ThirdParty:967 - CMSIS Pack Vendor :STMicroelectronics X-CUBE-MEMS1 11.3.0
2025-10-01 04:22:45,962 [INFO] ThirdParty:967 - CMSIS Pack Vendor :STMicroelectronics USB_DEVICE 1.0.0
2025-10-01 04:22:45,962 [INFO] ThirdParty:967 - CMSIS Pack Vendor :STMicroelectronics X-CUBE-AZRTOS-L4 2.0.0
2025-10-01 04:22:45,962 [INFO] ThirdParty:967 - CMSIS Pack Vendor :STMicroelectronics ThreadX 0.0.2
2025-10-01 04:22:45,962 [INFO] ThirdParty:967 - CMSIS Pack Vendor :STMicroelectronics lwIP 2.1.2
2025-10-01 04:22:45,962 [INFO] ThirdParty:967 - CMSIS Pack Vendor :STMicroelectronics X-CUBE-SFXS2LP1 4.0.0
2025-10-01 04:22:45,962 [INFO] ThirdParty:967 - CMSIS Pack Vendor :STMicroelectronics X-CUBE-BLE2 3.3.0
2025-10-01 04:22:45,962 [INFO] ThirdParty:967 - CMSIS Pack Vendor :STMicroelectronics PDM2PCM 3.2.0
2025-10-01 04:22:45,962 [INFO] ThirdParty:787 - exiting critical section [change project]
2025-10-01 04:22:46,031 [INFO] PinOutPanel:1463 - setPackage(No Configuration,No Configuration)
2025-10-01 04:22:46,032 [INFO] PinOutPanel:1463 - setPackage(STM32F103C6Ux,UFQFPN48)
2025-10-01 04:22:46,188 [INFO] UtilMem:74 - Before build in PCC Used Memory: 914061528 Bytes (1073741824)
2025-10-01 04:22:46,378 [INFO] UtilMem:74 - After build in PCC Used Memory: 936804168 Bytes (1073741824)
2025-10-01 04:22:46,389 [INFO] IPUIPlugin:74 - create IPUIPlugin
2025-10-01 04:22:46,389 [INFO] IPUIPlugin:74 - create IPUIPlugin
2025-10-01 04:22:46,389 [INFO] IPUIPlugin:74 - create IPUIPlugin
2025-10-01 04:22:46,389 [INFO] IPUIPlugin:74 - create IPUIPlugin
2025-10-01 04:22:46,389 [INFO] IPUIPlugin:74 - create IPUIPlugin
2025-10-01 04:22:46,389 [INFO] IPUIPlugin:74 - create IPUIPlugin
2025-10-01 04:22:46,389 [INFO] IPUIPlugin:74 - create IPUIPlugin
2025-10-01 04:22:46,389 [INFO] IPUIPlugin:74 - create IPUIPlugin
2025-10-01 04:22:46,390 [INFO] IPUIPlugin:74 - create IPUIPlugin
2025-10-01 04:22:46,390 [INFO] IPUIPlugin:74 - create IPUIPlugin
2025-10-01 04:22:46,390 [INFO] IPUIPlugin:74 - create IPUIPlugin
2025-10-01 04:22:46,390 [INFO] IPUIPlugin:74 - create IPUIPlugin
2025-10-01 04:22:46,390 [INFO] IPUIPlugin:74 - create IPUIPlugin
2025-10-01 04:22:46,390 [INFO] IPUIPlugin:74 - create IPUIPlugin
2025-10-01 04:22:46,390 [INFO] IPUIPlugin:74 - create IPUIPlugin
2025-10-01 04:22:46,390 [INFO] IPUIPlugin:74 - create IPUIPlugin
2025-10-01 04:22:46,391 [INFO] IPUIPlugin:74 - create IPUIPlugin
2025-10-01 04:22:46,391 [INFO] IPUIPlugin:74 - create IPUIPlugin
2025-10-01 04:22:46,391 [INFO] IPUIPlugin:74 - create IPUIPlugin
2025-10-01 04:22:46,391 [INFO] IPUIPlugin:74 - create IPUIPlugin
2025-10-01 04:22:46,391 [INFO] IPUIPlugin:74 - create IPUIPlugin
2025-10-01 04:22:46,392 [INFO] IPUIPlugin:74 - create IPUIPlugin
2025-10-01 04:22:46,392 [INFO] IPUIPlugin:74 - create IPUIPlugin
2025-10-01 04:22:46,405 [INFO] OpenFileManager:333 - Restore cursor
2025-10-01 05:18:14,215 [INFO] UtilMem:74 - End SaveConfig() Used Memory: 908044464 Bytes (1073741824)
2025-10-01 05:18:17,394 [INFO] UtilMem:74 - End SaveConfig() Used Memory: 928821840 Bytes (1073741824)
2025-10-01 05:18:19,085 [INFO] UtilMem:74 - End SaveConfig() Used Memory: 917223280 Bytes (1073741824)
2025-10-01 05:18:19,255 [INFO] BlockDiagram:2740 - set Specific Code input for plugin: NVIC
2025-10-01 05:18:19,255 [INFO] BlockDiagram:2740 - set Specific Code input for plugin: SYS
2025-10-01 05:18:19,255 [INFO] BlockDiagram:2740 - set Specific Code input for plugin: GPIO
2025-10-01 05:18:19,255 [INFO] BlockDiagram:2740 - set Specific Code input for plugin: RCC
2025-10-01 05:18:19,255 [INFO] BlockDiagram:2740 - set Specific Code input for plugin: TIM1_8F1
2025-10-01 05:18:19,256 [INFO] CodeGenerator:663 - code generatio: config db path: C:\ST\STM32CubeIDE_1.7.0\STM32CubeIDE\plugins\com.st.stm32cube.common.mx_6.3.0.202107141111\\db\
2025-10-01 05:18:19,488 [INFO] CodeEngine:239 - oldGeneratedFile, D:\ADUY\251\VXL_VDK\MCU_Lab2\Lab2\MXTmpFiles\license.tmp_save
2025-10-01 05:18:19,576 [INFO] CodeEngine:257 - Generated code: D:\ADUY\251\VXL_VDK\MCU_Lab2\Lab2\MXTmpFiles\license.tmp
2025-10-01 05:18:19,632 [INFO] CodeEngine:239 - oldGeneratedFile, D:\ADUY\251\VXL_VDK\MCU_Lab2\Lab2\MXTmpFiles\gpio.tmp_save
2025-10-01 05:18:19,707 [INFO] CodeEngine:257 - Generated code: D:\ADUY\251\VXL_VDK\MCU_Lab2\Lab2\MXTmpFiles\gpio.tmp
2025-10-01 05:18:19,882 [INFO] CodeEngine:239 - oldGeneratedFile, D:\ADUY\251\VXL_VDK\MCU_Lab2\Lab2\Core\Src\stm32f1xx_it.c_save
2025-10-01 05:18:19,983 [INFO] CodeEngine:257 - Generated code: D:\ADUY\251\VXL_VDK\MCU_Lab2\Lab2\Core\Src\stm32f1xx_it.c
2025-10-01 05:18:20,004 [INFO] CodeEngine:239 - oldGeneratedFile, D:\ADUY\251\VXL_VDK\MCU_Lab2\Lab2\Core\Inc\stm32f1xx_it.h_save
2025-10-01 05:18:20,084 [INFO] CodeEngine:257 - Generated code: D:\ADUY\251\VXL_VDK\MCU_Lab2\Lab2\Core\Inc\stm32f1xx_it.h
2025-10-01 05:18:20,106 [INFO] CodeEngine:239 - oldGeneratedFile, D:\ADUY\251\VXL_VDK\MCU_Lab2\Lab2\Core\Src\stm32f1xx_hal_msp.c_save
2025-10-01 05:18:20,216 [INFO] CodeEngine:257 - Generated code: D:\ADUY\251\VXL_VDK\MCU_Lab2\Lab2\Core\Src\stm32f1xx_hal_msp.c
2025-10-01 05:18:20,218 [INFO] CodeEngine:239 - oldGeneratedFile, D:\ADUY\251\VXL_VDK\MCU_Lab2\Lab2\MXTmpFiles\system.tmp_save
2025-10-01 05:18:20,280 [INFO] CodeEngine:257 - Generated code: D:\ADUY\251\VXL_VDK\MCU_Lab2\Lab2\MXTmpFiles\system.tmp
2025-10-01 05:18:20,304 [INFO] CodeEngine:239 - oldGeneratedFile, D:\ADUY\251\VXL_VDK\MCU_Lab2\Lab2\Core\Inc\stm32f1xx_hal_conf.h_save
2025-10-01 05:18:20,406 [INFO] CodeEngine:257 - Generated code: D:\ADUY\251\VXL_VDK\MCU_Lab2\Lab2\Core\Inc\stm32f1xx_hal_conf.h
2025-10-01 05:18:20,450 [WARN] IPConfigManager:3148 - IP not found : TIM
2025-10-01 05:18:20,451 [WARN] CodeGenerator:3268 - IP not found : null
2025-10-01 05:18:20,480 [INFO] CodeEngine:239 - oldGeneratedFile, D:\ADUY\251\VXL_VDK\MCU_Lab2\Lab2\Core\Inc\main.h_save
2025-10-01 05:18:20,597 [INFO] CodeEngine:257 - Generated code: D:\ADUY\251\VXL_VDK\MCU_Lab2\Lab2\Core\Inc\main.h
2025-10-01 05:18:20,617 [INFO] CodeEngine:239 - oldGeneratedFile, D:\ADUY\251\VXL_VDK\MCU_Lab2\Lab2\Core\Src\main.c_save
2025-10-01 05:18:20,763 [INFO] CodeEngine:257 - Generated code: D:\ADUY\251\VXL_VDK\MCU_Lab2\Lab2\Core\Src\main.c
2025-10-01 05:18:21,465 [INFO] ProjectBuilder:2578 - Time for Copy HAL[1] : 43mS.
2025-10-01 05:18:21,467 [INFO] ProjectBuilder:3622 - Project Generator version: 3.14.1
2025-10-01 05:18:21,723 [INFO] ConfigFileManager:1271 - The Die is : DIE412
2025-10-01 05:18:21,729 [INFO] ApiDbMcu:468 - Load IP Config File for FATFS
2025-10-01 05:18:21,742 [INFO] ApiDbMcu:468 - Load IP Config File for FREERTOS
2025-10-01 05:18:21,754 [INFO] ApiDbMcu:468 - Load IP Config File for USB_DEVICE
2025-10-01 05:18:23,045 [INFO] ProjectBuilder:3789 - Time for Generating toolchain IDE Files: 1578mS.
2025-10-01 05:18:23,046 [INFO] ProjectBuilder:2457 - Time for Copy CMSIS : 1mS.
2025-10-01 05:18:23,046 [INFO] ProjectBuilder:2457 - Time for Copy CMSIS : 0mS.
2025-10-11 23:53:42,705 [INFO] Activator:177 - 


2025-10-11 23:53:42,711 [INFO] Activator:178 - !SESSION log4j initialized
2025-10-12 02:45:50,251 [INFO] McuFinderGlobals:39 - Set McuFinder mode to 2 (CubeIDE integrated)
2025-10-12 02:45:50,744 [INFO] ApplicationProperties:181 - Using Application install path: C:\ST\STM32CubeIDE_1.7.0\STM32CubeIDE\plugins\com.st.stm32cube.common.mx_6.3.0.202107141111
2025-10-12 02:45:50,762 [INFO] DbMcusXml:74 - Set database path to: C:\ST\STM32CubeIDE_1.7.0\STM32CubeIDE\plugins\com.st.stm32cube.common.mx_6.3.0.202107141111\\db\/mcu/
2025-10-12 02:45:50,767 [INFO] DbBoardsPdsc:56 - Set plugin database path to: C:\ST\STM32CubeIDE_1.7.0\STM32CubeIDE\plugins\com.st.stm32cube.common.mx_6.3.0.202107141111\\db\/plugins/boardmanager/
2025-10-12 02:45:50,767 [INFO] DbMcus:258 - Set plugin images path to: C:\ST\STM32CubeIDE_1.7.0\STM32CubeIDE\plugins\com.st.stm32cube.common.mx_6.3.0.202107141111\\db\/plugins/mcufinder/images/
2025-10-12 02:45:50,767 [INFO] DbBoards:264 - Set plugin images path to: C:\ST\STM32CubeIDE_1.7.0\STM32CubeIDE\plugins\com.st.stm32cube.common.mx_6.3.0.202107141111\\db\/plugins/mcufinder/images/
2025-10-12 02:45:50,770 [INFO] DbExamples:333 - Set plugin images path to: C:\ST\STM32CubeIDE_1.7.0\STM32CubeIDE\plugins\com.st.stm32cube.common.mx_6.3.0.202107141111\\db\/plugins/mcufinder/images/
2025-10-12 02:45:50,779 [INFO] DbMcusAds:119 - Set database path to: C:\Users\ANH DUY\.stmcufinder\plugins\mcufinder//mcu/
2025-10-12 02:45:50,780 [INFO] DbMcusDocs:110 - Set database path to: C:\Users\ANH DUY\.stmcufinder\plugins\mcufinder//mcu/
2025-10-12 02:45:50,782 [INFO] DbMcusJson:64 - Set database path to: C:\Users\ANH DUY\.stmcufinder\plugins\mcufinder//mcu/
2025-10-12 02:45:50,784 [INFO] DbBoardsDocs:110 - Set database path to: C:\Users\ANH DUY\.stmcufinder\plugins\mcufinder//mcu/
2025-10-12 02:45:50,785 [INFO] DbBoardsJson:57 - Set database path to: C:\Users\ANH DUY\.stmcufinder\plugins\mcufinder//mcu/
2025-10-12 02:45:50,881 [INFO] CrossReferenceDbSqlite:196 - Set database path to: C:\Users\ANH DUY\.stmcufinder\plugins\mcufinder//mcu/cs/
2025-10-12 02:45:50,890 [INFO] DbExamplesSqlite:767 - Set database path to: C:\Users\ANH DUY\.stmcufinder\plugins\mcufinder//mcu/
2025-10-12 02:45:51,010 [INFO] RulesReader:57 - Compatibility file has been processed (242 Rules)
2025-10-12 02:45:51,105 [INFO] DbMcusXml:74 - Set database path to: C:\ST\STM32CubeIDE_1.7.0\STM32CubeIDE\plugins\com.st.stm32cube.common.mx_6.3.0.202107141111\\db\/mcu/
2025-10-12 02:45:51,106 [INFO] DbBoardsPdsc:56 - Set plugin database path to: C:\ST\STM32CubeIDE_1.7.0\STM32CubeIDE\plugins\com.st.stm32cube.common.mx_6.3.0.202107141111\\db\/plugins/boardmanager/
2025-10-12 02:45:51,106 [INFO] DbMcus:258 - Set plugin images path to: C:\ST\STM32CubeIDE_1.7.0\STM32CubeIDE\plugins\com.st.stm32cube.common.mx_6.3.0.202107141111\\db\/plugins/mcufinder/images/
2025-10-12 02:45:51,106 [INFO] DbBoards:264 - Set plugin images path to: C:\ST\STM32CubeIDE_1.7.0\STM32CubeIDE\plugins\com.st.stm32cube.common.mx_6.3.0.202107141111\\db\/plugins/mcufinder/images/
2025-10-12 02:45:51,106 [INFO] DbExamples:333 - Set plugin images path to: C:\ST\STM32CubeIDE_1.7.0\STM32CubeIDE\plugins\com.st.stm32cube.common.mx_6.3.0.202107141111\\db\/plugins/mcufinder/images/
2025-10-12 02:45:51,106 [WARN] DbFile:35 - Overriding database path with different value: C:\Users\ANH DUY\.stmcufinder\plugins\mcufinder/ => C:\Users\ANH DUY\.stmcufinder\plugins\mcufinder
2025-10-12 02:45:51,106 [INFO] DbMcusAds:119 - Set database path to: C:\Users\ANH DUY\.stmcufinder\plugins\mcufinder//mcu/
2025-10-12 02:45:51,106 [WARN] DbFile:35 - Overriding database path with different value: C:\Users\ANH DUY\.stmcufinder\plugins\mcufinder/ => C:\Users\ANH DUY\.stmcufinder\plugins\mcufinder
2025-10-12 02:45:51,106 [INFO] DbMcusDocs:110 - Set database path to: C:\Users\ANH DUY\.stmcufinder\plugins\mcufinder//mcu/
2025-10-12 02:45:51,106 [WARN] DbFile:35 - Overriding database path with different value: C:\Users\ANH DUY\.stmcufinder\plugins\mcufinder/ => C:\Users\ANH DUY\.stmcufinder\plugins\mcufinder
2025-10-12 02:45:51,107 [INFO] DbMcusJson:64 - Set database path to: C:\Users\ANH DUY\.stmcufinder\plugins\mcufinder//mcu/
2025-10-12 02:45:51,107 [WARN] DbFile:35 - Overriding database path with different value: C:\Users\ANH DUY\.stmcufinder\plugins\mcufinder/ => C:\Users\ANH DUY\.stmcufinder\plugins\mcufinder
2025-10-12 02:45:51,107 [INFO] DbBoardsDocs:110 - Set database path to: C:\Users\ANH DUY\.stmcufinder\plugins\mcufinder//mcu/
2025-10-12 02:45:51,107 [WARN] DbFile:35 - Overriding database path with different value: C:\Users\ANH DUY\.stmcufinder\plugins\mcufinder/ => C:\Users\ANH DUY\.stmcufinder\plugins\mcufinder
2025-10-12 02:45:51,107 [INFO] DbBoardsJson:57 - Set database path to: C:\Users\ANH DUY\.stmcufinder\plugins\mcufinder//mcu/
2025-10-12 02:45:51,107 [WARN] DbFile:35 - Overriding database path with different value: C:\Users\ANH DUY\.stmcufinder\plugins\mcufinder/ => C:\Users\ANH DUY\.stmcufinder\plugins\mcufinder
2025-10-12 02:45:51,107 [WARN] DbFile:35 - Overriding database path with different value: C:\Users\ANH DUY\.stmcufinder\plugins\mcufinder/ => C:\Users\ANH DUY\.stmcufinder\plugins\mcufinder
2025-10-12 02:45:51,107 [INFO] CrossReferenceDbSqlite:196 - Set database path to: C:\Users\ANH DUY\.stmcufinder\plugins\mcufinder//mcu/cs/
2025-10-12 02:45:51,107 [WARN] DbFile:35 - Overriding database path with different value: C:\Users\ANH DUY\.stmcufinder\plugins\mcufinder/ => C:\Users\ANH DUY\.stmcufinder\plugins\mcufinder
2025-10-12 02:45:51,107 [INFO] DbExamplesSqlite:767 - Set database path to: C:\Users\ANH DUY\.stmcufinder\plugins\mcufinder//mcu/
2025-10-12 02:45:51,188 [INFO] MainPanel:214 - HeapMemory: 1073741824
2025-10-12 02:45:51,301 [INFO] DbMcusXml:74 - Set database path to: C:\ST\STM32CubeIDE_1.7.0\STM32CubeIDE\plugins\com.st.stm32cube.common.mx_6.3.0.202107141111\\db\/mcu/
2025-10-12 02:45:51,301 [INFO] DbBoardsPdsc:56 - Set plugin database path to: C:\ST\STM32CubeIDE_1.7.0\STM32CubeIDE\plugins\com.st.stm32cube.common.mx_6.3.0.202107141111\\db\/plugins/boardmanager/
2025-10-12 02:45:51,302 [INFO] DbMcus:258 - Set plugin images path to: C:\ST\STM32CubeIDE_1.7.0\STM32CubeIDE\plugins\com.st.stm32cube.common.mx_6.3.0.202107141111\\db\/plugins/mcufinder/images/
2025-10-12 02:45:51,302 [INFO] DbBoards:264 - Set plugin images path to: C:\ST\STM32CubeIDE_1.7.0\STM32CubeIDE\plugins\com.st.stm32cube.common.mx_6.3.0.202107141111\\db\/plugins/mcufinder/images/
2025-10-12 02:45:51,302 [INFO] DbExamples:333 - Set plugin images path to: C:\ST\STM32CubeIDE_1.7.0\STM32CubeIDE\plugins\com.st.stm32cube.common.mx_6.3.0.202107141111\\db\/plugins/mcufinder/images/
2025-10-12 02:45:51,302 [WARN] DbFile:35 - Overriding database path with different value: C:\Users\ANH DUY\.stmcufinder\plugins\mcufinder/ => C:\Users\ANH DUY\.stmcufinder\plugins\mcufinder
2025-10-12 02:45:51,302 [INFO] DbMcusAds:119 - Set database path to: C:\Users\ANH DUY\.stmcufinder\plugins\mcufinder//mcu/
2025-10-12 02:45:51,302 [WARN] DbFile:35 - Overriding database path with different value: C:\Users\ANH DUY\.stmcufinder\plugins\mcufinder/ => C:\Users\ANH DUY\.stmcufinder\plugins\mcufinder
2025-10-12 02:45:51,303 [INFO] DbMcusDocs:110 - Set database path to: C:\Users\ANH DUY\.stmcufinder\plugins\mcufinder//mcu/
2025-10-12 02:45:51,303 [WARN] DbFile:35 - Overriding database path with different value: C:\Users\ANH DUY\.stmcufinder\plugins\mcufinder/ => C:\Users\ANH DUY\.stmcufinder\plugins\mcufinder
2025-10-12 02:45:51,303 [INFO] DbMcusJson:64 - Set database path to: C:\Users\ANH DUY\.stmcufinder\plugins\mcufinder//mcu/
2025-10-12 02:45:51,303 [WARN] DbFile:35 - Overriding database path with different value: C:\Users\ANH DUY\.stmcufinder\plugins\mcufinder/ => C:\Users\ANH DUY\.stmcufinder\plugins\mcufinder
2025-10-12 02:45:51,303 [INFO] DbBoardsDocs:110 - Set database path to: C:\Users\ANH DUY\.stmcufinder\plugins\mcufinder//mcu/
2025-10-12 02:45:51,303 [WARN] DbFile:35 - Overriding database path with different value: C:\Users\ANH DUY\.stmcufinder\plugins\mcufinder/ => C:\Users\ANH DUY\.stmcufinder\plugins\mcufinder
2025-10-12 02:45:51,303 [INFO] DbBoardsJson:57 - Set database path to: C:\Users\ANH DUY\.stmcufinder\plugins\mcufinder//mcu/
2025-10-12 02:45:51,303 [WARN] DbFile:35 - Overriding database path with different value: C:\Users\ANH DUY\.stmcufinder\plugins\mcufinder/ => C:\Users\ANH DUY\.stmcufinder\plugins\mcufinder
2025-10-12 02:45:51,303 [WARN] DbFile:35 - Overriding database path with different value: C:\Users\ANH DUY\.stmcufinder\plugins\mcufinder/ => C:\Users\ANH DUY\.stmcufinder\plugins\mcufinder
2025-10-12 02:45:51,303 [INFO] CrossReferenceDbSqlite:196 - Set database path to: C:\Users\ANH DUY\.stmcufinder\plugins\mcufinder//mcu/cs/
2025-10-12 02:45:51,303 [WARN] DbFile:35 - Overriding database path with different value: C:\Users\ANH DUY\.stmcufinder\plugins\mcufinder/ => C:\Users\ANH DUY\.stmcufinder\plugins\mcufinder
2025-10-12 02:45:51,304 [INFO] DbExamplesSqlite:767 - Set database path to: C:\Users\ANH DUY\.stmcufinder\plugins\mcufinder//mcu/
2025-10-12 02:45:51,326 [INFO] ApplicationProperties:181 - Using Application install path: C:\ST\STM32CubeIDE_1.7.0\STM32CubeIDE\plugins\com.st.stm32cube.common.mx_6.3.0.202107141111
2025-10-12 02:45:51,328 [INFO] PluginManage:188 - Search for loadable plugins [exclusion list=, ]
2025-10-12 02:45:51,328 [INFO] PluginManage:302 - Check plugin analytics
2025-10-12 02:45:51,534 [INFO] AnalyticsPlugin:257 - Accepted Software Licenses: 
2025-10-12 02:45:51,534 [INFO] AnalyticsPlugin:259 - Accepted CMSIS Pack Licenses: 
2025-10-12 02:45:51,534 [INFO] AnalyticsPlugin:261 - Accepted Firmware Licenses: 
2025-10-12 02:45:51,535 [INFO] PluginManage:352 - Loaded plugin analytics (category:tool,tabindex:-1)
2025-10-12 02:45:51,535 [INFO] PluginManage:302 - Check plugin clock
2025-10-12 02:45:51,575 [INFO] PluginManage:352 - Loaded plugin clock (category:base,tabindex:2)
2025-10-12 02:45:51,575 [INFO] PluginManage:302 - Check plugin ddr
2025-10-12 02:45:51,578 [INFO] PluginManage:352 - Loaded plugin ddr (category:tool,tabindex:6)
2025-10-12 02:45:51,579 [INFO] PluginManage:302 - Check plugin filemanager
2025-10-12 02:45:51,756 [INFO] PluginManage:352 - Loaded plugin filemanager (category:base,tabindex:10)
2025-10-12 02:45:51,757 [INFO] PluginManage:302 - Check plugin ipmanager
2025-10-12 02:45:51,771 [INFO] PluginManage:352 - Loaded plugin ipmanager (category:base,tabindex:5)
2025-10-12 02:45:51,771 [INFO] PluginManage:302 - Check plugin pinoutandconfiguration
2025-10-12 02:45:51,796 [INFO] PluginManage:352 - Loaded plugin pinoutandconfiguration (category:base,tabindex:1)
2025-10-12 02:45:51,796 [INFO] PluginManage:302 - Check plugin pinoutconfig
2025-10-12 02:45:51,849 [INFO] PluginManage:352 - Loaded plugin pinoutconfig (category:base,tabindex:0)
2025-10-12 02:45:51,849 [INFO] PluginManage:302 - Check plugin power
2025-10-12 02:45:51,878 [INFO] PluginManage:352 - Loaded plugin power (category:power,tabindex:4)
2025-10-12 02:45:51,879 [INFO] PluginManage:302 - Check plugin projectmanager
2025-10-12 02:45:51,895 [INFO] PluginManage:352 - Loaded plugin projectmanager (category:projectmanager,tabindex:3)
2025-10-12 02:45:51,895 [INFO] PluginManage:302 - Check plugin thirdparty
2025-10-12 02:45:52,261 [WARN] IntegrityCheckThread:78 - waiting for thirdparty lock release [integrity check]
2025-10-12 02:45:52,262 [INFO] PluginManage:352 - Loaded plugin thirdparty (category:base,tabindex:-1)
2025-10-12 02:45:52,262 [INFO] IntegrityCheckThread:80 - entering critical section [integrity check]
2025-10-12 02:45:52,262 [INFO] PluginManage:302 - Check plugin tools
2025-10-12 02:45:52,262 [INFO] ThirdPartyUpdaterWithRetryManager:66 - Updater plugin not ready yet. [1/15]
2025-10-12 02:45:52,343 [INFO] PluginManage:352 - Loaded plugin tools (category:base,tabindex:7)
2025-10-12 02:45:52,344 [INFO] PluginManage:302 - Check plugin tutovideos
2025-10-12 02:45:52,677 [INFO] PluginManage:352 - Loaded plugin tutovideos (category:base,tabindex:-1)
2025-10-12 02:45:52,677 [INFO] PluginManage:302 - Check plugin updater
2025-10-12 02:45:52,691 [INFO] PluginManage:352 - Loaded plugin updater (category:base,tabindex:12)
2025-10-12 02:45:52,691 [INFO] PluginManage:275 - PluginManage : Loaded plugins [13]
2025-10-12 02:45:52,897 [INFO] PinOutPanel:1463 - setPackage(No Configuration,No Configuration)
2025-10-12 02:45:53,037 [INFO] IPUIPlugin:74 - create IPUIPlugin
2025-10-12 02:45:53,037 [INFO] PluginManager:213 - loadIPPluginJar : add adc
2025-10-12 02:45:53,104 [INFO] IPUIPlugin:74 - create IPUIPlugin
2025-10-12 02:45:53,105 [INFO] PluginManager:213 - loadIPPluginJar : add aes
2025-10-12 02:45:53,180 [INFO] IPUIPlugin:74 - create IPUIPlugin
2025-10-12 02:45:53,181 [INFO] PluginManager:213 - loadIPPluginJar : add can
2025-10-12 02:45:53,237 [INFO] IPUIPlugin:74 - create IPUIPlugin
2025-10-12 02:45:53,237 [INFO] PluginManager:213 - loadIPPluginJar : add comp
2025-10-12 02:45:53,293 [INFO] IPUIPlugin:74 - create IPUIPlugin
2025-10-12 02:45:53,294 [INFO] PluginManager:213 - loadIPPluginJar : add cryp
2025-10-12 02:45:53,354 [INFO] IPUIPlugin:74 - create IPUIPlugin
2025-10-12 02:45:53,354 [INFO] PluginManager:213 - loadIPPluginJar : add dfsdm
2025-10-12 02:45:53,381 [INFO] IPUIPlugin:74 - create IPUIPlugin
2025-10-12 02:45:53,383 [INFO] PluginManager:213 - loadIPPluginJar : add dma
2025-10-12 02:45:53,467 [INFO] IPUIPlugin:74 - create IPUIPlugin
2025-10-12 02:45:53,468 [INFO] PluginManager:213 - loadIPPluginJar : add dma3
2025-10-12 02:45:53,516 [INFO] IPUIPlugin:74 - create IPUIPlugin
2025-10-12 02:45:53,517 [INFO] PluginManager:213 - loadIPPluginJar : add fatfs
2025-10-12 02:45:53,596 [INFO] IPUIPlugin:74 - create IPUIPlugin
2025-10-12 02:45:53,596 [INFO] PluginManager:213 - loadIPPluginJar : add fmc
2025-10-12 02:45:53,625 [INFO] IPUIPlugin:74 - create IPUIPlugin
2025-10-12 02:45:53,626 [INFO] PluginManager:213 - loadIPPluginJar : add freertos
2025-10-12 02:45:53,684 [INFO] IPUIPlugin:74 - create IPUIPlugin
2025-10-12 02:45:53,685 [INFO] PluginManager:213 - loadIPPluginJar : add genericplugin
2025-10-12 02:45:53,838 [INFO] IPUIPlugin:74 - create IPUIPlugin
2025-10-12 02:45:53,839 [INFO] PluginManager:213 - loadIPPluginJar : add gfxmmu
2025-10-12 02:45:54,022 [INFO] IPUIPlugin:74 - create IPUIPlugin
2025-10-12 02:45:54,022 [INFO] PluginManager:213 - loadIPPluginJar : add gic
2025-10-12 02:45:54,041 [INFO] IPUIPlugin:74 - create IPUIPlugin
2025-10-12 02:45:54,041 [INFO] PluginManager:213 - loadIPPluginJar : add gpio
2025-10-12 02:45:54,164 [INFO] IPUIPlugin:74 - create IPUIPlugin
2025-10-12 02:45:54,164 [INFO] PluginManager:213 - loadIPPluginJar : add gtzc
2025-10-12 02:45:54,255 [INFO] IPUIPlugin:74 - create IPUIPlugin
2025-10-12 02:45:54,256 [INFO] PluginManager:213 - loadIPPluginJar : add hash
2025-10-12 02:45:54,366 [INFO] IPUIPlugin:74 - create IPUIPlugin
2025-10-12 02:45:54,366 [INFO] PluginManager:213 - loadIPPluginJar : add i2c
2025-10-12 02:45:54,440 [INFO] IPUIPlugin:74 - create IPUIPlugin
2025-10-12 02:45:54,440 [INFO] PluginManager:213 - loadIPPluginJar : add i2s
2025-10-12 02:45:54,459 [INFO] IPUIPlugin:74 - create IPUIPlugin
2025-10-12 02:45:54,460 [INFO] PluginManager:213 - loadIPPluginJar : add ipddr
2025-10-12 02:45:54,593 [INFO] IPUIPlugin:74 - create IPUIPlugin
2025-10-12 02:45:54,593 [INFO] PluginManager:213 - loadIPPluginJar : add linkedlist
2025-10-12 02:45:54,668 [INFO] IPUIPlugin:74 - create IPUIPlugin
2025-10-12 02:45:54,668 [INFO] PluginManager:213 - loadIPPluginJar : add lorawan
2025-10-12 02:45:54,737 [INFO] IPUIPlugin:74 - create IPUIPlugin
2025-10-12 02:45:54,737 [INFO] PluginManager:213 - loadIPPluginJar : add ltdc
2025-10-12 02:45:54,754 [INFO] IPUIPlugin:74 - create IPUIPlugin
2025-10-12 02:45:54,755 [INFO] PluginManager:213 - loadIPPluginJar : add mdma
2025-10-12 02:45:54,775 [INFO] IPUIPlugin:74 - create IPUIPlugin
2025-10-12 02:45:54,775 [INFO] PluginManager:213 - loadIPPluginJar : add nvic
2025-10-12 02:45:54,846 [INFO] IPUIPlugin:74 - create IPUIPlugin
2025-10-12 02:45:54,846 [INFO] PluginManager:213 - loadIPPluginJar : add opamp
2025-10-12 02:45:54,947 [INFO] IPUIPlugin:74 - create IPUIPlugin
2025-10-12 02:45:54,948 [INFO] PluginManager:213 - loadIPPluginJar : add openamp
2025-10-12 02:45:55,028 [INFO] IPUIPlugin:74 - create IPUIPlugin
2025-10-12 02:45:55,028 [INFO] PluginManager:213 - loadIPPluginJar : add pdm2pcm
2025-10-12 02:45:55,049 [INFO] IPUIPlugin:74 - create IPUIPlugin
2025-10-12 02:45:55,052 [INFO] PluginManager:213 - loadIPPluginJar : add plateformsettings
2025-10-12 02:45:55,113 [INFO] IPUIPlugin:74 - create IPUIPlugin
2025-10-12 02:45:55,113 [INFO] PluginManager:213 - loadIPPluginJar : add quadspi
2025-10-12 02:45:55,134 [INFO] IPUIPlugin:74 - create IPUIPlugin
2025-10-12 02:45:55,135 [INFO] PluginManager:213 - loadIPPluginJar : add resmgrutility
2025-10-12 02:45:55,209 [INFO] IPUIPlugin:74 - create IPUIPlugin
2025-10-12 02:45:55,210 [INFO] PluginManager:213 - loadIPPluginJar : add sai
2025-10-12 02:45:55,266 [INFO] ThirdPartyUpdaterWithRetryManager:66 - Updater plugin not ready yet. [2/15]
2025-10-12 02:45:55,284 [INFO] IPUIPlugin:74 - create IPUIPlugin
2025-10-12 02:45:55,284 [INFO] PluginManager:213 - loadIPPluginJar : add spi
2025-10-12 02:45:55,365 [INFO] IPUIPlugin:74 - create IPUIPlugin
2025-10-12 02:45:55,365 [INFO] PluginManager:213 - loadIPPluginJar : add stm32_wpan
2025-10-12 02:45:55,427 [INFO] IPUIPlugin:74 - create IPUIPlugin
2025-10-12 02:45:55,427 [INFO] PluginManager:213 - loadIPPluginJar : add tim
2025-10-12 02:45:55,516 [INFO] IPUIPlugin:74 - create IPUIPlugin
2025-10-12 02:45:55,516 [INFO] PluginManager:213 - loadIPPluginJar : add touchsensing
2025-10-12 02:45:55,564 [INFO] IPUIPlugin:74 - create IPUIPlugin
2025-10-12 02:45:55,564 [INFO] PluginManager:213 - loadIPPluginJar : add tracer_emb
2025-10-12 02:45:55,621 [INFO] IPUIPlugin:74 - create IPUIPlugin
2025-10-12 02:45:55,621 [INFO] PluginManager:213 - loadIPPluginJar : add ts
2025-10-12 02:45:55,672 [INFO] IPUIPlugin:74 - create IPUIPlugin
2025-10-12 02:45:55,672 [INFO] PluginManager:213 - loadIPPluginJar : add tsc
2025-10-12 02:45:55,724 [INFO] IPUIPlugin:74 - create IPUIPlugin
2025-10-12 02:45:55,725 [INFO] PluginManager:213 - loadIPPluginJar : add ucpd
2025-10-12 02:45:55,796 [INFO] IPUIPlugin:74 - create IPUIPlugin
2025-10-12 02:45:55,796 [INFO] PluginManager:213 - loadIPPluginJar : add usart
2025-10-12 02:45:55,893 [INFO] IPUIPlugin:74 - create IPUIPlugin
2025-10-12 02:45:55,893 [INFO] PluginManager:213 - loadIPPluginJar : add usbx
2025-10-12 02:45:56,251 [FATAL] Updater:294 - Updater called before beeing initialized
2025-10-12 02:45:56,338 [FATAL] Updater:294 - Updater called before beeing initialized
2025-10-12 02:45:56,363 [INFO] DbMcusAds:47 - JSON generation date=Tue Jul 08 15:14:23 ICT 2025 (1751962463524)
2025-10-12 02:45:56,363 [FATAL] Updater:294 - Updater called before beeing initialized
2025-10-12 02:45:56,407 [WARN] DetailPanel:314 - Failed to get advertising image, set to default
2025-10-12 02:45:56,472 [FATAL] Updater:294 - Updater called before beeing initialized
2025-10-12 02:45:56,475 [FATAL] Updater:294 - Updater called before beeing initialized
2025-10-12 02:45:56,475 [FATAL] Updater:294 - Updater called before beeing initialized
2025-10-12 02:45:56,476 [WARN] DetailPanel:314 - Failed to get advertising image, set to default
2025-10-12 02:45:56,477 [FATAL] Updater:294 - Updater called before beeing initialized
2025-10-12 02:45:56,535 [ERROR] Updater:1075 - MainUpdater not yet initialized. External WinMGr cannot be set.
2025-10-12 02:45:56,548 [INFO] Updater:1012 - Updater Version found : 6.3.0
2025-10-12 02:45:56,575 [INFO] ApplicationProperties:181 - Using Application install path: C:\ST\STM32CubeIDE_1.7.0\STM32CubeIDE\plugins\com.st.stm32cube.common.mx_6.3.0.202107141111
2025-10-12 02:45:57,659 [INFO] MainUpdater:2671 - connection check result : 10
2025-10-12 02:45:57,660 [INFO] MainUpdater:3359 - Updater definition file requires update
2025-10-12 02:45:57,661 [INFO] MainUpdater:265 - Updater Check For Update Now.
2025-10-12 02:45:57,661 [INFO] MicroXplorer:478 - Change Database Version : DB.6.0.30
2025-10-12 02:45:57,826 [INFO] ServerAccessManage:362 - Download File updaters.zip
2025-10-12 02:45:58,026 [INFO] FileExtend:235 - Unzip File : updaters.zip
2025-10-12 02:45:58,026 [INFO] FileExtend:250 - Standard Zip Deflate
2025-10-12 02:45:58,276 [WARN] MainUpdater:1122 - Updater busy. Cannot search thirdparties
2025-10-12 02:45:58,276 [INFO] ThirdPartyUpdaterWithRetryManager:92 - Updater plugin is busy. [1/15]
2025-10-12 02:45:58,555 [INFO] ServerAccessManage:362 - Download File PacksControlFlags.xml
2025-10-12 02:45:58,759 [INFO] ServerAccessManage:362 - Download File cubemx.pidx
2025-10-12 02:45:59,793 [INFO] ServerAccessManage:362 - Download File STMicroelectronics.X-CUBE-FREERTOS.pdsc
2025-10-12 02:46:01,288 [WARN] MainUpdater:1122 - Updater busy. Cannot search thirdparties
2025-10-12 02:46:01,288 [INFO] ThirdPartyUpdaterWithRetryManager:92 - Updater plugin is busy. [2/15]
2025-10-12 02:46:01,494 [INFO] ServerAccessManage:362 - Download File STMicroelectronics.X-CUBE-IPS.pdsc
2025-10-12 02:46:02,869 [INFO] ServerAccessManage:362 - Download File STMicroelectronics.X-CUBE-ST67W61.pdsc
2025-10-12 02:46:03,585 [INFO] ServerAccessManage:362 - Download File STMicroelectronics.X-CUBE-TOUCHGFX.pdsc
2025-10-12 02:46:04,301 [WARN] MainUpdater:1122 - Updater busy. Cannot search thirdparties
2025-10-12 02:46:04,301 [INFO] ThirdPartyUpdaterWithRetryManager:92 - Updater plugin is busy. [3/15]
2025-10-12 02:46:07,310 [WARN] MainUpdater:1122 - Updater busy. Cannot search thirdparties
2025-10-12 02:46:07,310 [INFO] ThirdPartyUpdaterWithRetryManager:92 - Updater plugin is busy. [4/15]
2025-10-12 02:46:08,631 [INFO] MainUpdater:2671 - connection check result : 10
2025-10-12 02:46:10,313 [WARN] MainUpdater:1122 - Updater busy. Cannot search thirdparties
2025-10-12 02:46:10,314 [INFO] ThirdPartyUpdaterWithRetryManager:92 - Updater plugin is busy. [5/15]
2025-10-12 02:46:11,752 [INFO] ServerAccessManage:362 - Download File WES.I-CUBE-Cesium.pdsc
2025-10-12 02:46:13,329 [WARN] MainUpdater:1122 - Updater busy. Cannot search thirdparties
2025-10-12 02:46:13,329 [INFO] ThirdPartyUpdaterWithRetryManager:92 - Updater plugin is busy. [6/15]
2025-10-12 02:46:15,452 [ERROR] ServerAccessManage:974 - Problem, file not found on Server
2025-10-12 02:46:16,331 [WARN] MainUpdater:1122 - Updater busy. Cannot search thirdparties
2025-10-12 02:46:16,331 [INFO] ThirdPartyUpdaterWithRetryManager:92 - Updater plugin is busy. [7/15]
2025-10-12 02:46:16,432 [ERROR] ServerAccessManage:974 - Problem, file not found on Server
2025-10-12 02:46:16,636 [WARN] PopulateThirdPartyThread:100 - Error when creating pack: C:/Users/ANH DUY/.stm32cubemx/thirdparties/pdsc/STMicroelectronics.X-CUBE-FREERTOS.pdsc
2025-10-12 02:46:16,642 [WARN] PopulateThirdPartyThread:100 - Error when creating pack: C:/Users/ANH DUY/.stm32cubemx/thirdparties/pdsc/STMicroelectronics.X-CUBE-IPS.pdsc
2025-10-12 02:46:16,644 [WARN] PopulateThirdPartyThread:100 - Error when creating pack: C:/Users/ANH DUY/.stm32cubemx/thirdparties/pdsc/STMicroelectronics.X-CUBE-ST67W61.pdsc
2025-10-12 02:46:16,674 [WARN] PackLoader:238 - Cannot read IP mode file for STMicroelectronics.X-CUBE-TOUCHGFX.4.26.0
2025-10-12 02:46:16,679 [WARN] PopulateThirdPartyThread:100 - Error when creating pack: C:/Users/ANH DUY/.stm32cubemx/thirdparties/pdsc/WES.I-CUBE-Cesium.pdsc
2025-10-12 02:46:16,679 [INFO] PopulateThirdPartyThread:60 - Ending populate Thread
2025-10-12 02:46:16,680 [INFO] ThirdParty:967 - CMSIS Pack Vendor :STMicroelectronics X-CUBE-TOUCHGFX 4.26.0
2025-10-12 02:46:16,680 [INFO] LoadServerUpdatesThread:339 - End of LoadServerUpdate Thread
2025-10-12 02:46:16,785 [INFO] CheckServerUpdateThread:112 - End of CheckServer Thread
2025-10-12 02:46:16,860 [INFO] McuFinderGlobals:52 - Set McuFinderConnectedMode to true
2025-10-12 02:46:17,417 [INFO] ServerAccessManage:362 - Download File mcusAds.json._tmp_
2025-10-12 02:46:17,537 [INFO] LoadUrlFilesThread:145 - End of LoadUrlFiles Thread
2025-10-12 02:46:18,551 [INFO] ServerAccessManage:362 - Download File mcusDocs.json._tmp_
2025-10-12 02:46:19,333 [WARN] MainUpdater:1122 - Updater busy. Cannot search thirdparties
2025-10-12 02:46:19,333 [INFO] ThirdPartyUpdaterWithRetryManager:92 - Updater plugin is busy. [8/15]
2025-10-12 02:46:19,647 [INFO] LoadUrlFilesThread:145 - End of LoadUrlFiles Thread
2025-10-12 02:46:19,883 [INFO] ServerAccessManage:362 - Download File mcusFeaturesAndDescription.json._tmp_
2025-10-12 02:46:20,687 [INFO] LoadUrlFilesThread:145 - End of LoadUrlFiles Thread
2025-10-12 02:46:20,926 [INFO] ServerAccessManage:362 - Download File boardsDocs.json._tmp_
2025-10-12 02:46:21,046 [INFO] LoadUrlFilesThread:145 - End of LoadUrlFiles Thread
2025-10-12 02:46:21,255 [INFO] ServerAccessManage:362 - Download File boards.json._tmp_
2025-10-12 02:46:21,558 [INFO] LoadUrlFilesThread:145 - End of LoadUrlFiles Thread
2025-10-12 02:46:22,346 [WARN] MainUpdater:1122 - Updater busy. Cannot search thirdparties
2025-10-12 02:46:22,346 [INFO] ThirdPartyUpdaterWithRetryManager:92 - Updater plugin is busy. [9/15]
2025-10-12 02:46:22,865 [INFO] ServerAccessManage:362 - Download File cube-finder-db.zip
2025-10-12 02:46:24,519 [INFO] FileExtend:235 - Unzip File : cube-finder-db.zip
2025-10-12 02:46:24,519 [INFO] FileExtend:250 - Standard Zip Deflate
2025-10-12 02:46:25,288 [INFO] LoadUrlFilesThread:145 - End of LoadUrlFiles Thread
2025-10-12 02:46:25,378 [ERROR] WebUtils:643 - Updater is busy
2025-10-12 02:46:25,504 [ERROR] Engine:463 - C:\Users\ANH DUY\.stm32cubemx\thirdparties\pdsc\STMicroelectronics.FP-SNS-MOTENVWB1.1.4.0.pdsc: PDSC version is not supported
2025-10-12 02:46:25,514 [WARN] PackLoader:238 - Cannot read IP mode file for STMicroelectronics.FP-ATR-ASTRA1.2.0.2
2025-10-12 02:46:25,532 [ERROR] Engine:463 - C:\Users\ANH DUY\.stm32cubemx\thirdparties\pdsc\STMicroelectronics.X-CUBE-SMBUS.2.1.0.pdsc: PDSC version is not supported
2025-10-12 02:46:25,546 [ERROR] Engine:463 - C:\Users\ANH DUY\.stm32cubemx\thirdparties\pdsc\STMicroelectronics.X-CUBE-ST60.1.0.0.pdsc: PDSC version is not supported
2025-10-12 02:46:25,592 [WARN] PackLoader:238 - Cannot read IP mode file for STMicroelectronics.X-CUBE-AZRTOS-F7.1.1.0
2025-10-12 02:46:25,599 [ERROR] Engine:463 - C:\Users\ANH DUY\.stm32cubemx\thirdparties\pdsc\WES.I-CUBE-Cesium.1.4.0.pdsc: PDSC version is not supported
2025-10-12 02:46:25,619 [ERROR] Engine:463 - C:\Users\ANH DUY\.stm32cubemx\thirdparties\pdsc\Infineon.AIROC-Wi-Fi-Bluetooth-STM32.1.7.1.pdsc: PDSC version is not supported
2025-10-12 02:46:25,660 [WARN] PackLoader:238 - Cannot read IP mode file for STMicroelectronics.X-CUBE-AZRTOS-H7.3.4.0
2025-10-12 02:46:25,688 [ERROR] Engine:463 - C:\Users\ANH DUY\.stm32cubemx\thirdparties\pdsc\STMicroelectronics.X-CUBE-DISPLAY.3.0.0.pdsc: PDSC version is not supported
2025-10-12 02:46:25,707 [WARN] PackLoader:238 - Cannot read IP mode file for STMicroelectronics.X-CUBE-NFC10.1.0.0
2025-10-12 02:46:25,731 [ERROR] Engine:463 - C:\Users\ANH DUY\.stm32cubemx\thirdparties\pdsc\emotas.I-CUBE-CANOPEN.1.3.0.pdsc: PDSC version is not supported
2025-10-12 02:46:25,751 [ERROR] Engine:463 - C:\Users\ANH DUY\.stm32cubemx\thirdparties\pdsc\STMicroelectronics.FP-SNS-STBOX1.2.1.0.pdsc: PDSC version is not supported
2025-10-12 02:46:25,775 [ERROR] Engine:463 - C:\Users\ANH DUY\.stm32cubemx\thirdparties\pdsc\STMicroelectronics.FP-SNS-SMARTAG2.1.2.0.pdsc: PDSC version is not supported
2025-10-12 02:46:25,779 [ERROR] Engine:463 - C:\Users\ANH DUY\.stm32cubemx\thirdparties\pdsc\STMicroelectronics.FP-SNS-FLIGHT1.5.1.0.pdsc: PDSC version is not supported
2025-10-12 02:46:25,813 [INFO] LogOutputStream:76 - [STDOUT_REDIRECT] 1 : Invalid condition id : UX_CORESTACK_Condition cause : null
2025-10-12 02:46:25,813 [INFO] LogOutputStream:76 - [STDOUT_REDIRECT] 1 : Invalid condition id : UX_CORESTACK_Condition cause : null
2025-10-12 02:46:25,814 [INFO] LogOutputStream:76 - [STDOUT_REDIRECT] 1 : Invalid condition id : UX_CORESTACK_Condition cause : null
2025-10-12 02:46:25,814 [INFO] LogOutputStream:76 - [STDOUT_REDIRECT] 1 : Invalid condition id : UX_CORESTACK_Condition cause : null
2025-10-12 02:46:25,815 [INFO] LogOutputStream:76 - [STDOUT_REDIRECT] 1 : Invalid condition id : UX_CORESTACK_Condition cause : null
2025-10-12 02:46:25,817 [WARN] PackLoader:238 - Cannot read IP mode file for STMicroelectronics.X-CUBE-AZRTOS-WL.2.0.0
2025-10-12 02:46:25,839 [ERROR] Engine:463 - C:\Users\ANH DUY\.stm32cubemx\thirdparties\pdsc\STMicroelectronics.FP-SNS-MOTENV1.5.0.0.pdsc: PDSC version is not supported
2025-10-12 02:46:25,854 [WARN] PackLoader:238 - Cannot read IP mode file for STMicroelectronics.X-CUBE-BLE2.3.3.0
2025-10-12 02:46:25,870 [WARN] PackLoader:238 - Cannot read IP mode file for STMicroelectronics.X-CUBE-NFC9.1.0.0
2025-10-12 02:46:25,884 [WARN] PackLoader:238 - Cannot read IP mode file for wolfSSL.I-CUBE-wolfSSL.5.8.2
2025-10-12 02:46:25,902 [WARN] PackLoader:238 - Cannot read IP mode file for STMicroelectronics.X-CUBE-BLE1.7.1.0
2025-10-12 02:46:25,908 [WARN] PackLoader:238 - Cannot read IP mode file for wolfSSL.I-CUBE-wolfMQTT.1.19.2
2025-10-12 02:46:25,924 [WARN] PackLoader:238 - Cannot read IP mode file for STMicroelectronics.X-CUBE-EEPRMA1.5.2.0
2025-10-12 02:46:25,927 [ERROR] Engine:463 - C:\Users\ANH DUY\.stm32cubemx\thirdparties\pdsc\STMicroelectronics.X-CUBE-ST67W61.1.1.0.pdsc: PDSC version is not supported
2025-10-12 02:46:25,955 [WARN] PackLoader:238 - Cannot read IP mode file for STMicroelectronics.X-CUBE-AZRTOS-G0.1.1.0
2025-10-12 02:46:25,977 [WARN] PackLoader:238 - Cannot read IP mode file for STMicroelectronics.X-CUBE-SAFEA1.1.2.2
2025-10-12 02:46:25,999 [WARN] PackLoader:238 - Cannot read IP mode file for STMicroelectronics.X-CUBE-NFC4.3.0.0
2025-10-12 02:46:26,013 [ERROR] Engine:463 - C:\Users\ANH DUY\.stm32cubemx\thirdparties\pdsc\EmbeddedOffice.I-CUBE-FS-RTOS.1.0.1.pdsc: PDSC version is not supported
2025-10-12 02:46:26,027 [WARN] PackLoader:238 - Cannot read IP mode file for STMicroelectronics.X-CUBE-WB05N.2.0.0
2025-10-12 02:46:26,031 [WARN] PackLoader:238 - Cannot read IP mode file for wolfSSL.I-CUBE-wolfTPM.3.8.0
2025-10-12 02:46:26,044 [ERROR] Engine:463 - C:\Users\ANH DUY\.stm32cubemx\thirdparties\pdsc\STMicroelectronics.X-CUBE-TCPP.4.2.0.pdsc: PDSC version is not supported
2025-10-12 02:46:26,056 [ERROR] Engine:463 - C:\Users\ANH DUY\.stm32cubemx\thirdparties\pdsc\RealThread.X-CUBE-RT-Thread_Nano.4.1.1.pdsc: PDSC version is not supported
2025-10-12 02:46:26,060 [WARN] PackLoader:238 - Cannot read IP mode file for STMicroelectronics.FP-ATR-SIGFOX1.3.2.0
2025-10-12 02:46:26,071 [ERROR] Engine:463 - C:\Users\ANH DUY\.stm32cubemx\thirdparties\pdsc\ITTIA_DB.I-CUBE-ITTIADB.8.9.0.pdsc: PDSC version is not supported
2025-10-12 02:46:26,091 [ERROR] Engine:463 - C:\Users\ANH DUY\.stm32cubemx\thirdparties\pdsc\STMicroelectronics.X-CUBE-ST67W61.1.0.0.pdsc: PDSC version is not supported
2025-10-12 02:46:26,108 [WARN] PackLoader:238 - Cannot read IP mode file for STMicroelectronics.X-CUBE-AI.10.2.0
2025-10-12 02:46:26,160 [WARN] PackLoader:238 - Cannot read IP mode file for SEGGER.I-CUBE-embOS.1.3.1
2025-10-12 02:46:26,225 [WARN] PackLoader:238 - Cannot read IP mode file for STMicroelectronics.X-CUBE-ALGOBUILD.1.4.0
2025-10-12 02:46:26,292 [WARN] PackLoader:238 - Cannot read IP mode file for STMicroelectronics.X-CUBE-MEMS1.11.3.0
2025-10-12 02:46:26,439 [WARN] PackLoader:238 - Cannot read IP mode file for STMicroelectronics.X-CUBE-PM33A1.1.0.0
2025-10-12 02:46:26,474 [WARN] PackLoader:238 - Cannot read IP mode file for STMicroelectronics.X-CUBE-AZRTOS-F4.1.1.0
2025-10-12 02:46:26,490 [ERROR] Engine:463 - C:\Users\ANH DUY\.stm32cubemx\thirdparties\pdsc\Avnet-IotConnect.X-CUBE-IoTC-DA16k-PMOD.1.0.0.pdsc: PDSC version is not supported
2025-10-12 02:46:26,505 [WARN] PackLoader:238 - Cannot read IP mode file for STMicroelectronics.X-CUBE-ISPU.2.1.0
2025-10-12 02:46:26,510 [ERROR] Engine:463 - C:\Users\ANH DUY\.stm32cubemx\thirdparties\pdsc\STMicroelectronics.X-CUBE-IPS.3.2.0.pdsc: PDSC version is not supported
2025-10-12 02:46:26,526 [WARN] PackLoader:238 - Cannot read IP mode file for STMicroelectronics.X-CUBE-NFC12.1.0.0
2025-10-12 02:46:26,563 [WARN] PackLoader:238 - Cannot read IP mode file for STMicroelectronics.X-CUBE-AZRTOS-L5.2.0.0
2025-10-12 02:46:26,587 [WARN] PackLoader:238 - Cannot read IP mode file for STMicroelectronics.X-CUBE-NFC6.3.1.0
2025-10-12 02:46:26,594 [ERROR] Engine:463 - C:\Users\ANH DUY\.stm32cubemx\thirdparties\pdsc\STMicroelectronics.X-CUBE-FREERTOS.1.3.1.pdsc: PDSC version is not supported
2025-10-12 02:46:26,596 [WARN] PackLoader:238 - Cannot read IP mode file for STMicroelectronics.X-CUBE-TOUCHGFX.4.26.0
2025-10-12 02:46:26,611 [ERROR] Engine:463 - C:\Users\ANH DUY\.stm32cubemx\thirdparties\pdsc\STMicroelectronics.FP-SNS-STAIOTCFT.1.0.0.pdsc: PDSC version is not supported
2025-10-12 02:46:26,625 [ERROR] Engine:463 - C:\Users\ANH DUY\.stm32cubemx\thirdparties\pdsc\STMicroelectronics.X-CUBE-DPower.1.3.0.pdsc: PDSC version is not supported
2025-10-12 02:46:26,652 [WARN] ConditionMgr:437 - getConditionDescription Invalid condition id : LAN8742 Phy interface Condition cause : null
2025-10-12 02:46:26,652 [WARN] PackLoader:238 - Cannot read IP mode file for STMicroelectronics.X-CUBE-AZRTOS-L4.2.0.0
2025-10-12 02:46:26,653 [WARN] ConditionMgr:1038 - genDependencies : Invalid condition id : LAN8742 Phy interface Condition cause : null
2025-10-12 02:46:26,654 [WARN] ConditionMgr:1038 - genDependencies : Invalid condition id : LAN8742 Phy interface Condition cause : null
2025-10-12 02:46:26,654 [WARN] ConditionMgr:1038 - genDependencies : Invalid condition id : LAN8742 Phy interface Condition cause : null
2025-10-12 02:46:26,671 [WARN] PackLoader:238 - Cannot read IP mode file for STMicroelectronics.X-CUBE-SFXS2LP1.4.0.0
2025-10-12 02:46:26,687 [ERROR] Engine:463 - C:\Users\ANH DUY\.stm32cubemx\thirdparties\pdsc\STMicroelectronics.X-CUBE-BLEMGR.4.1.0.pdsc: PDSC version is not supported
2025-10-12 02:46:26,721 [WARN] ConditionMgr:437 - getConditionDescription Invalid condition id : UX DEVICE CLASS RTOS Condition cause : null
2025-10-12 02:46:26,721 [WARN] ConditionMgr:437 - getConditionDescription Invalid condition id : UX DEVICE CLASS RTOS Condition cause : null
2025-10-12 02:46:26,722 [WARN] PackLoader:238 - Cannot read IP mode file for STMicroelectronics.X-CUBE-AZRTOS-WB.2.0.0
2025-10-12 02:46:26,724 [WARN] ConditionMgr:1038 - genDependencies : Invalid condition id : UX DEVICE CLASS RTOS Condition cause : null
2025-10-12 02:46:26,724 [WARN] ConditionMgr:1038 - genDependencies : Invalid condition id : UX DEVICE CLASS RTOS Condition cause : null
2025-10-12 02:46:26,724 [WARN] ConditionMgr:1038 - genDependencies : Invalid condition id : UX DEVICE CLASS RTOS Condition cause : null
2025-10-12 02:46:26,724 [WARN] ConditionMgr:1038 - genDependencies : Invalid condition id : UX DEVICE CLASS RTOS Condition cause : null
2025-10-12 02:46:26,724 [WARN] ConditionMgr:1038 - genDependencies : Invalid condition id : UX DEVICE CLASS RTOS Condition cause : null
2025-10-12 02:46:26,744 [WARN] PackLoader:238 - Cannot read IP mode file for STMicroelectronics.X-CUBE-GNSS1.7.0.1
2025-10-12 02:46:26,760 [WARN] PackLoader:238 - Cannot read IP mode file for STMicroelectronics.X-CUBE-TOUCHGFX.4.25.0
2025-10-12 02:46:26,764 [ERROR] Engine:463 - C:\Users\ANH DUY\.stm32cubemx\thirdparties\pdsc\quantropi.X-CUBE-qispace-sdk-base.2.1.0.pdsc: PDSC version is not supported
2025-10-12 02:46:26,787 [WARN] PackLoader:238 - Cannot read IP mode file for STMicroelectronics.X-CUBE-SUBG2.5.0.0
2025-10-12 02:46:26,828 [WARN] PackLoader:238 - Cannot read IP mode file for STMicroelectronics.X-CUBE-AZRTOS-H7RS.1.1.0
2025-10-12 02:46:26,833 [ERROR] Engine:463 - C:\Users\ANH DUY\.stm32cubemx\thirdparties\pdsc\Cesanta.I-CUBE-Mongoose.7.13.0.pdsc: PDSC version is not supported
2025-10-12 02:46:26,856 [WARN] PackLoader:238 - Cannot read IP mode file for STMicroelectronics.X-CUBE-AZRTOS-G4.2.0.0
2025-10-12 02:46:26,862 [WARN] PackLoader:238 - Cannot read IP mode file for wolfSSL.I-CUBE-wolfSSH.1.4.20
2025-10-12 02:46:26,877 [WARN] PackLoader:238 - Cannot read IP mode file for STMicroelectronics.X-CUBE-NFC7.2.0.0
2025-10-12 02:46:26,896 [ERROR] Engine:463 - C:\Users\ANH DUY\.stm32cubemx\thirdparties\pdsc\STMicroelectronics.X-CUBE-IPS.3.1.0.pdsc: PDSC version is not supported
2025-10-12 02:46:26,915 [ERROR] Engine:463 - C:\Users\ANH DUY\.stm32cubemx\thirdparties\pdsc\STMicroelectronics.X-CUBE-ALS.1.0.2.pdsc: PDSC version is not supported
2025-10-12 02:46:26,934 [WARN] PackLoader:238 - Cannot read IP mode file for STMicroelectronics.X-CUBE-STSE01.1.0.0
2025-10-12 02:46:26,958 [ERROR] Engine:463 - C:\Users\ANH DUY\.stm32cubemx\thirdparties\pdsc\STMicroelectronics.X-CUBE-TOF1.3.4.3.pdsc: PDSC version is not supported
2025-10-12 02:46:26,958 [INFO] ThirdParty:915 - Integrity check success = true
2025-10-12 02:46:26,958 [INFO] IntegrityCheckThread:94 - exiting critical section [integrity check]
2025-10-12 02:46:26,958 [INFO] IntegrityCheckThread:97 - End integrity checks thread
2025-10-12 02:46:35,479 [INFO] MainUpdater:2671 - connection check result : 10
2025-10-12 02:46:35,480 [INFO] McuFinderGlobals:52 - Set McuFinderConnectedMode to true
2025-10-12 02:46:35,646 [INFO] ServerAccessManage:362 - Download File mcusAds.json._tmp_
2025-10-12 02:46:35,779 [INFO] LoadUrlFilesThread:145 - End of LoadUrlFiles Thread
2025-10-12 02:46:35,888 [INFO] McuFinderGlobals:52 - Set McuFinderConnectedMode to false
2025-10-12 02:46:35,967 [INFO] CrossSelectorPresenter:1330 - Cross Selector saved comparison directory: C:\Users\ANH DUY\.stmcufinder\plugins\mcufinder\mcu\cs_comparisons_mx
2025-10-12 02:46:35,973 [INFO] MultiScanPanel:197 - Auto-refresh data requested => check proxy status ongoing
2025-10-12 02:46:35,973 [INFO] MultiScanPanel:201 - Proxy status is invalid
2025-10-12 02:46:35,976 [INFO] FinderPluginLoader:87 - Searching for filters in installed packs
2025-10-12 02:46:35,977 [INFO] DbMcusXml:100 - Load MCU database from C:\ST\STM32CubeIDE_1.7.0\STM32CubeIDE\plugins\com.st.stm32cube.common.mx_6.3.0.202107141111\\db\/mcu/families.xml
2025-10-12 02:46:36,507 [INFO] DbMcusJson:93 - JSON generation date=Tue Nov 16 23:17:54 ICT 2021 (1637079474)
2025-10-12 02:46:36,690 [INFO] ServerAccessManage:362 - Download File mcusDocs.json._tmp_
2025-10-12 02:46:36,994 [INFO] DbMcus:175 - Found 1951 MCUs (1903 are supported by CubeMX, 1914 are visible in CubeMX)
2025-10-12 02:46:36,995 [INFO] ApiDb:251 - Load user favorites file C:\Users\ANH DUY/.stm32cubeide/favorites.mcus.txt: 0 item(s)
2025-10-12 02:46:36,996 [INFO] ApiDb:255 - User favorites MCUs=[]
2025-10-12 02:46:36,996 [INFO] DbMcus:187 - Set 0 / 0 favorites MCUs
2025-10-12 02:46:37,589 [INFO] DetailPanel:309 - Set advertising image to C:/Users/ANH DUY/STM32Cube/Repository/\en.2400x1350px.jpeg
2025-10-12 02:46:37,777 [INFO] LoadUrlFilesThread:145 - End of LoadUrlFiles Thread
2025-10-12 02:46:37,908 [INFO] DbBoardsPdsc:90 - Found 25 items
2025-10-12 02:46:37,923 [INFO] DbBoardsPdsc:90 - Found 9 items
2025-10-12 02:46:37,939 [INFO] DbBoardsPdsc:90 - Found 33 items
2025-10-12 02:46:37,952 [INFO] DbBoardsPdsc:90 - Found 1 items
2025-10-12 02:46:37,973 [INFO] DbBoardsPdsc:90 - Found 48 items
2025-10-12 02:46:38,006 [INFO] DbBoardsPdsc:90 - Found 43 items
2025-10-12 02:46:38,030 [INFO] DbBoardsPdsc:90 - Found 2 items
2025-10-12 02:46:38,058 [INFO] DbBoardsPdsc:90 - Found 5 items
2025-10-12 02:46:38,065 [WARN] DbBoardsPdsc:254 - Board STM32H7B3I-DK: unknown feature type=Audio, name=, username=Audio stereo codec with Headphone Amp (CS42L51-CNZ), n=1
2025-10-12 02:46:38,066 [WARN] DbBoardsPdsc:254 - Board STM32H735G-DK: unknown feature type=Audio, name=, username=Audio stereo codec with Headphone Amp (WM8994ECS/R), n=1
2025-10-12 02:46:38,067 [WARN] DbBoardsPdsc:254 - Board STM32H7B3I-EVAL: unknown feature type=Audio, name=, username=Multi-Channel Audio Codec (CS42L51-CNZ), n=1
2025-10-12 02:46:38,068 [WARN] DbBoardsPdsc:254 - Board STM32H7B3I-EVAL: unknown feature type=Meter, name=, username=Power-metering and Temperature-monitoring with sigma-delta modulators, n=1
2025-10-12 02:46:38,068 [WARN] DbBoardsPdsc:254 - Board STM32H7B3I-EVAL: unknown feature type=Motor, name=, username=Motor Control, n=1
2025-10-12 02:46:38,068 [WARN] DbBoardsPdsc:254 - Board STM32U575I-EV: unknown feature type=joystick, name=, username=4-direction joystick with selection button, n=1
2025-10-12 02:46:38,078 [INFO] DbBoardsJson:86 - JSON generation date=Tue Nov 16 23:17:54 ICT 2021 (1637079474)
2025-10-12 02:46:38,084 [INFO] DbBoards:117 - Found 167 boards (163 are supported by CubeMX)
2025-10-12 02:46:38,085 [INFO] DbBoardsDocs:143 - JSON generation date=Tue Nov 16 23:17:54 ICT 2021 (1637079474)
2025-10-12 02:46:38,088 [INFO] DbBoardsDocs:79 - Found 209 boards documents
2025-10-12 02:46:38,089 [WARN] DbBoards:127 - board B-L475E-IOT01A2 has no document id list !
2025-10-12 02:46:38,090 [WARN] DbBoards:127 - board NUCLEO-H743ZI has no document id list !
2025-10-12 02:46:38,090 [WARN] DbBoards:127 - board NUCLEO-WL55JC2 has no document id list !
2025-10-12 02:46:38,091 [WARN] DbBoards:127 - board P-NUCLEO-WB55-Nucleo has no document id list !
2025-10-12 02:46:38,091 [WARN] DbBoards:127 - board P-NUCLEO-WB55-USBDongle has no document id list !
2025-10-12 02:46:38,091 [WARN] DbBoards:127 - board STEVAL-BFA001V1B has no document id list !
2025-10-12 02:46:38,091 [WARN] DbBoards:127 - board STEVAL-BFA001V2B has no document id list !
2025-10-12 02:46:38,091 [WARN] DbBoards:127 - board STEVAL-IDP005V1 has no document id list !
2025-10-12 02:46:38,091 [WARN] DbBoards:127 - board STEVAL-IDP005V2 has no document id list !
2025-10-12 02:46:38,091 [WARN] DbBoards:127 - board STEVAL-MKSBOX1V1 has no document id list !
2025-10-12 02:46:38,091 [WARN] DbBoards:127 - board STEVAL-STWINKT1 has no document id list !
2025-10-12 02:46:38,091 [WARN] DbBoards:127 - board STEVAL-STWINKT1B has no document id list !
2025-10-12 02:46:38,091 [WARN] DbBoards:127 - board STM32439I-EVAL2 has no document id list !
2025-10-12 02:46:38,091 [WARN] DbBoards:127 - board STM32F401C-DISCO has no document id list !
2025-10-12 02:46:38,092 [WARN] DbBoards:127 - board STM32F769I-DISC1 has no document id list !
2025-10-12 02:46:38,092 [WARN] DbBoards:127 - board STM32G474E-EVAL1 has no document id list !
2025-10-12 02:46:38,092 [WARN] DbBoards:127 - board STM32H743I-EVAL2 has no document id list !
2025-10-12 02:46:38,092 [WARN] DbBoards:127 - board STM32H747I-DISC1 has no document id list !
2025-10-12 02:46:38,092 [WARN] DbBoards:127 - board STM32H753I-EVAL2 has no document id list !
2025-10-12 02:46:38,092 [WARN] DbBoards:127 - board STM32L-DISCOVERY has no document id list !
2025-10-12 02:46:38,219 [ERROR] DbBoards:189 - Image file not found for board B-U585I-IOT02A: C:\ST\STM32CubeIDE_1.7.0\STM32CubeIDE\plugins\com.st.stm32cube.common.mx_6.3.0.202107141111\\db\/plugins/mcufinder/images/boards/B-U585I-IOT02A_small.jpg
2025-10-12 02:46:38,309 [ERROR] DbBoards:189 - Image file not found for board NUCLEO-F413ZH: C:\ST\STM32CubeIDE_1.7.0\STM32CubeIDE\plugins\com.st.stm32cube.common.mx_6.3.0.202107141111\\db\/plugins/mcufinder/images/boards/nucleo-f413zh_small.jpg
2025-10-12 02:46:38,446 [ERROR] DbBoards:189 - Image file not found for board NUCLEO-L552ZE-Q: C:\ST\STM32CubeIDE_1.7.0\STM32CubeIDE\plugins\com.st.stm32cube.common.mx_6.3.0.202107141111\\db\/plugins/mcufinder/images/boards/nucleo_l552ze_q_small.jpg
2025-10-12 02:46:38,447 [ERROR] DbBoards:189 - Image file not found for board NUCLEO-U575ZI-Q: C:\ST\STM32CubeIDE_1.7.0\STM32CubeIDE\plugins\com.st.stm32cube.common.mx_6.3.0.202107141111\\db\/plugins/mcufinder/images/boards/nucleo-u575zi-q_small.jpg
2025-10-12 02:46:38,447 [ERROR] DbBoards:189 - Image file not found for board NUCLEO-WB15CC: C:\ST\STM32CubeIDE_1.7.0\STM32CubeIDE\plugins\com.st.stm32cube.common.mx_6.3.0.202107141111\\db\/plugins/mcufinder/images/boards/nucleo-wb15cc_small.jpg
2025-10-12 02:46:38,447 [ERROR] DbBoards:189 - Image file not found for board NUCLEO-WB55RG: C:\ST\STM32CubeIDE_1.7.0\STM32CubeIDE\plugins\com.st.stm32cube.common.mx_6.3.0.202107141111\\db\/plugins/mcufinder/images/boards/nucleo-wb55rg_small.jpg
2025-10-12 02:46:39,388 [INFO] ApiDb:251 - Load user favorites file C:\Users\ANH DUY/.stm32cubeide/favorites.boards.txt: 0 item(s)
2025-10-12 02:46:39,389 [INFO] ApiDb:255 - User favorites Boards=[]
2025-10-12 02:46:39,389 [INFO] DbBoards:206 - Set 0 / 0 favorites Boards
2025-10-12 02:46:40,185 [INFO] ServerAccessManage:362 - Download File mcusFeaturesAndDescription.json._tmp_
2025-10-12 02:46:40,834 [INFO] LoadUrlFilesThread:145 - End of LoadUrlFiles Thread
2025-10-12 02:46:41,079 [INFO] ServerAccessManage:362 - Download File boardsDocs.json._tmp_
2025-10-12 02:46:41,224 [INFO] LoadUrlFilesThread:145 - End of LoadUrlFiles Thread
2025-10-12 02:46:41,461 [INFO] ServerAccessManage:362 - Download File boards.json._tmp_
2025-10-12 02:46:41,796 [INFO] LoadUrlFilesThread:145 - End of LoadUrlFiles Thread
2025-10-12 02:46:42,063 [INFO] ServerAccessManage:362 - Download File cube-finder-db.zip
2025-10-12 02:46:43,927 [INFO] FileExtend:235 - Unzip File : cube-finder-db.zip
2025-10-12 02:46:43,927 [INFO] FileExtend:250 - Standard Zip Deflate
2025-10-12 02:46:44,704 [INFO] LoadUrlFilesThread:145 - End of LoadUrlFiles Thread
2025-10-12 02:46:45,936 [INFO] ServerAccessManage:362 - Download File crdb.zip
2025-10-12 02:46:47,299 [INFO] FileExtend:235 - Unzip File : crdb.zip
2025-10-12 02:46:47,299 [INFO] FileExtend:250 - Standard Zip Deflate
2025-10-12 02:46:47,740 [INFO] LoadUrlFilesThread:145 - End of LoadUrlFiles Thread
2025-10-12 02:46:49,053 [INFO] ServerAccessManage:362 - Download File tutoVideoDB.zip
2025-10-12 02:46:49,105 [INFO] FileExtend:235 - Unzip File : tutoVideoDB.zip
2025-10-12 02:46:49,106 [INFO] FileExtend:250 - Standard Zip Deflate
2025-10-12 02:46:49,264 [INFO] LoadUrlFilesThread:145 - End of LoadUrlFiles Thread
2025-10-12 02:46:49,268 [INFO] DbMcusAds:47 - JSON generation date=Thu Oct 02 16:36:05 ICT 2025 (1759397765645)
2025-10-12 02:46:49,277 [INFO] DbMcusDocs:143 - JSON generation date=Tue Nov 16 23:17:54 ICT 2021 (1637079474)
2025-10-12 02:46:49,518 [INFO] DbMcusDocs:79 - Found 682 MCUs documents
2025-10-12 02:46:49,519 [INFO] ApiDb:276 - Save user favorites file C:\Users\ANH DUY/.stm32cubeide/favorites.mcus.txt: 0 item(s)
2025-10-12 02:46:49,520 [INFO] ApiDb:280 - User favorites MCUs=[]
2025-10-12 02:46:49,520 [INFO] DbMcusXml:100 - Load MCU database from C:\ST\STM32CubeIDE_1.7.0\STM32CubeIDE\plugins\com.st.stm32cube.common.mx_6.3.0.202107141111\\db\/mcu/families.xml
2025-10-12 02:46:50,581 [INFO] DbMcusJson:93 - JSON generation date=Tue Nov 16 23:17:54 ICT 2021 (1637079474)
2025-10-12 02:46:50,946 [INFO] DbMcus:175 - Found 1951 MCUs (1903 are supported by CubeMX, 1914 are visible in CubeMX)
2025-10-12 02:46:50,946 [INFO] ApiDb:251 - Load user favorites file C:\Users\ANH DUY/.stm32cubeide/favorites.mcus.txt: 0 item(s)
2025-10-12 02:46:50,946 [INFO] ApiDb:255 - User favorites MCUs=[]
2025-10-12 02:46:50,946 [INFO] DbMcus:187 - Set 0 / 0 favorites MCUs
2025-10-12 02:46:51,422 [INFO] DbBoardsDocs:143 - JSON generation date=Tue Nov 16 23:17:54 ICT 2021 (1637079474)
2025-10-12 02:46:51,424 [INFO] DbBoardsDocs:79 - Found 209 boards documents
2025-10-12 02:46:51,425 [INFO] ApiDb:276 - Save user favorites file C:\Users\ANH DUY/.stm32cubeide/favorites.boards.txt: 0 item(s)
2025-10-12 02:46:51,425 [INFO] ApiDb:280 - User favorites Boards=[]
2025-10-12 02:46:51,428 [INFO] DbBoardsPdsc:90 - Found 25 items
2025-10-12 02:46:51,429 [INFO] DbBoardsPdsc:90 - Found 9 items
2025-10-12 02:46:51,432 [INFO] DbBoardsPdsc:90 - Found 33 items
2025-10-12 02:46:51,433 [INFO] DbBoardsPdsc:90 - Found 1 items
2025-10-12 02:46:51,436 [INFO] DbBoardsPdsc:90 - Found 48 items
2025-10-12 02:46:51,440 [INFO] DbBoardsPdsc:90 - Found 43 items
2025-10-12 02:46:51,441 [INFO] DbBoardsPdsc:90 - Found 2 items
2025-10-12 02:46:51,442 [INFO] DbBoardsPdsc:90 - Found 5 items
2025-10-12 02:46:51,444 [WARN] DbBoardsPdsc:254 - Board STM32H7B3I-DK: unknown feature type=Audio, name=, username=Audio stereo codec with Headphone Amp (CS42L51-CNZ), n=1
2025-10-12 02:46:51,444 [WARN] DbBoardsPdsc:254 - Board STM32H735G-DK: unknown feature type=Audio, name=, username=Audio stereo codec with Headphone Amp (WM8994ECS/R), n=1
2025-10-12 02:46:51,445 [WARN] DbBoardsPdsc:254 - Board STM32H7B3I-EVAL: unknown feature type=Audio, name=, username=Multi-Channel Audio Codec (CS42L51-CNZ), n=1
2025-10-12 02:46:51,445 [WARN] DbBoardsPdsc:254 - Board STM32H7B3I-EVAL: unknown feature type=Meter, name=, username=Power-metering and Temperature-monitoring with sigma-delta modulators, n=1
2025-10-12 02:46:51,445 [WARN] DbBoardsPdsc:254 - Board STM32H7B3I-EVAL: unknown feature type=Motor, name=, username=Motor Control, n=1
2025-10-12 02:46:51,445 [WARN] DbBoardsPdsc:254 - Board STM32U575I-EV: unknown feature type=joystick, name=, username=4-direction joystick with selection button, n=1
2025-10-12 02:46:51,462 [INFO] DbBoardsJson:86 - JSON generation date=Tue Nov 16 23:17:54 ICT 2021 (1637079474)
2025-10-12 02:46:51,468 [INFO] DbBoards:117 - Found 167 boards (163 are supported by CubeMX)
2025-10-12 02:46:51,468 [WARN] DbBoards:127 - board B-L475E-IOT01A2 has no document id list !
2025-10-12 02:46:51,468 [WARN] DbBoards:127 - board NUCLEO-H743ZI has no document id list !
2025-10-12 02:46:51,468 [WARN] DbBoards:127 - board NUCLEO-WL55JC2 has no document id list !
2025-10-12 02:46:51,468 [WARN] DbBoards:127 - board P-NUCLEO-WB55-Nucleo has no document id list !
2025-10-12 02:46:51,468 [WARN] DbBoards:127 - board P-NUCLEO-WB55-USBDongle has no document id list !
2025-10-12 02:46:51,468 [WARN] DbBoards:127 - board STEVAL-BFA001V1B has no document id list !
2025-10-12 02:46:51,469 [WARN] DbBoards:127 - board STEVAL-BFA001V2B has no document id list !
2025-10-12 02:46:51,469 [WARN] DbBoards:127 - board STEVAL-IDP005V1 has no document id list !
2025-10-12 02:46:51,469 [WARN] DbBoards:127 - board STEVAL-IDP005V2 has no document id list !
2025-10-12 02:46:51,469 [WARN] DbBoards:127 - board STEVAL-MKSBOX1V1 has no document id list !
2025-10-12 02:46:51,469 [WARN] DbBoards:127 - board STEVAL-STWINKT1 has no document id list !
2025-10-12 02:46:51,469 [WARN] DbBoards:127 - board STEVAL-STWINKT1B has no document id list !
2025-10-12 02:46:51,469 [WARN] DbBoards:127 - board STM32439I-EVAL2 has no document id list !
2025-10-12 02:46:51,469 [WARN] DbBoards:127 - board STM32F401C-DISCO has no document id list !
2025-10-12 02:46:51,469 [WARN] DbBoards:127 - board STM32F769I-DISC1 has no document id list !
2025-10-12 02:46:51,469 [WARN] DbBoards:127 - board STM32G474E-EVAL1 has no document id list !
2025-10-12 02:46:51,469 [WARN] DbBoards:127 - board STM32H743I-EVAL2 has no document id list !
2025-10-12 02:46:51,469 [WARN] DbBoards:127 - board STM32H747I-DISC1 has no document id list !
2025-10-12 02:46:51,469 [WARN] DbBoards:127 - board STM32H753I-EVAL2 has no document id list !
2025-10-12 02:46:51,469 [WARN] DbBoards:127 - board STM32L-DISCOVERY has no document id list !
2025-10-12 02:46:51,536 [ERROR] DbBoards:189 - Image file not found for board B-U585I-IOT02A: C:\ST\STM32CubeIDE_1.7.0\STM32CubeIDE\plugins\com.st.stm32cube.common.mx_6.3.0.202107141111\\db\/plugins/mcufinder/images/boards/B-U585I-IOT02A_small.jpg
2025-10-12 02:46:51,611 [ERROR] DbBoards:189 - Image file not found for board NUCLEO-F413ZH: C:\ST\STM32CubeIDE_1.7.0\STM32CubeIDE\plugins\com.st.stm32cube.common.mx_6.3.0.202107141111\\db\/plugins/mcufinder/images/boards/nucleo-f413zh_small.jpg
2025-10-12 02:46:51,734 [ERROR] DbBoards:189 - Image file not found for board NUCLEO-L552ZE-Q: C:\ST\STM32CubeIDE_1.7.0\STM32CubeIDE\plugins\com.st.stm32cube.common.mx_6.3.0.202107141111\\db\/plugins/mcufinder/images/boards/nucleo_l552ze_q_small.jpg
2025-10-12 02:46:51,734 [ERROR] DbBoards:189 - Image file not found for board NUCLEO-U575ZI-Q: C:\ST\STM32CubeIDE_1.7.0\STM32CubeIDE\plugins\com.st.stm32cube.common.mx_6.3.0.202107141111\\db\/plugins/mcufinder/images/boards/nucleo-u575zi-q_small.jpg
2025-10-12 02:46:51,734 [ERROR] DbBoards:189 - Image file not found for board NUCLEO-WB15CC: C:\ST\STM32CubeIDE_1.7.0\STM32CubeIDE\plugins\com.st.stm32cube.common.mx_6.3.0.202107141111\\db\/plugins/mcufinder/images/boards/nucleo-wb15cc_small.jpg
2025-10-12 02:46:51,734 [ERROR] DbBoards:189 - Image file not found for board NUCLEO-WB55RG: C:\ST\STM32CubeIDE_1.7.0\STM32CubeIDE\plugins\com.st.stm32cube.common.mx_6.3.0.202107141111\\db\/plugins/mcufinder/images/boards/nucleo-wb55rg_small.jpg
2025-10-12 02:46:52,706 [INFO] ApiDb:251 - Load user favorites file C:\Users\ANH DUY/.stm32cubeide/favorites.boards.txt: 0 item(s)
2025-10-12 02:46:52,706 [INFO] ApiDb:255 - User favorites Boards=[]
2025-10-12 02:46:52,706 [INFO] DbBoards:206 - Set 0 / 0 favorites Boards
2025-10-12 02:46:52,958 [ERROR] TargetSelectorAdapter:232 - Unable to refresh data
2025-10-12 02:47:43,049 [INFO] MainUpdater:2671 - connection check result : 10
2025-10-12 02:47:43,050 [INFO] MainUpdater:2671 - connection check result : 10
2025-10-12 02:47:43,137 [INFO] MicroXplorer:448 - Change Database Path : 
2025-10-12 02:47:43,137 [INFO] MicroXplorer:478 - Change Database Version : DB.6.0.30
2025-10-12 02:47:43,137 [WARN] ThirdParty:813 - waiting for thirdparty lock release [close project]
2025-10-12 02:47:43,137 [INFO] ThirdParty:815 - entering critical section [close project]
2025-10-12 02:47:43,138 [INFO] ThirdParty:825 - exiting critical section [close project]
2025-10-12 02:47:43,140 [INFO] PinOutPanel:1463 - setPackage(No Configuration,No Configuration)
2025-10-12 02:47:43,140 [INFO] UtilMem:74 - Begin LoadConfig() Used Memory: 924438568 Bytes (1073741824)
2025-10-12 02:47:43,141 [INFO] MicroXplorer:448 - Change Database Path : 
2025-10-12 02:47:43,142 [INFO] MicroXplorer:478 - Change Database Version : DB.6.0.30
2025-10-12 02:47:43,142 [INFO] OpenFileManager:313 - Change cursor
2025-10-12 02:47:44,035 [INFO] Context:592 - Trying to add GPIOservice into a context  which must be forbidden
2025-10-12 02:47:44,278 [WARN] ApiManager:304 - Cannot register API 'Board Extension:PM33A1' from pack STMicroelectronics.X-CUBE-PM33A1.1.0.0: no header file found
2025-10-12 02:47:44,282 [WARN] ApiManager:304 - Cannot register API 'Board Extension:NFC09A1' from pack STMicroelectronics.X-CUBE-NFC9.1.0.0: no header file found
2025-10-12 02:47:44,286 [WARN] ApiManager:304 - Cannot register API 'Wireless:BlueNRG-MS' from pack STMicroelectronics.X-CUBE-BLE1.7.1.0: no header file found
2025-10-12 02:47:44,288 [WARN] ApiManager:304 - Cannot register API 'Board Extension:EEPRMA2' from pack STMicroelectronics.X-CUBE-EEPRMA1.5.2.0: no header file found
2025-10-12 02:47:44,288 [WARN] ApiManager:304 - Cannot register API 'Board Extension:PGEEZ1' from pack STMicroelectronics.X-CUBE-EEPRMA1.5.2.0: no header file found
2025-10-12 02:47:44,288 [WARN] ApiManager:304 - Cannot register API 'Board Extension:EEICA1' from pack STMicroelectronics.X-CUBE-EEPRMA1.5.2.0: no header file found
2025-10-12 02:47:44,288 [WARN] ApiManager:304 - Cannot register API 'Board Part:M24' from pack STMicroelectronics.X-CUBE-EEPRMA1.5.2.0: no header file found
2025-10-12 02:47:44,288 [WARN] ApiManager:304 - Cannot register API 'Board Part:M95' from pack STMicroelectronics.X-CUBE-EEPRMA1.5.2.0: no header file found
2025-10-12 02:47:44,288 [WARN] ApiManager:304 - Cannot register API 'Board Part:M95P32' from pack STMicroelectronics.X-CUBE-EEPRMA1.5.2.0: no header file found
2025-10-12 02:47:44,288 [WARN] ApiManager:304 - Cannot register API 'Board Part:M24256E-F' from pack STMicroelectronics.X-CUBE-EEPRMA1.5.2.0: no header file found
2025-10-12 02:47:44,288 [WARN] ApiManager:304 - Cannot register API 'Board Part:M24M01E-F' from pack STMicroelectronics.X-CUBE-EEPRMA1.5.2.0: no header file found
2025-10-12 02:47:44,288 [WARN] ApiManager:304 - Cannot register API 'PGEEZ1:SPI' from pack STMicroelectronics.X-CUBE-EEPRMA1.5.2.0: no header file found
2025-10-12 02:47:44,288 [WARN] ApiManager:304 - Cannot register API 'PGEEZ1:QDSPI' from pack STMicroelectronics.X-CUBE-EEPRMA1.5.2.0: no header file found
2025-10-12 02:47:44,291 [WARN] ApiManager:304 - Cannot register API 'Board Extension:GNSS1A1' from pack STMicroelectronics.X-CUBE-GNSS1.7.0.1: no header file found
2025-10-12 02:47:44,291 [WARN] ApiManager:304 - Cannot register API 'Board Support:Custom' from pack STMicroelectronics.X-CUBE-GNSS1.7.0.1: no header file found
2025-10-12 02:47:44,291 [WARN] ApiManager:304 - Cannot register API 'Data Exchange:lib_gnss' from pack STMicroelectronics.X-CUBE-GNSS1.7.0.1: no header file found
2025-10-12 02:47:44,292 [WARN] ApiManager:304 - Cannot register API 'Board Extension:NFC12A1' from pack STMicroelectronics.X-CUBE-NFC12.1.0.0: no header file found
2025-10-12 02:47:44,298 [WARN] ApiManager:304 - Cannot register API 'Board Extension:NFC06A1' from pack STMicroelectronics.X-CUBE-NFC6.3.1.0: no header file found
2025-10-12 02:47:44,299 [WARN] ApiManager:304 - Cannot register API 'Board Extension:NFC08A1' from pack STMicroelectronics.X-CUBE-NFC6.3.1.0: no header file found
2025-10-12 02:47:44,300 [INFO] RtosManager:484 - Registered RTOS mode: class=CMSIS, group=RTOS, mode=CMSIS_V1, owner=FREERTOS
2025-10-12 02:47:44,300 [INFO] RtosManager:484 - Registered RTOS mode: class=CMSIS, group=RTOS2, mode=CMSIS_V2, owner=FREERTOS
2025-10-12 02:47:44,300 [INFO] RtosManager:484 - Registered RTOS mode: class=RTOS, group=Core, mode=CMSIS_V1, owner=FREERTOS
2025-10-12 02:47:44,300 [INFO] RtosManager:484 - Registered RTOS mode: class=RTOS, group=Core, mode=CMSIS_V2, owner=FREERTOS
2025-10-12 02:47:44,300 [WARN] ModelIntegratedComponent:181 - Missing modes for component STMicroelectronics:FreeRTOS:0.0.1:STMicroelectronics:RTOS:FreeRTOS:Core:::10.2.0:
2025-10-12 02:47:44,301 [WARN] ApiManager:304 - Cannot register API 'Board Extension:STSAFEA1' from pack STMicroelectronics.X-CUBE-SAFEA1.1.2.2: no header file found
2025-10-12 02:47:44,301 [WARN] ApiManager:304 - Cannot register API 'Board Part:STSAFEA110' from pack STMicroelectronics.X-CUBE-SAFEA1.1.2.2: no header file found
2025-10-12 02:47:44,301 [WARN] ApiManager:304 - Cannot register API 'Security:ST_Cryptolib' from pack STMicroelectronics.X-CUBE-SAFEA1.1.2.2: no header file found
2025-10-12 02:47:44,301 [WARN] ApiManager:304 - Cannot register API 'Security:MbedTLS' from pack STMicroelectronics.X-CUBE-SAFEA1.1.2.2: no header file found
2025-10-12 02:47:44,302 [WARN] ApiManager:304 - Cannot register API 'Board Extension:NFC04A1' from pack STMicroelectronics.X-CUBE-NFC4.3.0.0: no header file found
2025-10-12 02:47:44,304 [WARN] ApiManager:304 - Cannot register API 'Board Extension:S2868A1' from pack STMicroelectronics.X-CUBE-SUBG2.5.0.0: no header file found
2025-10-12 02:47:44,304 [WARN] ApiManager:304 - Cannot register API 'Board Extension:S2868A2' from pack STMicroelectronics.X-CUBE-SUBG2.5.0.0: no header file found
2025-10-12 02:47:44,304 [WARN] ApiManager:304 - Cannot register API 'Board Extension:S2915A1' from pack STMicroelectronics.X-CUBE-SUBG2.5.0.0: no header file found
2025-10-12 02:47:44,315 [WARN] ApiManager:304 - Cannot register API 'Wireless:STM32WB05N' from pack STMicroelectronics.X-CUBE-WB05N.2.0.0: no header file found
2025-10-12 02:47:44,317 [WARN] ApiManager:304 - Cannot register API 'Board Extension:NFC07A1' from pack STMicroelectronics.X-CUBE-NFC7.2.0.0: no header file found
2025-10-12 02:47:44,318 [WARN] ApiManager:304 - Cannot register API 'Board Extension:NFC10A1' from pack STMicroelectronics.X-CUBE-NFC10.1.0.0: no header file found
2025-10-12 02:47:44,319 [WARN] ModelIntegratedComponent:60 - No mode defined for component null
2025-10-12 02:47:44,319 [WARN] ModelIntegratedComponent:60 - No mode defined for component null
2025-10-12 02:47:44,320 [WARN] ModelIntegratedComponent:60 - No mode defined for component null
2025-10-12 02:47:44,320 [WARN] ModelIntegratedComponent:60 - No mode defined for component null
2025-10-12 02:47:44,320 [WARN] ModelIntegratedComponent:60 - No mode defined for component null
2025-10-12 02:47:44,320 [WARN] ModelIntegratedComponent:60 - No mode defined for component null
2025-10-12 02:47:44,320 [WARN] ModelIntegratedComponent:60 - No mode defined for component null
2025-10-12 02:47:44,320 [WARN] ModelIntegratedComponent:60 - No mode defined for component null
2025-10-12 02:47:44,320 [WARN] ModelIntegratedComponent:60 - No mode defined for component null
2025-10-12 02:47:44,320 [WARN] ModelIntegratedComponent:60 - No mode defined for component null
2025-10-12 02:47:44,320 [WARN] ModelIntegratedComponent:60 - No mode defined for component null
2025-10-12 02:47:44,320 [WARN] ModelIntegratedComponent:60 - No mode defined for component null
2025-10-12 02:47:44,320 [WARN] ModelIntegratedComponent:60 - No mode defined for component null
2025-10-12 02:47:44,320 [WARN] ModelIntegratedComponent:60 - No mode defined for component null
2025-10-12 02:47:44,320 [WARN] ModelIntegratedComponent:60 - No mode defined for component null
2025-10-12 02:47:44,320 [WARN] ModelIntegratedComponent:60 - No mode defined for component null
2025-10-12 02:47:44,320 [WARN] ModelIntegratedComponent:60 - No mode defined for component null
2025-10-12 02:47:44,320 [WARN] ModelIntegratedComponent:60 - No mode defined for component null
2025-10-12 02:47:44,320 [WARN] ModelIntegratedComponent:60 - No mode defined for component null
2025-10-12 02:47:44,320 [WARN] ModelIntegratedComponent:60 - No mode defined for component null
2025-10-12 02:47:44,320 [WARN] ModelIntegratedComponent:60 - No mode defined for component null
2025-10-12 02:47:44,320 [WARN] ModelIntegratedComponent:60 - No mode defined for component null
2025-10-12 02:47:44,320 [WARN] ModelIntegratedComponent:60 - No mode defined for component null
2025-10-12 02:47:44,320 [WARN] ModelIntegratedComponent:60 - No mode defined for component null
2025-10-12 02:47:44,321 [WARN] ModelIntegratedComponent:60 - No mode defined for component null
2025-10-12 02:47:44,321 [WARN] ModelIntegratedComponent:60 - No mode defined for component null
2025-10-12 02:47:44,321 [WARN] ModelIntegratedComponent:60 - No mode defined for component null
2025-10-12 02:47:44,321 [WARN] ModelIntegratedComponent:60 - No mode defined for component null
2025-10-12 02:47:44,321 [WARN] ModelIntegratedComponent:60 - No mode defined for component null
2025-10-12 02:47:44,321 [WARN] ModelIntegratedComponent:60 - No mode defined for component null
2025-10-12 02:47:44,321 [WARN] ModelIntegratedComponent:60 - No mode defined for component null
2025-10-12 02:47:44,322 [WARN] ApiManager:304 - Cannot register API 'Board Extension:SAFEA1' from pack STMicroelectronics.X-CUBE-STSE01.1.0.0: no header file found
2025-10-12 02:47:44,322 [WARN] ApiManager:304 - Cannot register API 'Board Extension:ESE01A1' from pack STMicroelectronics.X-CUBE-STSE01.1.0.0: no header file found
2025-10-12 02:47:44,322 [WARN] ApiManager:304 - Cannot register API 'Board Part:STSAFEA110' from pack STMicroelectronics.X-CUBE-STSE01.1.0.0: no header file found
2025-10-12 02:47:44,322 [WARN] ApiManager:304 - Cannot register API 'Board Part:STSAFEA120' from pack STMicroelectronics.X-CUBE-STSE01.1.0.0: no header file found
2025-10-12 02:47:44,322 [WARN] ApiManager:304 - Cannot register API 'Security:STM32_Cryptographic' from pack STMicroelectronics.X-CUBE-STSE01.1.0.0: no header file found
2025-10-12 02:47:44,322 [WARN] ApiManager:304 - Cannot register API 'Security:STSELib' from pack STMicroelectronics.X-CUBE-STSE01.1.0.0: no header file found
2025-10-12 02:47:44,471 [WARN] ApiManager:304 - Cannot register API 'Board Extension:IKS01A3' from pack STMicroelectronics.X-CUBE-MEMS1.11.3.0: no header file found
2025-10-12 02:47:44,471 [WARN] ApiManager:304 - Cannot register API 'Board Extension:IKS02A1' from pack STMicroelectronics.X-CUBE-MEMS1.11.3.0: no header file found
2025-10-12 02:47:44,471 [WARN] ApiManager:304 - Cannot register API 'Board Extension:IKS4A1' from pack STMicroelectronics.X-CUBE-MEMS1.11.3.0: no header file found
2025-10-12 02:47:44,478 [WARN] ApiManager:304 - Cannot register API 'Board Extension:S2868A1' from pack STMicroelectronics.X-CUBE-SFXS2LP1.4.0.0: no header file found
2025-10-12 02:47:44,478 [WARN] ApiManager:304 - Cannot register API 'Board Extension:S2868A2' from pack STMicroelectronics.X-CUBE-SFXS2LP1.4.0.0: no header file found
2025-10-12 02:47:44,478 [WARN] ApiManager:304 - Cannot register API 'Board Extension:S2915A1' from pack STMicroelectronics.X-CUBE-SFXS2LP1.4.0.0: no header file found
2025-10-12 02:47:44,478 [WARN] ApiManager:304 - Cannot register API 'Wireless:BlueNRG-2' from pack STMicroelectronics.X-CUBE-BLE2.3.3.0: no header file found
2025-10-12 02:47:45,806 [INFO] UtilMem:74 - End LoadConfig() Used Memory: 947053624 Bytes (1073741824)
2025-10-12 02:47:45,819 [WARN] ThirdParty:779 - waiting for thirdparty lock release [change project]
2025-10-12 02:47:45,819 [INFO] ThirdParty:781 - entering critical section [change project]
2025-10-12 02:47:45,819 [INFO] ThirdParty:967 - CMSIS Pack Vendor :STMicroelectronics X-CUBE-PM33A1 1.0.0
2025-10-12 02:47:45,819 [INFO] ThirdParty:967 - CMSIS Pack Vendor :STMicroelectronics X-CUBE-NFC9 1.0.0
2025-10-12 02:47:45,819 [INFO] ThirdParty:967 - CMSIS Pack Vendor :STMicroelectronics USB_HOST 2.0.0
2025-10-12 02:47:45,819 [INFO] ThirdParty:967 - CMSIS Pack Vendor :STMicroelectronics X-CUBE-AZRTOS-F4 1.1.0
2025-10-12 02:47:45,819 [INFO] ThirdParty:967 - CMSIS Pack Vendor :STMicroelectronics FP-ATR-ASTRA1 2.0.2
2025-10-12 02:47:45,819 [INFO] ThirdParty:967 - CMSIS Pack Vendor :wolfSSL I-CUBE-wolfSSL 5.8.2
2025-10-12 02:47:45,819 [INFO] ThirdParty:967 - CMSIS Pack Vendor :STMicroelectronics X-CUBE-BLE1 7.1.0
2025-10-12 02:47:45,819 [INFO] ThirdParty:967 - CMSIS Pack Vendor :wolfSSL I-CUBE-wolfMQTT 1.19.2
2025-10-12 02:47:45,819 [INFO] ThirdParty:967 - CMSIS Pack Vendor :STMicroelectronics USB_DEVICE 3.0.0
2025-10-12 02:47:45,819 [INFO] ThirdParty:967 - CMSIS Pack Vendor :STMicroelectronics X-CUBE-ISPU 2.1.0
2025-10-12 02:47:45,819 [INFO] ThirdParty:967 - CMSIS Pack Vendor :STMicroelectronics X-CUBE-EEPRMA1 5.2.0
2025-10-12 02:47:45,819 [INFO] ThirdParty:967 - CMSIS Pack Vendor :STMicroelectronics X-CUBE-AZRTOS-WB 2.0.0
2025-10-12 02:47:45,819 [INFO] ThirdParty:967 - CMSIS Pack Vendor :STMicroelectronics X-CUBE-GNSS1 7.0.1
2025-10-12 02:47:45,819 [INFO] ThirdParty:967 - CMSIS Pack Vendor :STMicroelectronics X-CUBE-NFC12 1.0.0
2025-10-12 02:47:45,819 [INFO] ThirdParty:967 - CMSIS Pack Vendor :STMicroelectronics X-CUBE-AZRTOS-F7 1.1.0
2025-10-12 02:47:45,819 [INFO] ThirdParty:967 - CMSIS Pack Vendor :STMicroelectronics X-CUBE-AZRTOS-L5 2.0.0
2025-10-12 02:47:45,820 [INFO] ThirdParty:967 - CMSIS Pack Vendor :STMicroelectronics X-CUBE-TOUCHGFX 4.25.0
2025-10-12 02:47:45,820 [INFO] ThirdParty:967 - CMSIS Pack Vendor :STMicroelectronics USB_DEVICE 2.0.0
2025-10-12 02:47:45,820 [INFO] ThirdParty:967 - CMSIS Pack Vendor :STMicroelectronics X-CUBE-NFC6 3.1.0
2025-10-12 02:47:45,820 [INFO] ThirdParty:967 - CMSIS Pack Vendor :STMicroelectronics FreeRTOS 0.0.1
2025-10-12 02:47:45,820 [INFO] ThirdParty:967 - CMSIS Pack Vendor :STMicroelectronics X-CUBE-AZRTOS-G0 1.1.0
2025-10-12 02:47:45,820 [INFO] ThirdParty:967 - CMSIS Pack Vendor :STMicroelectronics X-CUBE-SAFEA1 1.2.2
2025-10-12 02:47:45,820 [INFO] ThirdParty:967 - CMSIS Pack Vendor :STMicroelectronics X-CUBE-NFC4 3.0.0
2025-10-12 02:47:45,820 [INFO] ThirdParty:967 - CMSIS Pack Vendor :STMicroelectronics X-CUBE-SUBG2 5.0.0
2025-10-12 02:47:45,820 [INFO] ThirdParty:967 - CMSIS Pack Vendor :STMicroelectronics X-CUBE-AZRTOS-H7RS 1.1.0
2025-10-12 02:47:45,820 [INFO] ThirdParty:967 - CMSIS Pack Vendor :STMicroelectronics lwIP 2.0.3
2025-10-12 02:47:45,820 [INFO] ThirdParty:967 - CMSIS Pack Vendor :STMicroelectronics USB_HOST 1.0.0
2025-10-12 02:47:45,820 [INFO] ThirdParty:967 - CMSIS Pack Vendor :STMicroelectronics X-CUBE-AZRTOS-G4 2.0.0
2025-10-12 02:47:45,820 [INFO] ThirdParty:967 - CMSIS Pack Vendor :STMicroelectronics X-CUBE-WB05N 2.0.0
2025-10-12 02:47:45,820 [INFO] ThirdParty:967 - CMSIS Pack Vendor :STMicroelectronics PDM2PCM 3.1.0
2025-10-12 02:47:45,820 [INFO] ThirdParty:967 - CMSIS Pack Vendor :STMicroelectronics PDM2PCM 3.3.0
2025-10-12 02:47:45,820 [INFO] ThirdParty:967 - CMSIS Pack Vendor :wolfSSL I-CUBE-wolfTPM 3.8.0
2025-10-12 02:47:45,820 [INFO] ThirdParty:967 - CMSIS Pack Vendor :STMicroelectronics X-CUBE-AZRTOS-H7 3.4.0
2025-10-12 02:47:45,820 [INFO] ThirdParty:967 - CMSIS Pack Vendor :wolfSSL I-CUBE-wolfSSH 1.4.20
2025-10-12 02:47:45,820 [INFO] ThirdParty:967 - CMSIS Pack Vendor :STMicroelectronics X-CUBE-NFC7 2.0.0
2025-10-12 02:47:45,820 [INFO] ThirdParty:967 - CMSIS Pack Vendor :STMicroelectronics FP-ATR-SIGFOX1 3.2.0
2025-10-12 02:47:45,820 [INFO] ThirdParty:967 - CMSIS Pack Vendor :STMicroelectronics X-CUBE-NFC10 1.0.0
2025-10-12 02:47:45,820 [INFO] ThirdParty:967 - CMSIS Pack Vendor :STMicroelectronics HAL Drivers 0.0.0
2025-10-12 02:47:45,820 [INFO] ThirdParty:967 - CMSIS Pack Vendor :STMicroelectronics MBEDTLS 2.16.2
2025-10-12 02:47:45,820 [INFO] ThirdParty:967 - CMSIS Pack Vendor :STMicroelectronics MBEDTLS 2.14.1
2025-10-12 02:47:45,820 [INFO] ThirdParty:967 - CMSIS Pack Vendor :STMicroelectronics X-CUBE-TOUCHGFX 4.26.0
2025-10-12 02:47:45,821 [INFO] ThirdParty:967 - CMSIS Pack Vendor :STMicroelectronics X-CUBE-STSE01 1.0.0
2025-10-12 02:47:45,821 [INFO] ThirdParty:967 - CMSIS Pack Vendor :STMicroelectronics X-CUBE-AI 10.2.0
2025-10-12 02:47:45,821 [INFO] ThirdParty:967 - CMSIS Pack Vendor :STMicroelectronics X-CUBE-AZRTOS-WL 2.0.0
2025-10-12 02:47:45,821 [INFO] ThirdParty:967 - CMSIS Pack Vendor :SEGGER I-CUBE-embOS 1.3.1
2025-10-12 02:47:45,821 [INFO] ThirdParty:967 - CMSIS Pack Vendor :STMicroelectronics X-CUBE-ALGOBUILD 1.4.0
2025-10-12 02:47:45,821 [INFO] ThirdParty:967 - CMSIS Pack Vendor :STMicroelectronics X-CUBE-MEMS1 11.3.0
2025-10-12 02:47:45,821 [INFO] ThirdParty:967 - CMSIS Pack Vendor :STMicroelectronics USB_DEVICE 1.0.0
2025-10-12 02:47:45,821 [INFO] ThirdParty:967 - CMSIS Pack Vendor :STMicroelectronics X-CUBE-AZRTOS-L4 2.0.0
2025-10-12 02:47:45,821 [INFO] ThirdParty:967 - CMSIS Pack Vendor :STMicroelectronics ThreadX 0.0.2
2025-10-12 02:47:45,821 [INFO] ThirdParty:967 - CMSIS Pack Vendor :STMicroelectronics lwIP 2.1.2
2025-10-12 02:47:45,821 [INFO] ThirdParty:967 - CMSIS Pack Vendor :STMicroelectronics X-CUBE-SFXS2LP1 4.0.0
2025-10-12 02:47:45,821 [INFO] ThirdParty:967 - CMSIS Pack Vendor :STMicroelectronics X-CUBE-BLE2 3.3.0
2025-10-12 02:47:45,821 [INFO] ThirdParty:967 - CMSIS Pack Vendor :STMicroelectronics PDM2PCM 3.2.0
2025-10-12 02:47:45,821 [INFO] ThirdParty:787 - exiting critical section [change project]
2025-10-12 02:47:46,013 [INFO] PinOutPanel:1463 - setPackage(No Configuration,No Configuration)
2025-10-12 02:47:46,014 [INFO] PinOutPanel:1463 - setPackage(STM32F103C6Ux,UFQFPN48)
2025-10-12 02:47:46,357 [INFO] UtilMem:74 - Before build in PCC Used Memory: 976887160 Bytes (1073741824)
2025-10-12 02:47:47,051 [INFO] UtilMem:74 - After build in PCC Used Memory: 983911296 Bytes (1073741824)
2025-10-12 02:47:47,067 [INFO] IPUIPlugin:74 - create IPUIPlugin
2025-10-12 02:47:47,068 [INFO] IPUIPlugin:74 - create IPUIPlugin
2025-10-12 02:47:47,068 [INFO] IPUIPlugin:74 - create IPUIPlugin
2025-10-12 02:47:47,068 [INFO] IPUIPlugin:74 - create IPUIPlugin
2025-10-12 02:47:47,068 [INFO] IPUIPlugin:74 - create IPUIPlugin
2025-10-12 02:47:47,068 [INFO] IPUIPlugin:74 - create IPUIPlugin
2025-10-12 02:47:47,068 [INFO] IPUIPlugin:74 - create IPUIPlugin
2025-10-12 02:47:47,068 [INFO] IPUIPlugin:74 - create IPUIPlugin
2025-10-12 02:47:47,068 [INFO] IPUIPlugin:74 - create IPUIPlugin
2025-10-12 02:47:47,068 [INFO] IPUIPlugin:74 - create IPUIPlugin
2025-10-12 02:47:47,069 [INFO] IPUIPlugin:74 - create IPUIPlugin
2025-10-12 02:47:47,069 [INFO] IPUIPlugin:74 - create IPUIPlugin
2025-10-12 02:47:47,069 [INFO] IPUIPlugin:74 - create IPUIPlugin
2025-10-12 02:47:47,069 [INFO] IPUIPlugin:74 - create IPUIPlugin
2025-10-12 02:47:47,069 [INFO] IPUIPlugin:74 - create IPUIPlugin
2025-10-12 02:47:47,069 [INFO] IPUIPlugin:74 - create IPUIPlugin
2025-10-12 02:47:47,069 [INFO] IPUIPlugin:74 - create IPUIPlugin
2025-10-12 02:47:47,070 [INFO] IPUIPlugin:74 - create IPUIPlugin
2025-10-12 02:47:47,070 [INFO] IPUIPlugin:74 - create IPUIPlugin
2025-10-12 02:47:47,070 [INFO] IPUIPlugin:74 - create IPUIPlugin
2025-10-12 02:47:47,070 [INFO] IPUIPlugin:74 - create IPUIPlugin
2025-10-12 02:47:47,070 [INFO] IPUIPlugin:74 - create IPUIPlugin
2025-10-12 02:47:47,071 [INFO] IPUIPlugin:74 - create IPUIPlugin
2025-10-12 02:47:47,183 [INFO] OpenFileManager:333 - Restore cursor
2025-10-12 02:47:47,342 [ERROR] LogOutputStream:74 - [STDERR_REDIRECT] Exception in thread "AWT-EventQueue-0" java.lang.NullPointerException
2025-10-12 02:47:47,342 [ERROR] LogOutputStream:74 - [STDERR_REDIRECT] 	at com.st.stm32cube.common.mx.editor.CubeMxEditor$20.run(CubeMxEditor.java:2136)
2025-10-12 02:47:47,343 [ERROR] LogOutputStream:74 - [STDERR_REDIRECT] 	at com.st.stm32cube.common.mx.oss.core.awtswtbridge.AwtEnvironment$2.run(AwtEnvironment.java:166)
2025-10-12 02:47:47,344 [ERROR] LogOutputStream:74 - [STDERR_REDIRECT] 	at java.desktop/java.awt.event.InvocationEvent.dispatch(InvocationEvent.java:313)
2025-10-12 02:47:47,346 [ERROR] LogOutputStream:74 - [STDERR_REDIRECT] 	at java.desktop/java.awt.EventQueue.dispatchEventImpl(EventQueue.java:770)
2025-10-12 02:47:47,346 [ERROR] LogOutputStream:74 - [STDERR_REDIRECT] 	at java.desktop/java.awt.EventQueue$4.run(EventQueue.java:721)
2025-10-12 02:47:47,347 [ERROR] LogOutputStream:74 - [STDERR_REDIRECT] 	at java.desktop/java.awt.EventQueue$4.run(EventQueue.java:715)
2025-10-12 02:47:47,348 [ERROR] LogOutputStream:74 - [STDERR_REDIRECT] 	at java.base/java.security.AccessController.doPrivileged(Native Method)
2025-10-12 02:47:47,349 [ERROR] LogOutputStream:74 - [STDERR_REDIRECT] 	at java.base/java.security.ProtectionDomain$JavaSecurityAccessImpl.doIntersectionPrivilege(ProtectionDomain.java:85)
2025-10-12 02:47:47,349 [ERROR] LogOutputStream:74 - [STDERR_REDIRECT] 	at java.desktop/java.awt.EventQueue.dispatchEvent(EventQueue.java:740)
2025-10-12 02:47:47,350 [ERROR] LogOutputStream:74 - [STDERR_REDIRECT] 	at java.desktop/java.awt.EventDispatchThread.pumpOneEventForFilters(EventDispatchThread.java:203)
2025-10-12 02:47:47,351 [ERROR] LogOutputStream:74 - [STDERR_REDIRECT] 	at java.desktop/java.awt.EventDispatchThread.pumpEventsForFilter(EventDispatchThread.java:124)
2025-10-12 02:47:47,352 [ERROR] LogOutputStream:74 - [STDERR_REDIRECT] 	at java.desktop/java.awt.EventDispatchThread.pumpEventsForFilter(EventDispatchThread.java:117)
2025-10-12 02:47:47,353 [ERROR] LogOutputStream:74 - [STDERR_REDIRECT] 	at java.desktop/java.awt.WaitDispatchSupport$2.run(WaitDispatchSupport.java:190)
2025-10-12 02:47:47,355 [ERROR] LogOutputStream:74 - [STDERR_REDIRECT] 	at java.desktop/java.awt.WaitDispatchSupport$4.run(WaitDispatchSupport.java:235)
2025-10-12 02:47:47,357 [ERROR] LogOutputStream:74 - [STDERR_REDIRECT] 	at java.desktop/java.awt.WaitDispatchSupport$4.run(WaitDispatchSupport.java:233)
2025-10-12 02:47:47,358 [ERROR] LogOutputStream:74 - [STDERR_REDIRECT] 	at java.base/java.security.AccessController.doPrivileged(Native Method)
2025-10-12 02:47:47,360 [ERROR] LogOutputStream:74 - [STDERR_REDIRECT] 	at java.desktop/java.awt.WaitDispatchSupport.enter(WaitDispatchSupport.java:233)
2025-10-12 02:47:47,361 [ERROR] LogOutputStream:74 - [STDERR_REDIRECT] 	at java.desktop/java.awt.Dialog.show(Dialog.java:1070)
2025-10-12 02:47:47,362 [ERROR] LogOutputStream:74 - [STDERR_REDIRECT] 	at java.desktop/javax.swing.JOptionPane.showOptionDialog(JOptionPane.java:874)
2025-10-12 02:47:47,363 [ERROR] LogOutputStream:74 - [STDERR_REDIRECT] 	at java.desktop/javax.swing.JOptionPane.showMessageDialog(JOptionPane.java:670)
2025-10-12 02:47:47,363 [ERROR] LogOutputStream:74 - [STDERR_REDIRECT] 	at java.desktop/javax.swing.JOptionPane.showMessageDialog(JOptionPane.java:641)
2025-10-12 02:47:47,364 [ERROR] LogOutputStream:74 - [STDERR_REDIRECT] 	at com.st.microxplorer.mcufinder.gui.WebUtils.downloadDbFiles(WebUtils.java:851)
2025-10-12 02:47:47,365 [ERROR] LogOutputStream:74 - [STDERR_REDIRECT] 	at com.st.stm32cube.common.mx.targetselector.TargetSelectorAdapter$4.run(TargetSelectorAdapter.java:222)
2025-10-12 02:47:47,366 [ERROR] LogOutputStream:74 - [STDERR_REDIRECT] 	at com.st.stm32cube.common.mx.oss.core.awtswtbridge.AwtEnvironment$2.run(AwtEnvironment.java:166)
2025-10-12 02:47:47,366 [ERROR] LogOutputStream:74 - [STDERR_REDIRECT] 	at java.desktop/java.awt.event.InvocationEvent.dispatch(InvocationEvent.java:313)
2025-10-12 02:47:47,367 [ERROR] LogOutputStream:74 - [STDERR_REDIRECT] 	at java.desktop/java.awt.EventQueue.dispatchEventImpl(EventQueue.java:770)
2025-10-12 02:47:47,368 [ERROR] LogOutputStream:74 - [STDERR_REDIRECT] 	at java.desktop/java.awt.EventQueue$4.run(EventQueue.java:721)
2025-10-12 02:47:47,368 [ERROR] LogOutputStream:74 - [STDERR_REDIRECT] 	at java.desktop/java.awt.EventQueue$4.run(EventQueue.java:715)
2025-10-12 02:47:47,369 [ERROR] LogOutputStream:74 - [STDERR_REDIRECT] 	at java.base/java.security.AccessController.doPrivileged(Native Method)
2025-10-12 02:47:47,370 [ERROR] LogOutputStream:74 - [STDERR_REDIRECT] 	at java.base/java.security.ProtectionDomain$JavaSecurityAccessImpl.doIntersectionPrivilege(ProtectionDomain.java:85)
2025-10-12 02:47:47,370 [ERROR] LogOutputStream:74 - [STDERR_REDIRECT] 	at java.desktop/java.awt.EventQueue.dispatchEvent(EventQueue.java:740)
2025-10-12 02:47:47,371 [ERROR] LogOutputStream:74 - [STDERR_REDIRECT] 	at java.desktop/java.awt.EventDispatchThread.pumpOneEventForFilters(EventDispatchThread.java:203)
2025-10-12 02:47:47,372 [ERROR] LogOutputStream:74 - [STDERR_REDIRECT] 	at java.desktop/java.awt.EventDispatchThread.pumpEventsForFilter(EventDispatchThread.java:124)
2025-10-12 02:47:47,373 [ERROR] LogOutputStream:74 - [STDERR_REDIRECT] 	at java.desktop/java.awt.EventDispatchThread.pumpEventsForHierarchy(EventDispatchThread.java:113)
2025-10-12 02:47:47,374 [ERROR] LogOutputStream:74 - [STDERR_REDIRECT] 	at java.desktop/java.awt.EventDispatchThread.pumpEvents(EventDispatchThread.java:109)
2025-10-12 02:47:47,375 [ERROR] LogOutputStream:74 - [STDERR_REDIRECT] 	at java.desktop/java.awt.EventDispatchThread.pumpEvents(EventDispatchThread.java:101)
2025-10-12 02:47:47,375 [ERROR] LogOutputStream:74 - [STDERR_REDIRECT] 	at java.desktop/java.awt.EventDispatchThread.run(EventDispatchThread.java:90)
2025-10-12 02:47:50,124 [INFO] MainUpdater:2671 - connection check result : 10
2025-10-12 02:47:50,125 [INFO] MainUpdater:2671 - connection check result : 10
2025-10-12 02:47:50,163 [INFO] MicroXplorer:448 - Change Database Path : 
2025-10-12 02:47:50,164 [INFO] MicroXplorer:478 - Change Database Version : DB.6.0.30
2025-10-12 02:47:50,164 [WARN] ThirdParty:813 - waiting for thirdparty lock release [close project]
2025-10-12 02:47:50,164 [INFO] ThirdParty:815 - entering critical section [close project]
2025-10-12 02:47:50,164 [INFO] ThirdParty:825 - exiting critical section [close project]
2025-10-12 02:47:50,164 [INFO] PinOutPanel:1463 - setPackage(No Configuration,No Configuration)
2025-10-12 02:47:50,194 [INFO] UtilMem:74 - Begin LoadConfig() Used Memory: 974852936 Bytes (1073741824)
2025-10-12 02:47:50,195 [INFO] MicroXplorer:448 - Change Database Path : 
2025-10-12 02:47:50,195 [INFO] MicroXplorer:478 - Change Database Version : DB.6.0.30
2025-10-12 02:47:50,195 [INFO] OpenFileManager:313 - Change cursor
2025-10-12 02:47:50,608 [INFO] Context:592 - Trying to add GPIOservice into a context  which must be forbidden
2025-10-12 02:47:50,710 [WARN] ApiManager:304 - Cannot register API 'Board Extension:PM33A1' from pack STMicroelectronics.X-CUBE-PM33A1.1.0.0: no header file found
2025-10-12 02:47:50,711 [WARN] ApiManager:304 - Cannot register API 'Board Extension:NFC09A1' from pack STMicroelectronics.X-CUBE-NFC9.1.0.0: no header file found
2025-10-12 02:47:50,713 [WARN] ApiManager:304 - Cannot register API 'Wireless:BlueNRG-MS' from pack STMicroelectronics.X-CUBE-BLE1.7.1.0: no header file found
2025-10-12 02:47:50,715 [WARN] ApiManager:304 - Cannot register API 'Board Extension:EEPRMA2' from pack STMicroelectronics.X-CUBE-EEPRMA1.5.2.0: no header file found
2025-10-12 02:47:50,715 [WARN] ApiManager:304 - Cannot register API 'Board Extension:PGEEZ1' from pack STMicroelectronics.X-CUBE-EEPRMA1.5.2.0: no header file found
2025-10-12 02:47:50,715 [WARN] ApiManager:304 - Cannot register API 'Board Extension:EEICA1' from pack STMicroelectronics.X-CUBE-EEPRMA1.5.2.0: no header file found
2025-10-12 02:47:50,715 [WARN] ApiManager:304 - Cannot register API 'Board Part:M24' from pack STMicroelectronics.X-CUBE-EEPRMA1.5.2.0: no header file found
2025-10-12 02:47:50,715 [WARN] ApiManager:304 - Cannot register API 'Board Part:M95' from pack STMicroelectronics.X-CUBE-EEPRMA1.5.2.0: no header file found
2025-10-12 02:47:50,715 [WARN] ApiManager:304 - Cannot register API 'Board Part:M95P32' from pack STMicroelectronics.X-CUBE-EEPRMA1.5.2.0: no header file found
2025-10-12 02:47:50,715 [WARN] ApiManager:304 - Cannot register API 'Board Part:M24256E-F' from pack STMicroelectronics.X-CUBE-EEPRMA1.5.2.0: no header file found
2025-10-12 02:47:50,715 [WARN] ApiManager:304 - Cannot register API 'Board Part:M24M01E-F' from pack STMicroelectronics.X-CUBE-EEPRMA1.5.2.0: no header file found
2025-10-12 02:47:50,716 [WARN] ApiManager:304 - Cannot register API 'PGEEZ1:SPI' from pack STMicroelectronics.X-CUBE-EEPRMA1.5.2.0: no header file found
2025-10-12 02:47:50,716 [WARN] ApiManager:304 - Cannot register API 'PGEEZ1:QDSPI' from pack STMicroelectronics.X-CUBE-EEPRMA1.5.2.0: no header file found
2025-10-12 02:47:50,717 [WARN] ApiManager:304 - Cannot register API 'Board Extension:GNSS1A1' from pack STMicroelectronics.X-CUBE-GNSS1.7.0.1: no header file found
2025-10-12 02:47:50,717 [WARN] ApiManager:304 - Cannot register API 'Board Support:Custom' from pack STMicroelectronics.X-CUBE-GNSS1.7.0.1: no header file found
2025-10-12 02:47:50,717 [WARN] ApiManager:304 - Cannot register API 'Data Exchange:lib_gnss' from pack STMicroelectronics.X-CUBE-GNSS1.7.0.1: no header file found
2025-10-12 02:47:50,718 [WARN] ApiManager:304 - Cannot register API 'Board Extension:NFC12A1' from pack STMicroelectronics.X-CUBE-NFC12.1.0.0: no header file found
2025-10-12 02:47:50,721 [WARN] ApiManager:304 - Cannot register API 'Board Extension:NFC06A1' from pack STMicroelectronics.X-CUBE-NFC6.3.1.0: no header file found
2025-10-12 02:47:50,722 [WARN] ApiManager:304 - Cannot register API 'Board Extension:NFC08A1' from pack STMicroelectronics.X-CUBE-NFC6.3.1.0: no header file found
2025-10-12 02:47:50,722 [INFO] RtosManager:484 - Registered RTOS mode: class=CMSIS, group=RTOS, mode=CMSIS_V1, owner=FREERTOS
2025-10-12 02:47:50,722 [INFO] RtosManager:484 - Registered RTOS mode: class=CMSIS, group=RTOS2, mode=CMSIS_V2, owner=FREERTOS
2025-10-12 02:47:50,723 [INFO] RtosManager:484 - Registered RTOS mode: class=RTOS, group=Core, mode=CMSIS_V1, owner=FREERTOS
2025-10-12 02:47:50,723 [INFO] RtosManager:484 - Registered RTOS mode: class=RTOS, group=Core, mode=CMSIS_V2, owner=FREERTOS
2025-10-12 02:47:50,723 [WARN] ModelIntegratedComponent:181 - Missing modes for component STMicroelectronics:FreeRTOS:0.0.1:STMicroelectronics:RTOS:FreeRTOS:Core:::10.2.0:
2025-10-12 02:47:50,725 [WARN] ApiManager:304 - Cannot register API 'Board Extension:STSAFEA1' from pack STMicroelectronics.X-CUBE-SAFEA1.1.2.2: no header file found
2025-10-12 02:47:50,725 [WARN] ApiManager:304 - Cannot register API 'Board Part:STSAFEA110' from pack STMicroelectronics.X-CUBE-SAFEA1.1.2.2: no header file found
2025-10-12 02:47:50,725 [WARN] ApiManager:304 - Cannot register API 'Security:ST_Cryptolib' from pack STMicroelectronics.X-CUBE-SAFEA1.1.2.2: no header file found
2025-10-12 02:47:50,725 [WARN] ApiManager:304 - Cannot register API 'Security:MbedTLS' from pack STMicroelectronics.X-CUBE-SAFEA1.1.2.2: no header file found
2025-10-12 02:47:50,726 [WARN] ApiManager:304 - Cannot register API 'Board Extension:NFC04A1' from pack STMicroelectronics.X-CUBE-NFC4.3.0.0: no header file found
2025-10-12 02:47:50,727 [WARN] ApiManager:304 - Cannot register API 'Board Extension:S2868A1' from pack STMicroelectronics.X-CUBE-SUBG2.5.0.0: no header file found
2025-10-12 02:47:50,727 [WARN] ApiManager:304 - Cannot register API 'Board Extension:S2868A2' from pack STMicroelectronics.X-CUBE-SUBG2.5.0.0: no header file found
2025-10-12 02:47:50,727 [WARN] ApiManager:304 - Cannot register API 'Board Extension:S2915A1' from pack STMicroelectronics.X-CUBE-SUBG2.5.0.0: no header file found
2025-10-12 02:47:50,729 [WARN] ApiManager:304 - Cannot register API 'Wireless:STM32WB05N' from pack STMicroelectronics.X-CUBE-WB05N.2.0.0: no header file found
2025-10-12 02:47:50,731 [WARN] ApiManager:304 - Cannot register API 'Board Extension:NFC07A1' from pack STMicroelectronics.X-CUBE-NFC7.2.0.0: no header file found
2025-10-12 02:47:50,731 [WARN] ApiManager:304 - Cannot register API 'Board Extension:NFC10A1' from pack STMicroelectronics.X-CUBE-NFC10.1.0.0: no header file found
2025-10-12 02:47:50,732 [WARN] ModelIntegratedComponent:60 - No mode defined for component null
2025-10-12 02:47:50,732 [WARN] ModelIntegratedComponent:60 - No mode defined for component null
2025-10-12 02:47:50,732 [WARN] ModelIntegratedComponent:60 - No mode defined for component null
2025-10-12 02:47:50,732 [WARN] ModelIntegratedComponent:60 - No mode defined for component null
2025-10-12 02:47:50,732 [WARN] ModelIntegratedComponent:60 - No mode defined for component null
2025-10-12 02:47:50,732 [WARN] ModelIntegratedComponent:60 - No mode defined for component null
2025-10-12 02:47:50,732 [WARN] ModelIntegratedComponent:60 - No mode defined for component null
2025-10-12 02:47:50,732 [WARN] ModelIntegratedComponent:60 - No mode defined for component null
2025-10-12 02:47:50,732 [WARN] ModelIntegratedComponent:60 - No mode defined for component null
2025-10-12 02:47:50,732 [WARN] ModelIntegratedComponent:60 - No mode defined for component null
2025-10-12 02:47:50,732 [WARN] ModelIntegratedComponent:60 - No mode defined for component null
2025-10-12 02:47:50,732 [WARN] ModelIntegratedComponent:60 - No mode defined for component null
2025-10-12 02:47:50,732 [WARN] ModelIntegratedComponent:60 - No mode defined for component null
2025-10-12 02:47:50,732 [WARN] ModelIntegratedComponent:60 - No mode defined for component null
2025-10-12 02:47:50,732 [WARN] ModelIntegratedComponent:60 - No mode defined for component null
2025-10-12 02:47:50,732 [WARN] ModelIntegratedComponent:60 - No mode defined for component null
2025-10-12 02:47:50,732 [WARN] ModelIntegratedComponent:60 - No mode defined for component null
2025-10-12 02:47:50,732 [WARN] ModelIntegratedComponent:60 - No mode defined for component null
2025-10-12 02:47:50,732 [WARN] ModelIntegratedComponent:60 - No mode defined for component null
2025-10-12 02:47:50,732 [WARN] ModelIntegratedComponent:60 - No mode defined for component null
2025-10-12 02:47:50,732 [WARN] ModelIntegratedComponent:60 - No mode defined for component null
2025-10-12 02:47:50,732 [WARN] ModelIntegratedComponent:60 - No mode defined for component null
2025-10-12 02:47:50,733 [WARN] ModelIntegratedComponent:60 - No mode defined for component null
2025-10-12 02:47:50,733 [WARN] ModelIntegratedComponent:60 - No mode defined for component null
2025-10-12 02:47:50,733 [WARN] ModelIntegratedComponent:60 - No mode defined for component null
2025-10-12 02:47:50,733 [WARN] ModelIntegratedComponent:60 - No mode defined for component null
2025-10-12 02:47:50,733 [WARN] ModelIntegratedComponent:60 - No mode defined for component null
2025-10-12 02:47:50,733 [WARN] ModelIntegratedComponent:60 - No mode defined for component null
2025-10-12 02:47:50,733 [WARN] ModelIntegratedComponent:60 - No mode defined for component null
2025-10-12 02:47:50,733 [WARN] ModelIntegratedComponent:60 - No mode defined for component null
2025-10-12 02:47:50,733 [WARN] ModelIntegratedComponent:60 - No mode defined for component null
2025-10-12 02:47:50,734 [WARN] ApiManager:304 - Cannot register API 'Board Extension:SAFEA1' from pack STMicroelectronics.X-CUBE-STSE01.1.0.0: no header file found
2025-10-12 02:47:50,734 [WARN] ApiManager:304 - Cannot register API 'Board Extension:ESE01A1' from pack STMicroelectronics.X-CUBE-STSE01.1.0.0: no header file found
2025-10-12 02:47:50,734 [WARN] ApiManager:304 - Cannot register API 'Board Part:STSAFEA110' from pack STMicroelectronics.X-CUBE-STSE01.1.0.0: no header file found
2025-10-12 02:47:50,734 [WARN] ApiManager:304 - Cannot register API 'Board Part:STSAFEA120' from pack STMicroelectronics.X-CUBE-STSE01.1.0.0: no header file found
2025-10-12 02:47:50,734 [WARN] ApiManager:304 - Cannot register API 'Security:STM32_Cryptographic' from pack STMicroelectronics.X-CUBE-STSE01.1.0.0: no header file found
2025-10-12 02:47:50,734 [WARN] ApiManager:304 - Cannot register API 'Security:STSELib' from pack STMicroelectronics.X-CUBE-STSE01.1.0.0: no header file found
2025-10-12 02:47:50,888 [WARN] ApiManager:304 - Cannot register API 'Board Extension:IKS01A3' from pack STMicroelectronics.X-CUBE-MEMS1.11.3.0: no header file found
2025-10-12 02:47:50,888 [WARN] ApiManager:304 - Cannot register API 'Board Extension:IKS02A1' from pack STMicroelectronics.X-CUBE-MEMS1.11.3.0: no header file found
2025-10-12 02:47:50,888 [WARN] ApiManager:304 - Cannot register API 'Board Extension:IKS4A1' from pack STMicroelectronics.X-CUBE-MEMS1.11.3.0: no header file found
2025-10-12 02:47:50,894 [WARN] ApiManager:304 - Cannot register API 'Board Extension:S2868A1' from pack STMicroelectronics.X-CUBE-SFXS2LP1.4.0.0: no header file found
2025-10-12 02:47:50,894 [WARN] ApiManager:304 - Cannot register API 'Board Extension:S2868A2' from pack STMicroelectronics.X-CUBE-SFXS2LP1.4.0.0: no header file found
2025-10-12 02:47:50,894 [WARN] ApiManager:304 - Cannot register API 'Board Extension:S2915A1' from pack STMicroelectronics.X-CUBE-SFXS2LP1.4.0.0: no header file found
2025-10-12 02:47:50,894 [WARN] ApiManager:304 - Cannot register API 'Wireless:BlueNRG-2' from pack STMicroelectronics.X-CUBE-BLE2.3.3.0: no header file found
2025-10-12 02:47:52,225 [INFO] UtilMem:74 - End LoadConfig() Used Memory: 990434208 Bytes (1073741824)
2025-10-12 02:47:52,225 [WARN] ThirdParty:779 - waiting for thirdparty lock release [change project]
2025-10-12 02:47:52,226 [INFO] ThirdParty:781 - entering critical section [change project]
2025-10-12 02:47:52,226 [INFO] ThirdParty:967 - CMSIS Pack Vendor :STMicroelectronics X-CUBE-PM33A1 1.0.0
2025-10-12 02:47:52,226 [INFO] ThirdParty:967 - CMSIS Pack Vendor :STMicroelectronics X-CUBE-NFC9 1.0.0
2025-10-12 02:47:52,226 [INFO] ThirdParty:967 - CMSIS Pack Vendor :STMicroelectronics USB_HOST 2.0.0
2025-10-12 02:47:52,226 [INFO] ThirdParty:967 - CMSIS Pack Vendor :STMicroelectronics X-CUBE-AZRTOS-F4 1.1.0
2025-10-12 02:47:52,226 [INFO] ThirdParty:967 - CMSIS Pack Vendor :STMicroelectronics FP-ATR-ASTRA1 2.0.2
2025-10-12 02:47:52,226 [INFO] ThirdParty:967 - CMSIS Pack Vendor :wolfSSL I-CUBE-wolfSSL 5.8.2
2025-10-12 02:47:52,226 [INFO] ThirdParty:967 - CMSIS Pack Vendor :STMicroelectronics X-CUBE-BLE1 7.1.0
2025-10-12 02:47:52,226 [INFO] ThirdParty:967 - CMSIS Pack Vendor :wolfSSL I-CUBE-wolfMQTT 1.19.2
2025-10-12 02:47:52,226 [INFO] ThirdParty:967 - CMSIS Pack Vendor :STMicroelectronics USB_DEVICE 3.0.0
2025-10-12 02:47:52,226 [INFO] ThirdParty:967 - CMSIS Pack Vendor :STMicroelectronics X-CUBE-ISPU 2.1.0
2025-10-12 02:47:52,226 [INFO] ThirdParty:967 - CMSIS Pack Vendor :STMicroelectronics X-CUBE-EEPRMA1 5.2.0
2025-10-12 02:47:52,226 [INFO] ThirdParty:967 - CMSIS Pack Vendor :STMicroelectronics X-CUBE-AZRTOS-WB 2.0.0
2025-10-12 02:47:52,226 [INFO] ThirdParty:967 - CMSIS Pack Vendor :STMicroelectronics X-CUBE-GNSS1 7.0.1
2025-10-12 02:47:52,226 [INFO] ThirdParty:967 - CMSIS Pack Vendor :STMicroelectronics X-CUBE-NFC12 1.0.0
2025-10-12 02:47:52,226 [INFO] ThirdParty:967 - CMSIS Pack Vendor :STMicroelectronics X-CUBE-AZRTOS-F7 1.1.0
2025-10-12 02:47:52,226 [INFO] ThirdParty:967 - CMSIS Pack Vendor :STMicroelectronics X-CUBE-AZRTOS-L5 2.0.0
2025-10-12 02:47:52,226 [INFO] ThirdParty:967 - CMSIS Pack Vendor :STMicroelectronics X-CUBE-TOUCHGFX 4.25.0
2025-10-12 02:47:52,226 [INFO] ThirdParty:967 - CMSIS Pack Vendor :STMicroelectronics USB_DEVICE 2.0.0
2025-10-12 02:47:52,226 [INFO] ThirdParty:967 - CMSIS Pack Vendor :STMicroelectronics X-CUBE-NFC6 3.1.0
2025-10-12 02:47:52,226 [INFO] ThirdParty:967 - CMSIS Pack Vendor :STMicroelectronics FreeRTOS 0.0.1
2025-10-12 02:47:52,226 [INFO] ThirdParty:967 - CMSIS Pack Vendor :STMicroelectronics X-CUBE-AZRTOS-G0 1.1.0
2025-10-12 02:47:52,226 [INFO] ThirdParty:967 - CMSIS Pack Vendor :STMicroelectronics X-CUBE-SAFEA1 1.2.2
2025-10-12 02:47:52,227 [INFO] ThirdParty:967 - CMSIS Pack Vendor :STMicroelectronics X-CUBE-NFC4 3.0.0
2025-10-12 02:47:52,227 [INFO] ThirdParty:967 - CMSIS Pack Vendor :STMicroelectronics X-CUBE-SUBG2 5.0.0
2025-10-12 02:47:52,227 [INFO] ThirdParty:967 - CMSIS Pack Vendor :STMicroelectronics X-CUBE-AZRTOS-H7RS 1.1.0
2025-10-12 02:47:52,227 [INFO] ThirdParty:967 - CMSIS Pack Vendor :STMicroelectronics lwIP 2.0.3
2025-10-12 02:47:52,227 [INFO] ThirdParty:967 - CMSIS Pack Vendor :STMicroelectronics USB_HOST 1.0.0
2025-10-12 02:47:52,227 [INFO] ThirdParty:967 - CMSIS Pack Vendor :STMicroelectronics X-CUBE-AZRTOS-G4 2.0.0
2025-10-12 02:47:52,227 [INFO] ThirdParty:967 - CMSIS Pack Vendor :STMicroelectronics X-CUBE-WB05N 2.0.0
2025-10-12 02:47:52,227 [INFO] ThirdParty:967 - CMSIS Pack Vendor :STMicroelectronics PDM2PCM 3.1.0
2025-10-12 02:47:52,227 [INFO] ThirdParty:967 - CMSIS Pack Vendor :STMicroelectronics PDM2PCM 3.3.0
2025-10-12 02:47:52,227 [INFO] ThirdParty:967 - CMSIS Pack Vendor :wolfSSL I-CUBE-wolfTPM 3.8.0
2025-10-12 02:47:52,227 [INFO] ThirdParty:967 - CMSIS Pack Vendor :STMicroelectronics X-CUBE-AZRTOS-H7 3.4.0
2025-10-12 02:47:52,227 [INFO] ThirdParty:967 - CMSIS Pack Vendor :wolfSSL I-CUBE-wolfSSH 1.4.20
2025-10-12 02:47:52,227 [INFO] ThirdParty:967 - CMSIS Pack Vendor :STMicroelectronics X-CUBE-NFC7 2.0.0
2025-10-12 02:47:52,227 [INFO] ThirdParty:967 - CMSIS Pack Vendor :STMicroelectronics FP-ATR-SIGFOX1 3.2.0
2025-10-12 02:47:52,227 [INFO] ThirdParty:967 - CMSIS Pack Vendor :STMicroelectronics X-CUBE-NFC10 1.0.0
2025-10-12 02:47:52,227 [INFO] ThirdParty:967 - CMSIS Pack Vendor :STMicroelectronics HAL Drivers 0.0.0
2025-10-12 02:47:52,227 [INFO] ThirdParty:967 - CMSIS Pack Vendor :STMicroelectronics MBEDTLS 2.16.2
2025-10-12 02:47:52,227 [INFO] ThirdParty:967 - CMSIS Pack Vendor :STMicroelectronics MBEDTLS 2.14.1
2025-10-12 02:47:52,227 [INFO] ThirdParty:967 - CMSIS Pack Vendor :STMicroelectronics X-CUBE-TOUCHGFX 4.26.0
2025-10-12 02:47:52,227 [INFO] ThirdParty:967 - CMSIS Pack Vendor :STMicroelectronics X-CUBE-STSE01 1.0.0
2025-10-12 02:47:52,227 [INFO] ThirdParty:967 - CMSIS Pack Vendor :STMicroelectronics X-CUBE-AI 10.2.0
2025-10-12 02:47:52,228 [INFO] ThirdParty:967 - CMSIS Pack Vendor :STMicroelectronics X-CUBE-AZRTOS-WL 2.0.0
2025-10-12 02:47:52,228 [INFO] ThirdParty:967 - CMSIS Pack Vendor :SEGGER I-CUBE-embOS 1.3.1
2025-10-12 02:47:52,228 [INFO] ThirdParty:967 - CMSIS Pack Vendor :STMicroelectronics X-CUBE-ALGOBUILD 1.4.0
2025-10-12 02:47:52,228 [INFO] ThirdParty:967 - CMSIS Pack Vendor :STMicroelectronics X-CUBE-MEMS1 11.3.0
2025-10-12 02:47:52,228 [INFO] ThirdParty:967 - CMSIS Pack Vendor :STMicroelectronics USB_DEVICE 1.0.0
2025-10-12 02:47:52,228 [INFO] ThirdParty:967 - CMSIS Pack Vendor :STMicroelectronics X-CUBE-AZRTOS-L4 2.0.0
2025-10-12 02:47:52,228 [INFO] ThirdParty:967 - CMSIS Pack Vendor :STMicroelectronics ThreadX 0.0.2
2025-10-12 02:47:52,228 [INFO] ThirdParty:967 - CMSIS Pack Vendor :STMicroelectronics lwIP 2.1.2
2025-10-12 02:47:52,228 [INFO] ThirdParty:967 - CMSIS Pack Vendor :STMicroelectronics X-CUBE-SFXS2LP1 4.0.0
2025-10-12 02:47:52,228 [INFO] ThirdParty:967 - CMSIS Pack Vendor :STMicroelectronics X-CUBE-BLE2 3.3.0
2025-10-12 02:47:52,228 [INFO] ThirdParty:967 - CMSIS Pack Vendor :STMicroelectronics PDM2PCM 3.2.0
2025-10-12 02:47:52,229 [INFO] ThirdParty:787 - exiting critical section [change project]
2025-10-12 02:47:52,294 [INFO] PinOutPanel:1463 - setPackage(No Configuration,No Configuration)
2025-10-12 02:47:52,295 [INFO] PinOutPanel:1463 - setPackage(STM32F103C6Ux,UFQFPN48)
2025-10-12 02:47:52,435 [INFO] UtilMem:74 - Before build in PCC Used Memory: 1005873848 Bytes (1073741824)
2025-10-12 02:47:52,599 [INFO] UtilMem:74 - After build in PCC Used Memory: 985968232 Bytes (1073741824)
2025-10-12 02:47:52,610 [INFO] IPUIPlugin:74 - create IPUIPlugin
2025-10-12 02:47:52,610 [INFO] IPUIPlugin:74 - create IPUIPlugin
2025-10-12 02:47:52,610 [INFO] IPUIPlugin:74 - create IPUIPlugin
2025-10-12 02:47:52,610 [INFO] IPUIPlugin:74 - create IPUIPlugin
2025-10-12 02:47:52,610 [INFO] IPUIPlugin:74 - create IPUIPlugin
2025-10-12 02:47:52,610 [INFO] IPUIPlugin:74 - create IPUIPlugin
2025-10-12 02:47:52,610 [INFO] IPUIPlugin:74 - create IPUIPlugin
2025-10-12 02:47:52,610 [INFO] IPUIPlugin:74 - create IPUIPlugin
2025-10-12 02:47:52,610 [INFO] IPUIPlugin:74 - create IPUIPlugin
2025-10-12 02:47:52,611 [INFO] IPUIPlugin:74 - create IPUIPlugin
2025-10-12 02:47:52,611 [INFO] IPUIPlugin:74 - create IPUIPlugin
2025-10-12 02:47:52,611 [INFO] IPUIPlugin:74 - create IPUIPlugin
2025-10-12 02:47:52,611 [INFO] IPUIPlugin:74 - create IPUIPlugin
2025-10-12 02:47:52,612 [INFO] IPUIPlugin:74 - create IPUIPlugin
2025-10-12 02:47:52,612 [INFO] IPUIPlugin:74 - create IPUIPlugin
2025-10-12 02:47:52,612 [INFO] IPUIPlugin:74 - create IPUIPlugin
2025-10-12 02:47:52,612 [INFO] IPUIPlugin:74 - create IPUIPlugin
2025-10-12 02:47:52,612 [INFO] IPUIPlugin:74 - create IPUIPlugin
2025-10-12 02:47:52,613 [INFO] IPUIPlugin:74 - create IPUIPlugin
2025-10-12 02:47:52,613 [INFO] IPUIPlugin:74 - create IPUIPlugin
2025-10-12 02:47:52,613 [INFO] IPUIPlugin:74 - create IPUIPlugin
2025-10-12 02:47:52,614 [INFO] IPUIPlugin:74 - create IPUIPlugin
2025-10-12 02:47:52,614 [INFO] IPUIPlugin:74 - create IPUIPlugin
2025-10-12 02:47:52,617 [ERROR] LogOutputStream:74 - [STDERR_REDIRECT] Exception in thread "AWT-EventQueue-0" java.lang.NullPointerException
2025-10-12 02:47:52,618 [ERROR] LogOutputStream:74 - [STDERR_REDIRECT] 	at com.st.stm32cube.common.mx.editor.CubeMxEditor$2.stateChanged(CubeMxEditor.java:1598)
2025-10-12 02:47:52,618 [ERROR] LogOutputStream:74 - [STDERR_REDIRECT] 	at java.desktop/javax.swing.JTabbedPane.fireStateChanged(JTabbedPane.java:418)
2025-10-12 02:47:52,619 [ERROR] LogOutputStream:74 - [STDERR_REDIRECT] 	at java.desktop/javax.swing.JTabbedPane$ModelListener.stateChanged(JTabbedPane.java:269)
2025-10-12 02:47:52,620 [ERROR] LogOutputStream:74 - [STDERR_REDIRECT] 	at java.desktop/javax.swing.DefaultSingleSelectionModel.fireStateChanged(DefaultSingleSelectionModel.java:143)
2025-10-12 02:47:52,622 [ERROR] LogOutputStream:74 - [STDERR_REDIRECT] 	at java.desktop/javax.swing.DefaultSingleSelectionModel.setSelectedIndex(DefaultSingleSelectionModel.java:74)
2025-10-12 02:47:52,623 [ERROR] LogOutputStream:74 - [STDERR_REDIRECT] 	at java.desktop/javax.swing.JTabbedPane.setSelectedIndexImpl(JTabbedPane.java:622)
2025-10-12 02:47:52,624 [ERROR] LogOutputStream:74 - [STDERR_REDIRECT] 	at java.desktop/javax.swing.JTabbedPane.removeAll(JTabbedPane.java:1069)
2025-10-12 02:47:52,624 [ERROR] LogOutputStream:74 - [STDERR_REDIRECT] 	at com.st.microxplorer.maingui.MainPanel.removePluginTabs(MainPanel.java:1509)
2025-10-12 02:47:52,625 [ERROR] LogOutputStream:74 - [STDERR_REDIRECT] 	at com.st.microxplorer.maingui.MainPanel.updateViewsTabPane(MainPanel.java:1514)
2025-10-12 02:47:52,625 [ERROR] LogOutputStream:74 - [STDERR_REDIRECT] 	at com.st.microxplorer.maingui.MainPanel.propertyChange(MainPanel.java:853)
2025-10-12 02:47:52,626 [ERROR] LogOutputStream:74 - [STDERR_REDIRECT] 	at java.desktop/java.beans.PropertyChangeSupport.fire(PropertyChangeSupport.java:341)
2025-10-12 02:47:52,627 [ERROR] LogOutputStream:74 - [STDERR_REDIRECT] 	at java.desktop/java.beans.PropertyChangeSupport.firePropertyChange(PropertyChangeSupport.java:333)
2025-10-12 02:47:52,628 [ERROR] LogOutputStream:74 - [STDERR_REDIRECT] 	at java.desktop/java.beans.PropertyChangeSupport.firePropertyChange(PropertyChangeSupport.java:266)
2025-10-12 02:47:52,629 [ERROR] LogOutputStream:74 - [STDERR_REDIRECT] 	at com.st.microxplorer.util.MXPropertyChangeSupport.firePropertyChange(MXPropertyChangeSupport.java:50)
2025-10-12 02:47:52,629 [ERROR] LogOutputStream:74 - [STDERR_REDIRECT] 	at com.st.microxplorer.mxsystem.MxSystem.completeLoadConfig(MxSystem.java:620)
2025-10-12 02:47:52,630 [ERROR] LogOutputStream:74 - [STDERR_REDIRECT] 	at com.st.microxplorer.plugins.filemanager.engine.OpenFileManager.LoadConfig(OpenFileManager.java:325)
2025-10-12 02:47:52,631 [ERROR] LogOutputStream:74 - [STDERR_REDIRECT] 	at com.st.microxplorer.plugins.filemanager.engine.OpenFileManager.loadConfigurationFile(OpenFileManager.java:242)
2025-10-12 02:47:52,632 [ERROR] LogOutputStream:74 - [STDERR_REDIRECT] 	at com.st.microxplorer.plugins.filemanager.engine.MainFileManager.userLoadConfig(MainFileManager.java:276)
2025-10-12 02:47:52,632 [ERROR] LogOutputStream:74 - [STDERR_REDIRECT] 	at com.st.microxplorer.plugins.filemanager.FileManagerView.getSpecificTask(FileManagerView.java:240)
2025-10-12 02:47:52,633 [ERROR] LogOutputStream:74 - [STDERR_REDIRECT] 	at com.st.stm32cube.common.mx.editor.CubeMxEditor.getMxTabbedPaneInstance(CubeMxEditor.java:1148)
2025-10-12 02:47:52,635 [ERROR] LogOutputStream:74 - [STDERR_REDIRECT] 	at com.st.stm32cube.common.mx.editor.CubeMxEditor$11$1.createSwingComponent(CubeMxEditor.java:1034)
2025-10-12 02:47:52,637 [ERROR] LogOutputStream:74 - [STDERR_REDIRECT] 	at com.st.stm32cube.common.mx.oss.core.awtswtbridge.EmbeddedSwingComposite.doComponentCreation(EmbeddedSwingComposite.java:492)
2025-10-12 02:47:52,638 [ERROR] LogOutputStream:74 - [STDERR_REDIRECT] 	at com.st.stm32cube.common.mx.oss.core.awtswtbridge.EmbeddedSwingComposite$4.run(EmbeddedSwingComposite.java:291)
2025-10-12 02:47:52,639 [ERROR] LogOutputStream:74 - [STDERR_REDIRECT] 	at com.st.stm32cube.common.mx.oss.core.awtswtbridge.AwtEnvironment$2.run(AwtEnvironment.java:166)
2025-10-12 02:47:52,640 [ERROR] LogOutputStream:74 - [STDERR_REDIRECT] 	at java.desktop/java.awt.event.InvocationEvent.dispatch(InvocationEvent.java:313)
2025-10-12 02:47:52,641 [ERROR] LogOutputStream:74 - [STDERR_REDIRECT] 	at java.desktop/java.awt.EventQueue.dispatchEventImpl(EventQueue.java:770)
2025-10-12 02:47:52,642 [ERROR] LogOutputStream:74 - [STDERR_REDIRECT] 	at java.desktop/java.awt.EventQueue$4.run(EventQueue.java:721)
2025-10-12 02:47:52,643 [ERROR] LogOutputStream:74 - [STDERR_REDIRECT] 	at java.desktop/java.awt.EventQueue$4.run(EventQueue.java:715)
2025-10-12 02:47:52,644 [ERROR] LogOutputStream:74 - [STDERR_REDIRECT] 	at java.base/java.security.AccessController.doPrivileged(Native Method)
2025-10-12 02:47:52,646 [ERROR] LogOutputStream:74 - [STDERR_REDIRECT] 	at java.base/java.security.ProtectionDomain$JavaSecurityAccessImpl.doIntersectionPrivilege(ProtectionDomain.java:85)
2025-10-12 02:47:52,647 [ERROR] LogOutputStream:74 - [STDERR_REDIRECT] 	at java.desktop/java.awt.EventQueue.dispatchEvent(EventQueue.java:740)
2025-10-12 02:47:52,648 [ERROR] LogOutputStream:74 - [STDERR_REDIRECT] 	at java.desktop/java.awt.EventDispatchThread.pumpOneEventForFilters(EventDispatchThread.java:203)
2025-10-12 02:47:52,649 [ERROR] LogOutputStream:74 - [STDERR_REDIRECT] 	at java.desktop/java.awt.EventDispatchThread.pumpEventsForFilter(EventDispatchThread.java:124)
2025-10-12 02:47:52,650 [ERROR] LogOutputStream:74 - [STDERR_REDIRECT] 	at java.desktop/java.awt.EventDispatchThread.pumpEventsForFilter(EventDispatchThread.java:117)
2025-10-12 02:47:52,651 [ERROR] LogOutputStream:74 - [STDERR_REDIRECT] 	at java.desktop/java.awt.WaitDispatchSupport$2.run(WaitDispatchSupport.java:190)
2025-10-12 02:47:52,651 [ERROR] LogOutputStream:74 - [STDERR_REDIRECT] 	at java.desktop/java.awt.WaitDispatchSupport$4.run(WaitDispatchSupport.java:235)
2025-10-12 02:47:52,652 [ERROR] LogOutputStream:74 - [STDERR_REDIRECT] 	at java.desktop/java.awt.WaitDispatchSupport$4.run(WaitDispatchSupport.java:233)
2025-10-12 02:47:52,653 [ERROR] LogOutputStream:74 - [STDERR_REDIRECT] 	at java.base/java.security.AccessController.doPrivileged(Native Method)
2025-10-12 02:47:52,653 [ERROR] LogOutputStream:74 - [STDERR_REDIRECT] 	at java.desktop/java.awt.WaitDispatchSupport.enter(WaitDispatchSupport.java:233)
2025-10-12 02:47:52,654 [ERROR] LogOutputStream:74 - [STDERR_REDIRECT] 	at java.desktop/java.awt.Dialog.show(Dialog.java:1070)
2025-10-12 02:47:52,655 [ERROR] LogOutputStream:74 - [STDERR_REDIRECT] 	at java.desktop/javax.swing.JOptionPane.showOptionDialog(JOptionPane.java:874)
2025-10-12 02:47:52,657 [ERROR] LogOutputStream:74 - [STDERR_REDIRECT] 	at java.desktop/javax.swing.JOptionPane.showMessageDialog(JOptionPane.java:670)
2025-10-12 02:47:52,659 [ERROR] LogOutputStream:74 - [STDERR_REDIRECT] 	at java.desktop/javax.swing.JOptionPane.showMessageDialog(JOptionPane.java:641)
2025-10-12 02:47:52,661 [ERROR] LogOutputStream:74 - [STDERR_REDIRECT] 	at com.st.microxplorer.mcufinder.gui.WebUtils.downloadDbFiles(WebUtils.java:851)
2025-10-12 02:47:52,664 [ERROR] LogOutputStream:74 - [STDERR_REDIRECT] 	at com.st.stm32cube.common.mx.targetselector.TargetSelectorAdapter$4.run(TargetSelectorAdapter.java:222)
2025-10-12 02:47:52,666 [ERROR] LogOutputStream:74 - [STDERR_REDIRECT] 	at com.st.stm32cube.common.mx.oss.core.awtswtbridge.AwtEnvironment$2.run(AwtEnvironment.java:166)
2025-10-12 02:47:52,668 [ERROR] LogOutputStream:74 - [STDERR_REDIRECT] 	at java.desktop/java.awt.event.InvocationEvent.dispatch(InvocationEvent.java:313)
2025-10-12 02:47:52,669 [ERROR] LogOutputStream:74 - [STDERR_REDIRECT] 	at java.desktop/java.awt.EventQueue.dispatchEventImpl(EventQueue.java:770)
2025-10-12 02:47:52,670 [ERROR] LogOutputStream:74 - [STDERR_REDIRECT] 	at java.desktop/java.awt.EventQueue$4.run(EventQueue.java:721)
2025-10-12 02:47:52,671 [ERROR] LogOutputStream:74 - [STDERR_REDIRECT] 	at java.desktop/java.awt.EventQueue$4.run(EventQueue.java:715)
2025-10-12 02:47:52,672 [ERROR] LogOutputStream:74 - [STDERR_REDIRECT] 	at java.base/java.security.AccessController.doPrivileged(Native Method)
2025-10-12 02:47:52,673 [ERROR] LogOutputStream:74 - [STDERR_REDIRECT] 	at java.base/java.security.ProtectionDomain$JavaSecurityAccessImpl.doIntersectionPrivilege(ProtectionDomain.java:85)
2025-10-12 02:47:52,674 [ERROR] LogOutputStream:74 - [STDERR_REDIRECT] 	at java.desktop/java.awt.EventQueue.dispatchEvent(EventQueue.java:740)
2025-10-12 02:47:52,674 [ERROR] LogOutputStream:74 - [STDERR_REDIRECT] 	at java.desktop/java.awt.EventDispatchThread.pumpOneEventForFilters(EventDispatchThread.java:203)
2025-10-12 02:47:52,675 [ERROR] LogOutputStream:74 - [STDERR_REDIRECT] 	at java.desktop/java.awt.EventDispatchThread.pumpEventsForFilter(EventDispatchThread.java:124)
2025-10-12 02:47:52,676 [ERROR] LogOutputStream:74 - [STDERR_REDIRECT] 	at java.desktop/java.awt.EventDispatchThread.pumpEventsForHierarchy(EventDispatchThread.java:113)
2025-10-12 02:47:52,677 [ERROR] LogOutputStream:74 - [STDERR_REDIRECT] 	at java.desktop/java.awt.EventDispatchThread.pumpEvents(EventDispatchThread.java:109)
2025-10-12 02:47:52,677 [ERROR] LogOutputStream:74 - [STDERR_REDIRECT] 	at java.desktop/java.awt.EventDispatchThread.pumpEvents(EventDispatchThread.java:101)
2025-10-12 02:47:52,678 [ERROR] LogOutputStream:74 - [STDERR_REDIRECT] 	at java.desktop/java.awt.EventDispatchThread.run(EventDispatchThread.java:90)
2025-10-12 02:47:52,681 [ERROR] LogOutputStream:74 - [STDERR_REDIRECT] Exception in thread "AWT-EventQueue-0" java.lang.NullPointerException
2025-10-12 02:47:52,684 [ERROR] LogOutputStream:74 - [STDERR_REDIRECT] 	at com.st.stm32cube.common.mx.editor.CubeMxEditor$20.run(CubeMxEditor.java:2136)
2025-10-12 02:47:52,685 [ERROR] LogOutputStream:74 - [STDERR_REDIRECT] 	at com.st.stm32cube.common.mx.oss.core.awtswtbridge.AwtEnvironment$2.run(AwtEnvironment.java:166)
2025-10-12 02:47:52,686 [ERROR] LogOutputStream:74 - [STDERR_REDIRECT] 	at java.desktop/java.awt.event.InvocationEvent.dispatch(InvocationEvent.java:313)
2025-10-12 02:47:52,686 [ERROR] LogOutputStream:74 - [STDERR_REDIRECT] 	at java.desktop/java.awt.EventQueue.dispatchEventImpl(EventQueue.java:770)
2025-10-12 02:47:52,687 [ERROR] LogOutputStream:74 - [STDERR_REDIRECT] 	at java.desktop/java.awt.EventQueue$4.run(EventQueue.java:721)
2025-10-12 02:47:52,688 [ERROR] LogOutputStream:74 - [STDERR_REDIRECT] 	at java.desktop/java.awt.EventQueue$4.run(EventQueue.java:715)
2025-10-12 02:47:52,688 [ERROR] LogOutputStream:74 - [STDERR_REDIRECT] 	at java.base/java.security.AccessController.doPrivileged(Native Method)
2025-10-12 02:47:52,689 [ERROR] LogOutputStream:74 - [STDERR_REDIRECT] 	at java.base/java.security.ProtectionDomain$JavaSecurityAccessImpl.doIntersectionPrivilege(ProtectionDomain.java:85)
2025-10-12 02:47:52,690 [ERROR] LogOutputStream:74 - [STDERR_REDIRECT] 	at java.desktop/java.awt.EventQueue.dispatchEvent(EventQueue.java:740)
2025-10-12 02:47:52,690 [ERROR] LogOutputStream:74 - [STDERR_REDIRECT] 	at java.desktop/java.awt.EventDispatchThread.pumpOneEventForFilters(EventDispatchThread.java:203)
2025-10-12 02:47:52,691 [ERROR] LogOutputStream:74 - [STDERR_REDIRECT] 	at java.desktop/java.awt.EventDispatchThread.pumpEventsForFilter(EventDispatchThread.java:124)
2025-10-12 02:47:52,692 [ERROR] LogOutputStream:74 - [STDERR_REDIRECT] 	at java.desktop/java.awt.EventDispatchThread.pumpEventsForFilter(EventDispatchThread.java:117)
2025-10-12 02:47:52,692 [ERROR] LogOutputStream:74 - [STDERR_REDIRECT] 	at java.desktop/java.awt.WaitDispatchSupport$2.run(WaitDispatchSupport.java:190)
2025-10-12 02:47:52,693 [ERROR] LogOutputStream:74 - [STDERR_REDIRECT] 	at java.desktop/java.awt.WaitDispatchSupport$4.run(WaitDispatchSupport.java:235)
2025-10-12 02:47:52,694 [ERROR] LogOutputStream:74 - [STDERR_REDIRECT] 	at java.desktop/java.awt.WaitDispatchSupport$4.run(WaitDispatchSupport.java:233)
2025-10-12 02:47:52,694 [ERROR] LogOutputStream:74 - [STDERR_REDIRECT] 	at java.base/java.security.AccessController.doPrivileged(Native Method)
2025-10-12 02:47:52,695 [ERROR] LogOutputStream:74 - [STDERR_REDIRECT] 	at java.desktop/java.awt.WaitDispatchSupport.enter(WaitDispatchSupport.java:233)
2025-10-12 02:47:52,695 [ERROR] LogOutputStream:74 - [STDERR_REDIRECT] 	at java.desktop/java.awt.Dialog.show(Dialog.java:1070)
2025-10-12 02:47:52,696 [ERROR] LogOutputStream:74 - [STDERR_REDIRECT] 	at java.desktop/javax.swing.JOptionPane.showOptionDialog(JOptionPane.java:874)
2025-10-12 02:47:52,697 [ERROR] LogOutputStream:74 - [STDERR_REDIRECT] 	at java.desktop/javax.swing.JOptionPane.showMessageDialog(JOptionPane.java:670)
2025-10-12 02:47:52,698 [ERROR] LogOutputStream:74 - [STDERR_REDIRECT] 	at java.desktop/javax.swing.JOptionPane.showMessageDialog(JOptionPane.java:641)
2025-10-12 02:47:52,698 [ERROR] LogOutputStream:74 - [STDERR_REDIRECT] 	at com.st.microxplorer.mcufinder.gui.WebUtils.downloadDbFiles(WebUtils.java:851)
2025-10-12 02:47:52,699 [ERROR] LogOutputStream:74 - [STDERR_REDIRECT] 	at com.st.stm32cube.common.mx.targetselector.TargetSelectorAdapter$4.run(TargetSelectorAdapter.java:222)
2025-10-12 02:47:52,700 [ERROR] LogOutputStream:74 - [STDERR_REDIRECT] 	at com.st.stm32cube.common.mx.oss.core.awtswtbridge.AwtEnvironment$2.run(AwtEnvironment.java:166)
2025-10-12 02:47:52,701 [ERROR] LogOutputStream:74 - [STDERR_REDIRECT] 	at java.desktop/java.awt.event.InvocationEvent.dispatch(InvocationEvent.java:313)
2025-10-12 02:47:52,701 [ERROR] LogOutputStream:74 - [STDERR_REDIRECT] 	at java.desktop/java.awt.EventQueue.dispatchEventImpl(EventQueue.java:770)
2025-10-12 02:47:52,702 [ERROR] LogOutputStream:74 - [STDERR_REDIRECT] 	at java.desktop/java.awt.EventQueue$4.run(EventQueue.java:721)
2025-10-12 02:47:52,702 [ERROR] LogOutputStream:74 - [STDERR_REDIRECT] 	at java.desktop/java.awt.EventQueue$4.run(EventQueue.java:715)
2025-10-12 02:47:52,703 [ERROR] LogOutputStream:74 - [STDERR_REDIRECT] 	at java.base/java.security.AccessController.doPrivileged(Native Method)
2025-10-12 02:47:52,704 [ERROR] LogOutputStream:74 - [STDERR_REDIRECT] 	at java.base/java.security.ProtectionDomain$JavaSecurityAccessImpl.doIntersectionPrivilege(ProtectionDomain.java:85)
2025-10-12 02:47:52,704 [ERROR] LogOutputStream:74 - [STDERR_REDIRECT] 	at java.desktop/java.awt.EventQueue.dispatchEvent(EventQueue.java:740)
2025-10-12 02:47:52,705 [ERROR] LogOutputStream:74 - [STDERR_REDIRECT] 	at java.desktop/java.awt.EventDispatchThread.pumpOneEventForFilters(EventDispatchThread.java:203)
2025-10-12 02:47:52,706 [ERROR] LogOutputStream:74 - [STDERR_REDIRECT] 	at java.desktop/java.awt.EventDispatchThread.pumpEventsForFilter(EventDispatchThread.java:124)
2025-10-12 02:47:52,707 [ERROR] LogOutputStream:74 - [STDERR_REDIRECT] 	at java.desktop/java.awt.EventDispatchThread.pumpEventsForHierarchy(EventDispatchThread.java:113)
2025-10-12 02:47:52,708 [ERROR] LogOutputStream:74 - [STDERR_REDIRECT] 	at java.desktop/java.awt.EventDispatchThread.pumpEvents(EventDispatchThread.java:109)
2025-10-12 02:47:52,708 [ERROR] LogOutputStream:74 - [STDERR_REDIRECT] 	at java.desktop/java.awt.EventDispatchThread.pumpEvents(EventDispatchThread.java:101)
2025-10-12 02:47:52,709 [ERROR] LogOutputStream:74 - [STDERR_REDIRECT] 	at java.desktop/java.awt.EventDispatchThread.run(EventDispatchThread.java:90)
2025-10-12 02:47:52,716 [ERROR] LogOutputStream:74 - [STDERR_REDIRECT] Exception in thread "AWT-EventQueue-0" java.lang.IndexOutOfBoundsException: Index -1 out of bounds for length 4
2025-10-12 02:47:52,717 [ERROR] LogOutputStream:74 - [STDERR_REDIRECT] 	at java.base/jdk.internal.util.Preconditions.outOfBounds(Preconditions.java:64)
2025-10-12 02:47:52,717 [ERROR] LogOutputStream:74 - [STDERR_REDIRECT] 	at java.base/jdk.internal.util.Preconditions.outOfBoundsCheckIndex(Preconditions.java:70)
2025-10-12 02:47:52,718 [ERROR] LogOutputStream:74 - [STDERR_REDIRECT] 	at java.base/jdk.internal.util.Preconditions.checkIndex(Preconditions.java:248)
2025-10-12 02:47:52,719 [ERROR] LogOutputStream:74 - [STDERR_REDIRECT] 	at java.base/java.util.Objects.checkIndex(Objects.java:372)
2025-10-12 02:47:52,719 [ERROR] LogOutputStream:74 - [STDERR_REDIRECT] 	at java.base/java.util.ArrayList.get(ArrayList.java:459)
2025-10-12 02:47:52,720 [ERROR] LogOutputStream:74 - [STDERR_REDIRECT] 	at java.desktop/javax.swing.JTabbedPane.getTitleAt(JTabbedPane.java:1121)
2025-10-12 02:47:52,720 [ERROR] LogOutputStream:74 - [STDERR_REDIRECT] 	at com.st.microxplorer.maingui.MainPanel.getSelectedPluginView(MainPanel.java:1624)
2025-10-12 02:47:52,721 [ERROR] LogOutputStream:74 - [STDERR_REDIRECT] 	at com.st.microxplorer.maingui.MainPanel.getCurrentPluginName(MainPanel.java:1763)
2025-10-12 02:47:52,722 [ERROR] LogOutputStream:74 - [STDERR_REDIRECT] 	at com.st.microxplorer.maingui.AppletMainFrameCubeIde.UpdateCaption(AppletMainFrameCubeIde.java:71)
2025-10-12 02:47:52,722 [ERROR] LogOutputStream:74 - [STDERR_REDIRECT] 	at com.st.microxplorer.maingui.MainPanel.resetModified(MainPanel.java:545)
2025-10-12 02:47:52,723 [ERROR] LogOutputStream:74 - [STDERR_REDIRECT] 	at com.st.stm32cube.common.mx.editor.CubeMxEditor$19.run(CubeMxEditor.java:1818)
2025-10-12 02:47:52,724 [ERROR] LogOutputStream:74 - [STDERR_REDIRECT] 	at com.st.stm32cube.common.mx.oss.core.awtswtbridge.AwtEnvironment$2.run(AwtEnvironment.java:166)
2025-10-12 02:47:52,725 [ERROR] LogOutputStream:74 - [STDERR_REDIRECT] 	at java.desktop/java.awt.event.InvocationEvent.dispatch(InvocationEvent.java:313)
2025-10-12 02:47:52,726 [ERROR] LogOutputStream:74 - [STDERR_REDIRECT] 	at java.desktop/java.awt.EventQueue.dispatchEventImpl(EventQueue.java:770)
2025-10-12 02:47:52,726 [ERROR] LogOutputStream:74 - [STDERR_REDIRECT] 	at java.desktop/java.awt.EventQueue$4.run(EventQueue.java:721)
2025-10-12 02:47:52,728 [ERROR] LogOutputStream:74 - [STDERR_REDIRECT] 	at java.desktop/java.awt.EventQueue$4.run(EventQueue.java:715)
2025-10-12 02:47:52,729 [ERROR] LogOutputStream:74 - [STDERR_REDIRECT] 	at java.base/java.security.AccessController.doPrivileged(Native Method)
2025-10-12 02:47:52,730 [ERROR] LogOutputStream:74 - [STDERR_REDIRECT] 	at java.base/java.security.ProtectionDomain$JavaSecurityAccessImpl.doIntersectionPrivilege(ProtectionDomain.java:85)
2025-10-12 02:47:52,731 [ERROR] LogOutputStream:74 - [STDERR_REDIRECT] 	at java.desktop/java.awt.EventQueue.dispatchEvent(EventQueue.java:740)
2025-10-12 02:47:52,732 [ERROR] LogOutputStream:74 - [STDERR_REDIRECT] 	at java.desktop/java.awt.EventDispatchThread.pumpOneEventForFilters(EventDispatchThread.java:203)
2025-10-12 02:47:52,732 [ERROR] LogOutputStream:74 - [STDERR_REDIRECT] 	at java.desktop/java.awt.EventDispatchThread.pumpEventsForFilter(EventDispatchThread.java:124)
2025-10-12 02:47:52,733 [ERROR] LogOutputStream:74 - [STDERR_REDIRECT] 	at java.desktop/java.awt.EventDispatchThread.pumpEventsForFilter(EventDispatchThread.java:117)
2025-10-12 02:47:52,734 [ERROR] LogOutputStream:74 - [STDERR_REDIRECT] 	at java.desktop/java.awt.WaitDispatchSupport$2.run(WaitDispatchSupport.java:190)
2025-10-12 02:47:52,734 [ERROR] LogOutputStream:74 - [STDERR_REDIRECT] 	at java.desktop/java.awt.WaitDispatchSupport$4.run(WaitDispatchSupport.java:235)
2025-10-12 02:47:52,735 [ERROR] LogOutputStream:74 - [STDERR_REDIRECT] 	at java.desktop/java.awt.WaitDispatchSupport$4.run(WaitDispatchSupport.java:233)
2025-10-12 02:47:52,736 [ERROR] LogOutputStream:74 - [STDERR_REDIRECT] 	at java.base/java.security.AccessController.doPrivileged(Native Method)
2025-10-12 02:47:52,736 [ERROR] LogOutputStream:74 - [STDERR_REDIRECT] 	at java.desktop/java.awt.WaitDispatchSupport.enter(WaitDispatchSupport.java:233)
2025-10-12 02:47:52,737 [ERROR] LogOutputStream:74 - [STDERR_REDIRECT] 	at java.desktop/java.awt.Dialog.show(Dialog.java:1070)
2025-10-12 02:47:52,743 [ERROR] LogOutputStream:74 - [STDERR_REDIRECT] 	at java.desktop/javax.swing.JOptionPane.showOptionDialog(JOptionPane.java:874)
2025-10-12 02:47:52,745 [ERROR] LogOutputStream:74 - [STDERR_REDIRECT] 	at java.desktop/javax.swing.JOptionPane.showMessageDialog(JOptionPane.java:670)
2025-10-12 02:47:52,745 [ERROR] LogOutputStream:74 - [STDERR_REDIRECT] 	at java.desktop/javax.swing.JOptionPane.showMessageDialog(JOptionPane.java:641)
2025-10-12 02:47:52,746 [ERROR] LogOutputStream:74 - [STDERR_REDIRECT] 	at com.st.microxplorer.mcufinder.gui.WebUtils.downloadDbFiles(WebUtils.java:851)
2025-10-12 02:47:52,749 [ERROR] LogOutputStream:74 - [STDERR_REDIRECT] 	at com.st.stm32cube.common.mx.targetselector.TargetSelectorAdapter$4.run(TargetSelectorAdapter.java:222)
2025-10-12 02:47:52,752 [ERROR] LogOutputStream:74 - [STDERR_REDIRECT] 	at com.st.stm32cube.common.mx.oss.core.awtswtbridge.AwtEnvironment$2.run(AwtEnvironment.java:166)
2025-10-12 02:47:52,755 [ERROR] LogOutputStream:74 - [STDERR_REDIRECT] 	at java.desktop/java.awt.event.InvocationEvent.dispatch(InvocationEvent.java:313)
2025-10-12 02:47:52,757 [ERROR] LogOutputStream:74 - [STDERR_REDIRECT] 	at java.desktop/java.awt.EventQueue.dispatchEventImpl(EventQueue.java:770)
2025-10-12 02:47:52,759 [ERROR] LogOutputStream:74 - [STDERR_REDIRECT] 	at java.desktop/java.awt.EventQueue$4.run(EventQueue.java:721)
2025-10-12 02:47:52,761 [ERROR] LogOutputStream:74 - [STDERR_REDIRECT] 	at java.desktop/java.awt.EventQueue$4.run(EventQueue.java:715)
2025-10-12 02:47:52,762 [ERROR] LogOutputStream:74 - [STDERR_REDIRECT] 	at java.base/java.security.AccessController.doPrivileged(Native Method)
2025-10-12 02:47:52,763 [ERROR] LogOutputStream:74 - [STDERR_REDIRECT] 	at java.base/java.security.ProtectionDomain$JavaSecurityAccessImpl.doIntersectionPrivilege(ProtectionDomain.java:85)
2025-10-12 02:47:52,764 [ERROR] LogOutputStream:74 - [STDERR_REDIRECT] 	at java.desktop/java.awt.EventQueue.dispatchEvent(EventQueue.java:740)
2025-10-12 02:47:52,765 [ERROR] LogOutputStream:74 - [STDERR_REDIRECT] 	at java.desktop/java.awt.EventDispatchThread.pumpOneEventForFilters(EventDispatchThread.java:203)
2025-10-12 02:47:52,766 [ERROR] LogOutputStream:74 - [STDERR_REDIRECT] 	at java.desktop/java.awt.EventDispatchThread.pumpEventsForFilter(EventDispatchThread.java:124)
2025-10-12 02:47:52,767 [ERROR] LogOutputStream:74 - [STDERR_REDIRECT] 	at java.desktop/java.awt.EventDispatchThread.pumpEventsForHierarchy(EventDispatchThread.java:113)
2025-10-12 02:47:52,768 [ERROR] LogOutputStream:74 - [STDERR_REDIRECT] 	at java.desktop/java.awt.EventDispatchThread.pumpEvents(EventDispatchThread.java:109)
2025-10-12 02:47:52,768 [ERROR] LogOutputStream:74 - [STDERR_REDIRECT] 	at java.desktop/java.awt.EventDispatchThread.pumpEvents(EventDispatchThread.java:101)
2025-10-12 02:47:52,769 [ERROR] LogOutputStream:74 - [STDERR_REDIRECT] 	at java.desktop/java.awt.EventDispatchThread.run(EventDispatchThread.java:90)
2025-10-12 02:47:54,884 [INFO] MainUpdater:2671 - connection check result : 10
2025-10-12 02:47:54,884 [INFO] MainUpdater:2671 - connection check result : 10
2025-10-12 02:47:54,928 [INFO] MicroXplorer:448 - Change Database Path : 
2025-10-12 02:47:54,928 [INFO] MicroXplorer:478 - Change Database Version : DB.6.0.30
2025-10-12 02:47:54,928 [WARN] ThirdParty:813 - waiting for thirdparty lock release [close project]
2025-10-12 02:47:54,929 [INFO] ThirdParty:815 - entering critical section [close project]
2025-10-12 02:47:54,929 [INFO] ThirdParty:825 - exiting critical section [close project]
2025-10-12 02:47:54,930 [INFO] PinOutPanel:1463 - setPackage(No Configuration,No Configuration)
2025-10-12 02:47:54,933 [ERROR] LogOutputStream:74 - [STDERR_REDIRECT] Exception in thread "AWT-EventQueue-0" java.lang.IndexOutOfBoundsException: Index -1 out of bounds for length 4
2025-10-12 02:47:54,935 [ERROR] LogOutputStream:74 - [STDERR_REDIRECT] 	at java.base/jdk.internal.util.Preconditions.outOfBounds(Preconditions.java:64)
2025-10-12 02:47:54,936 [ERROR] LogOutputStream:74 - [STDERR_REDIRECT] 	at java.base/jdk.internal.util.Preconditions.outOfBoundsCheckIndex(Preconditions.java:70)
2025-10-12 02:47:54,938 [ERROR] LogOutputStream:74 - [STDERR_REDIRECT] 	at java.base/jdk.internal.util.Preconditions.checkIndex(Preconditions.java:248)
2025-10-12 02:47:54,939 [ERROR] LogOutputStream:74 - [STDERR_REDIRECT] 	at java.base/java.util.Objects.checkIndex(Objects.java:372)
2025-10-12 02:47:54,939 [ERROR] LogOutputStream:74 - [STDERR_REDIRECT] 	at java.base/java.util.ArrayList.get(ArrayList.java:459)
2025-10-12 02:47:54,940 [ERROR] LogOutputStream:74 - [STDERR_REDIRECT] 	at java.desktop/javax.swing.JTabbedPane.getTitleAt(JTabbedPane.java:1121)
2025-10-12 02:47:54,941 [ERROR] LogOutputStream:74 - [STDERR_REDIRECT] 	at com.st.microxplorer.maingui.MainPanel.getSelectedPluginView(MainPanel.java:1624)
2025-10-12 02:47:54,942 [ERROR] LogOutputStream:74 - [STDERR_REDIRECT] 	at com.st.microxplorer.maingui.MainPanel.getCurrentPluginName(MainPanel.java:1763)
2025-10-12 02:47:54,944 [ERROR] LogOutputStream:74 - [STDERR_REDIRECT] 	at com.st.microxplorer.maingui.AppletMainFrameCubeIde.UpdateCaption(AppletMainFrameCubeIde.java:71)
2025-10-12 02:47:54,946 [ERROR] LogOutputStream:74 - [STDERR_REDIRECT] 	at com.st.microxplorer.maingui.MainPanel.resetModified(MainPanel.java:545)
2025-10-12 02:47:54,947 [ERROR] LogOutputStream:74 - [STDERR_REDIRECT] 	at com.st.microxplorer.maingui.MainPanel.propertyChange(MainPanel.java:904)
2025-10-12 02:47:54,948 [ERROR] LogOutputStream:74 - [STDERR_REDIRECT] 	at java.desktop/java.beans.PropertyChangeSupport.fire(PropertyChangeSupport.java:341)
2025-10-12 02:47:54,949 [ERROR] LogOutputStream:74 - [STDERR_REDIRECT] 	at java.desktop/java.beans.PropertyChangeSupport.firePropertyChange(PropertyChangeSupport.java:333)
2025-10-12 02:47:54,951 [ERROR] LogOutputStream:74 - [STDERR_REDIRECT] 	at java.desktop/java.beans.PropertyChangeSupport.firePropertyChange(PropertyChangeSupport.java:266)
2025-10-12 02:47:54,952 [ERROR] LogOutputStream:74 - [STDERR_REDIRECT] 	at com.st.microxplorer.util.MXPropertyChangeSupport.firePropertyChange(MXPropertyChangeSupport.java:50)
2025-10-12 02:47:54,954 [ERROR] LogOutputStream:74 - [STDERR_REDIRECT] 	at com.st.microxplorer.mxsystem.MxSystem.closeConfig(MxSystem.java:657)
2025-10-12 02:47:54,955 [ERROR] LogOutputStream:74 - [STDERR_REDIRECT] 	at com.st.microxplorer.maingui.MainPanel.closeConfig(MainPanel.java:637)
2025-10-12 02:47:54,956 [ERROR] LogOutputStream:74 - [STDERR_REDIRECT] 	at com.st.microxplorer.plugins.filemanager.engine.OpenFileManager.loadConfigurationFile(OpenFileManager.java:238)
2025-10-12 02:47:54,957 [ERROR] LogOutputStream:74 - [STDERR_REDIRECT] 	at com.st.microxplorer.plugins.filemanager.engine.MainFileManager.userLoadConfig(MainFileManager.java:276)
2025-10-12 02:47:54,959 [ERROR] LogOutputStream:74 - [STDERR_REDIRECT] 	at com.st.microxplorer.plugins.filemanager.FileManagerView.getSpecificTask(FileManagerView.java:240)
2025-10-12 02:47:54,960 [ERROR] LogOutputStream:74 - [STDERR_REDIRECT] 	at com.st.stm32cube.common.mx.editor.CubeMxEditor.getMxTabbedPaneInstance(CubeMxEditor.java:1148)
2025-10-12 02:47:54,961 [ERROR] LogOutputStream:74 - [STDERR_REDIRECT] 	at com.st.stm32cube.common.mx.editor.CubeMxEditor$11$1.createSwingComponent(CubeMxEditor.java:1034)
2025-10-12 02:47:54,962 [ERROR] LogOutputStream:74 - [STDERR_REDIRECT] 	at com.st.stm32cube.common.mx.oss.core.awtswtbridge.EmbeddedSwingComposite.doComponentCreation(EmbeddedSwingComposite.java:492)
2025-10-12 02:47:54,962 [ERROR] LogOutputStream:74 - [STDERR_REDIRECT] 	at com.st.stm32cube.common.mx.oss.core.awtswtbridge.EmbeddedSwingComposite$4.run(EmbeddedSwingComposite.java:291)
2025-10-12 02:47:54,963 [ERROR] LogOutputStream:74 - [STDERR_REDIRECT] 	at com.st.stm32cube.common.mx.oss.core.awtswtbridge.AwtEnvironment$2.run(AwtEnvironment.java:166)
2025-10-12 02:47:54,964 [ERROR] LogOutputStream:74 - [STDERR_REDIRECT] 	at java.desktop/java.awt.event.InvocationEvent.dispatch(InvocationEvent.java:313)
2025-10-12 02:47:54,964 [ERROR] LogOutputStream:74 - [STDERR_REDIRECT] 	at java.desktop/java.awt.EventQueue.dispatchEventImpl(EventQueue.java:770)
2025-10-12 02:47:54,965 [ERROR] LogOutputStream:74 - [STDERR_REDIRECT] 	at java.desktop/java.awt.EventQueue$4.run(EventQueue.java:721)
2025-10-12 02:47:54,965 [ERROR] LogOutputStream:74 - [STDERR_REDIRECT] 	at java.desktop/java.awt.EventQueue$4.run(EventQueue.java:715)
2025-10-12 02:47:54,966 [ERROR] LogOutputStream:74 - [STDERR_REDIRECT] 	at java.base/java.security.AccessController.doPrivileged(Native Method)
2025-10-12 02:47:54,967 [ERROR] LogOutputStream:74 - [STDERR_REDIRECT] 	at java.base/java.security.ProtectionDomain$JavaSecurityAccessImpl.doIntersectionPrivilege(ProtectionDomain.java:85)
2025-10-12 02:47:54,967 [ERROR] LogOutputStream:74 - [STDERR_REDIRECT] 	at java.desktop/java.awt.EventQueue.dispatchEvent(EventQueue.java:740)
2025-10-12 02:47:54,968 [ERROR] LogOutputStream:74 - [STDERR_REDIRECT] 	at java.desktop/java.awt.EventDispatchThread.pumpOneEventForFilters(EventDispatchThread.java:203)
2025-10-12 02:47:54,969 [ERROR] LogOutputStream:74 - [STDERR_REDIRECT] 	at java.desktop/java.awt.EventDispatchThread.pumpEventsForFilter(EventDispatchThread.java:124)
2025-10-12 02:47:54,969 [ERROR] LogOutputStream:74 - [STDERR_REDIRECT] 	at java.desktop/java.awt.EventDispatchThread.pumpEventsForFilter(EventDispatchThread.java:117)
2025-10-12 02:47:54,970 [ERROR] LogOutputStream:74 - [STDERR_REDIRECT] 	at java.desktop/java.awt.WaitDispatchSupport$2.run(WaitDispatchSupport.java:190)
2025-10-12 02:47:54,971 [ERROR] LogOutputStream:74 - [STDERR_REDIRECT] 	at java.desktop/java.awt.WaitDispatchSupport$4.run(WaitDispatchSupport.java:235)
2025-10-12 02:47:54,971 [ERROR] LogOutputStream:74 - [STDERR_REDIRECT] 	at java.desktop/java.awt.WaitDispatchSupport$4.run(WaitDispatchSupport.java:233)
2025-10-12 02:47:54,972 [ERROR] LogOutputStream:74 - [STDERR_REDIRECT] 	at java.base/java.security.AccessController.doPrivileged(Native Method)
2025-10-12 02:47:54,973 [ERROR] LogOutputStream:74 - [STDERR_REDIRECT] 	at java.desktop/java.awt.WaitDispatchSupport.enter(WaitDispatchSupport.java:233)
2025-10-12 02:47:54,973 [ERROR] LogOutputStream:74 - [STDERR_REDIRECT] 	at java.desktop/java.awt.Dialog.show(Dialog.java:1070)
2025-10-12 02:47:54,973 [ERROR] LogOutputStream:74 - [STDERR_REDIRECT] 	at java.desktop/javax.swing.JOptionPane.showOptionDialog(JOptionPane.java:874)
2025-10-12 02:47:54,974 [ERROR] LogOutputStream:74 - [STDERR_REDIRECT] 	at java.desktop/javax.swing.JOptionPane.showMessageDialog(JOptionPane.java:670)
2025-10-12 02:47:54,974 [ERROR] LogOutputStream:74 - [STDERR_REDIRECT] 	at java.desktop/javax.swing.JOptionPane.showMessageDialog(JOptionPane.java:641)
2025-10-12 02:47:54,976 [ERROR] LogOutputStream:74 - [STDERR_REDIRECT] 	at com.st.microxplorer.mcufinder.gui.WebUtils.downloadDbFiles(WebUtils.java:851)
2025-10-12 02:47:54,977 [ERROR] LogOutputStream:74 - [STDERR_REDIRECT] 	at com.st.stm32cube.common.mx.targetselector.TargetSelectorAdapter$4.run(TargetSelectorAdapter.java:222)
2025-10-12 02:47:54,978 [ERROR] LogOutputStream:74 - [STDERR_REDIRECT] 	at com.st.stm32cube.common.mx.oss.core.awtswtbridge.AwtEnvironment$2.run(AwtEnvironment.java:166)
2025-10-12 02:47:54,979 [ERROR] LogOutputStream:74 - [STDERR_REDIRECT] 	at java.desktop/java.awt.event.InvocationEvent.dispatch(InvocationEvent.java:313)
2025-10-12 02:47:54,979 [ERROR] LogOutputStream:74 - [STDERR_REDIRECT] 	at java.desktop/java.awt.EventQueue.dispatchEventImpl(EventQueue.java:770)
2025-10-12 02:47:54,980 [ERROR] LogOutputStream:74 - [STDERR_REDIRECT] 	at java.desktop/java.awt.EventQueue$4.run(EventQueue.java:721)
2025-10-12 02:47:54,981 [ERROR] LogOutputStream:74 - [STDERR_REDIRECT] 	at java.desktop/java.awt.EventQueue$4.run(EventQueue.java:715)
2025-10-12 02:47:54,981 [ERROR] LogOutputStream:74 - [STDERR_REDIRECT] 	at java.base/java.security.AccessController.doPrivileged(Native Method)
2025-10-12 02:47:54,983 [ERROR] LogOutputStream:74 - [STDERR_REDIRECT] 	at java.base/java.security.ProtectionDomain$JavaSecurityAccessImpl.doIntersectionPrivilege(ProtectionDomain.java:85)
2025-10-12 02:47:54,983 [ERROR] LogOutputStream:74 - [STDERR_REDIRECT] 	at java.desktop/java.awt.EventQueue.dispatchEvent(EventQueue.java:740)
2025-10-12 02:47:54,984 [ERROR] LogOutputStream:74 - [STDERR_REDIRECT] 	at java.desktop/java.awt.EventDispatchThread.pumpOneEventForFilters(EventDispatchThread.java:203)
2025-10-12 02:47:54,985 [ERROR] LogOutputStream:74 - [STDERR_REDIRECT] 	at java.desktop/java.awt.EventDispatchThread.pumpEventsForFilter(EventDispatchThread.java:124)
2025-10-12 02:47:54,986 [ERROR] LogOutputStream:74 - [STDERR_REDIRECT] 	at java.desktop/java.awt.EventDispatchThread.pumpEventsForHierarchy(EventDispatchThread.java:113)
2025-10-12 02:47:54,986 [ERROR] LogOutputStream:74 - [STDERR_REDIRECT] 	at java.desktop/java.awt.EventDispatchThread.pumpEvents(EventDispatchThread.java:109)
2025-10-12 02:47:54,987 [ERROR] LogOutputStream:74 - [STDERR_REDIRECT] 	at java.desktop/java.awt.EventDispatchThread.pumpEvents(EventDispatchThread.java:101)
2025-10-12 02:47:54,988 [ERROR] LogOutputStream:74 - [STDERR_REDIRECT] 	at java.desktop/java.awt.EventDispatchThread.run(EventDispatchThread.java:90)
2025-10-12 02:47:55,027 [INFO] UtilMem:74 - End SaveConfig() Used Memory: 1028795992 Bytes (1073741824)
2025-10-12 02:47:55,053 [ERROR] LogOutputStream:74 - [STDERR_REDIRECT] Exception in thread "AWT-EventQueue-0" java.lang.IndexOutOfBoundsException: Index -1 out of bounds for length 4
2025-10-12 02:47:55,054 [ERROR] LogOutputStream:74 - [STDERR_REDIRECT] 	at java.base/jdk.internal.util.Preconditions.outOfBounds(Preconditions.java:64)
2025-10-12 02:47:55,054 [ERROR] LogOutputStream:74 - [STDERR_REDIRECT] 	at java.base/jdk.internal.util.Preconditions.outOfBoundsCheckIndex(Preconditions.java:70)
2025-10-12 02:47:55,055 [ERROR] LogOutputStream:74 - [STDERR_REDIRECT] 	at java.base/jdk.internal.util.Preconditions.checkIndex(Preconditions.java:248)
2025-10-12 02:47:55,055 [ERROR] LogOutputStream:74 - [STDERR_REDIRECT] 	at java.base/java.util.Objects.checkIndex(Objects.java:372)
2025-10-12 02:47:55,056 [ERROR] LogOutputStream:74 - [STDERR_REDIRECT] 	at java.base/java.util.ArrayList.get(ArrayList.java:459)
2025-10-12 02:47:55,057 [ERROR] LogOutputStream:74 - [STDERR_REDIRECT] 	at java.desktop/javax.swing.JTabbedPane.getTitleAt(JTabbedPane.java:1121)
2025-10-12 02:47:55,057 [ERROR] LogOutputStream:74 - [STDERR_REDIRECT] 	at com.st.microxplorer.maingui.MainPanel.getSelectedPluginView(MainPanel.java:1624)
2025-10-12 02:47:55,058 [ERROR] LogOutputStream:74 - [STDERR_REDIRECT] 	at com.st.microxplorer.maingui.MainPanel.getCurrentPluginName(MainPanel.java:1763)
2025-10-12 02:47:55,059 [ERROR] LogOutputStream:74 - [STDERR_REDIRECT] 	at com.st.microxplorer.maingui.AppletMainFrameCubeIde.UpdateCaption(AppletMainFrameCubeIde.java:71)
2025-10-12 02:47:55,059 [ERROR] LogOutputStream:74 - [STDERR_REDIRECT] 	at com.st.microxplorer.maingui.MainPanel.resetModified(MainPanel.java:545)
2025-10-12 02:47:55,060 [ERROR] LogOutputStream:74 - [STDERR_REDIRECT] 	at com.st.microxplorer.plugins.filemanager.engine.SaveFileManager.saveConfiguration(SaveFileManager.java:129)
2025-10-12 02:47:55,062 [ERROR] LogOutputStream:74 - [STDERR_REDIRECT] 	at com.st.microxplorer.plugins.filemanager.engine.MainFileManager.userSaveConfig(MainFileManager.java:394)
2025-10-12 02:47:55,063 [ERROR] LogOutputStream:74 - [STDERR_REDIRECT] 	at com.st.microxplorer.plugins.filemanager.FileManagerView.getSpecificTask(FileManagerView.java:252)
2025-10-12 02:47:55,064 [ERROR] LogOutputStream:74 - [STDERR_REDIRECT] 	at com.st.stm32cube.common.mx.editor.CubeMxEditor$20.run(CubeMxEditor.java:2156)
2025-10-12 02:47:55,065 [ERROR] LogOutputStream:74 - [STDERR_REDIRECT] 	at com.st.stm32cube.common.mx.oss.core.awtswtbridge.AwtEnvironment$2.run(AwtEnvironment.java:166)
2025-10-12 02:47:55,066 [ERROR] LogOutputStream:74 - [STDERR_REDIRECT] 	at java.desktop/java.awt.event.InvocationEvent.dispatch(InvocationEvent.java:313)
2025-10-12 02:47:55,067 [ERROR] LogOutputStream:74 - [STDERR_REDIRECT] 	at java.desktop/java.awt.EventQueue.dispatchEventImpl(EventQueue.java:770)
2025-10-12 02:47:55,067 [ERROR] LogOutputStream:74 - [STDERR_REDIRECT] 	at java.desktop/java.awt.EventQueue$4.run(EventQueue.java:721)
2025-10-12 02:47:55,068 [ERROR] LogOutputStream:74 - [STDERR_REDIRECT] 	at java.desktop/java.awt.EventQueue$4.run(EventQueue.java:715)
2025-10-12 02:47:55,068 [ERROR] LogOutputStream:74 - [STDERR_REDIRECT] 	at java.base/java.security.AccessController.doPrivileged(Native Method)
2025-10-12 02:47:55,069 [ERROR] LogOutputStream:74 - [STDERR_REDIRECT] 	at java.base/java.security.ProtectionDomain$JavaSecurityAccessImpl.doIntersectionPrivilege(ProtectionDomain.java:85)
2025-10-12 02:47:55,069 [ERROR] LogOutputStream:74 - [STDERR_REDIRECT] 	at java.desktop/java.awt.EventQueue.dispatchEvent(EventQueue.java:740)
2025-10-12 02:47:55,070 [ERROR] LogOutputStream:74 - [STDERR_REDIRECT] 	at java.desktop/java.awt.EventDispatchThread.pumpOneEventForFilters(EventDispatchThread.java:203)
2025-10-12 02:47:55,071 [ERROR] LogOutputStream:74 - [STDERR_REDIRECT] 	at java.desktop/java.awt.EventDispatchThread.pumpEventsForFilter(EventDispatchThread.java:124)
2025-10-12 02:47:55,071 [ERROR] LogOutputStream:74 - [STDERR_REDIRECT] 	at java.desktop/java.awt.EventDispatchThread.pumpEventsForFilter(EventDispatchThread.java:117)
2025-10-12 02:47:55,072 [ERROR] LogOutputStream:74 - [STDERR_REDIRECT] 	at java.desktop/java.awt.WaitDispatchSupport$2.run(WaitDispatchSupport.java:190)
2025-10-12 02:47:55,073 [ERROR] LogOutputStream:74 - [STDERR_REDIRECT] 	at java.desktop/java.awt.WaitDispatchSupport$4.run(WaitDispatchSupport.java:235)
2025-10-12 02:47:55,073 [ERROR] LogOutputStream:74 - [STDERR_REDIRECT] 	at java.desktop/java.awt.WaitDispatchSupport$4.run(WaitDispatchSupport.java:233)
2025-10-12 02:47:55,074 [ERROR] LogOutputStream:74 - [STDERR_REDIRECT] 	at java.base/java.security.AccessController.doPrivileged(Native Method)
2025-10-12 02:47:55,075 [ERROR] LogOutputStream:74 - [STDERR_REDIRECT] 	at java.desktop/java.awt.WaitDispatchSupport.enter(WaitDispatchSupport.java:233)
2025-10-12 02:47:55,075 [ERROR] LogOutputStream:74 - [STDERR_REDIRECT] 	at java.desktop/java.awt.Dialog.show(Dialog.java:1070)
2025-10-12 02:47:55,076 [ERROR] LogOutputStream:74 - [STDERR_REDIRECT] 	at java.desktop/javax.swing.JOptionPane.showOptionDialog(JOptionPane.java:874)
2025-10-12 02:47:55,077 [ERROR] LogOutputStream:74 - [STDERR_REDIRECT] 	at java.desktop/javax.swing.JOptionPane.showMessageDialog(JOptionPane.java:670)
2025-10-12 02:47:55,077 [ERROR] LogOutputStream:74 - [STDERR_REDIRECT] 	at java.desktop/javax.swing.JOptionPane.showMessageDialog(JOptionPane.java:641)
2025-10-12 02:47:55,078 [ERROR] LogOutputStream:74 - [STDERR_REDIRECT] 	at com.st.microxplorer.mcufinder.gui.WebUtils.downloadDbFiles(WebUtils.java:851)
2025-10-12 02:47:55,079 [ERROR] LogOutputStream:74 - [STDERR_REDIRECT] 	at com.st.stm32cube.common.mx.targetselector.TargetSelectorAdapter$4.run(TargetSelectorAdapter.java:222)
2025-10-12 02:47:55,080 [ERROR] LogOutputStream:74 - [STDERR_REDIRECT] 	at com.st.stm32cube.common.mx.oss.core.awtswtbridge.AwtEnvironment$2.run(AwtEnvironment.java:166)
2025-10-12 02:47:55,081 [ERROR] LogOutputStream:74 - [STDERR_REDIRECT] 	at java.desktop/java.awt.event.InvocationEvent.dispatch(InvocationEvent.java:313)
2025-10-12 02:47:55,081 [ERROR] LogOutputStream:74 - [STDERR_REDIRECT] 	at java.desktop/java.awt.EventQueue.dispatchEventImpl(EventQueue.java:770)
2025-10-12 02:47:55,082 [ERROR] LogOutputStream:74 - [STDERR_REDIRECT] 	at java.desktop/java.awt.EventQueue$4.run(EventQueue.java:721)
2025-10-12 02:47:55,082 [ERROR] LogOutputStream:74 - [STDERR_REDIRECT] 	at java.desktop/java.awt.EventQueue$4.run(EventQueue.java:715)
2025-10-12 02:47:55,083 [ERROR] LogOutputStream:74 - [STDERR_REDIRECT] 	at java.base/java.security.AccessController.doPrivileged(Native Method)
2025-10-12 02:47:55,084 [ERROR] LogOutputStream:74 - [STDERR_REDIRECT] 	at java.base/java.security.ProtectionDomain$JavaSecurityAccessImpl.doIntersectionPrivilege(ProtectionDomain.java:85)
2025-10-12 02:47:55,084 [ERROR] LogOutputStream:74 - [STDERR_REDIRECT] 	at java.desktop/java.awt.EventQueue.dispatchEvent(EventQueue.java:740)
2025-10-12 02:47:55,085 [ERROR] LogOutputStream:74 - [STDERR_REDIRECT] 	at java.desktop/java.awt.EventDispatchThread.pumpOneEventForFilters(EventDispatchThread.java:203)
2025-10-12 02:47:55,086 [ERROR] LogOutputStream:74 - [STDERR_REDIRECT] 	at java.desktop/java.awt.EventDispatchThread.pumpEventsForFilter(EventDispatchThread.java:124)
2025-10-12 02:47:55,086 [ERROR] LogOutputStream:74 - [STDERR_REDIRECT] 	at java.desktop/java.awt.EventDispatchThread.pumpEventsForHierarchy(EventDispatchThread.java:113)
2025-10-12 02:47:55,087 [ERROR] LogOutputStream:74 - [STDERR_REDIRECT] 	at java.desktop/java.awt.EventDispatchThread.pumpEvents(EventDispatchThread.java:109)
2025-10-12 02:47:55,088 [ERROR] LogOutputStream:74 - [STDERR_REDIRECT] 	at java.desktop/java.awt.EventDispatchThread.pumpEvents(EventDispatchThread.java:101)
2025-10-12 02:47:55,088 [ERROR] LogOutputStream:74 - [STDERR_REDIRECT] 	at java.desktop/java.awt.EventDispatchThread.run(EventDispatchThread.java:90)
2025-10-12 02:47:57,202 [ERROR] LogOutputStream:74 - [STDERR_REDIRECT] Exception in thread "AWT-EventQueue-0" java.lang.IndexOutOfBoundsException: Index -1 out of bounds for length 4
2025-10-12 02:47:57,203 [ERROR] LogOutputStream:74 - [STDERR_REDIRECT] 	at java.base/jdk.internal.util.Preconditions.outOfBounds(Preconditions.java:64)
2025-10-12 02:47:57,204 [ERROR] LogOutputStream:74 - [STDERR_REDIRECT] 	at java.base/jdk.internal.util.Preconditions.outOfBoundsCheckIndex(Preconditions.java:70)
2025-10-12 02:47:57,204 [ERROR] LogOutputStream:74 - [STDERR_REDIRECT] 	at java.base/jdk.internal.util.Preconditions.checkIndex(Preconditions.java:248)
2025-10-12 02:47:57,205 [ERROR] LogOutputStream:74 - [STDERR_REDIRECT] 	at java.base/java.util.Objects.checkIndex(Objects.java:372)
2025-10-12 02:47:57,205 [ERROR] LogOutputStream:74 - [STDERR_REDIRECT] 	at java.base/java.util.ArrayList.get(ArrayList.java:459)
2025-10-12 02:47:57,206 [ERROR] LogOutputStream:74 - [STDERR_REDIRECT] 	at java.desktop/javax.swing.JTabbedPane.getTitleAt(JTabbedPane.java:1121)
2025-10-12 02:47:57,207 [ERROR] LogOutputStream:74 - [STDERR_REDIRECT] 	at com.st.microxplorer.maingui.MainPanel.getSelectedPluginView(MainPanel.java:1624)
2025-10-12 02:47:57,207 [ERROR] LogOutputStream:74 - [STDERR_REDIRECT] 	at com.st.microxplorer.maingui.MainPanel.getCurrentPluginName(MainPanel.java:1763)
2025-10-12 02:47:57,208 [ERROR] LogOutputStream:74 - [STDERR_REDIRECT] 	at com.st.microxplorer.maingui.AppletMainFrameCubeIde.UpdateCaption(AppletMainFrameCubeIde.java:71)
2025-10-12 02:47:57,209 [ERROR] LogOutputStream:74 - [STDERR_REDIRECT] 	at com.st.microxplorer.maingui.MainPanel.resetModified(MainPanel.java:545)
2025-10-12 02:47:57,210 [ERROR] LogOutputStream:74 - [STDERR_REDIRECT] 	at com.st.stm32cube.common.mx.editor.CubeMxEditor$19.run(CubeMxEditor.java:1818)
2025-10-12 02:47:57,213 [ERROR] LogOutputStream:74 - [STDERR_REDIRECT] 	at com.st.stm32cube.common.mx.oss.core.awtswtbridge.AwtEnvironment$2.run(AwtEnvironment.java:166)
2025-10-12 02:47:57,214 [ERROR] LogOutputStream:74 - [STDERR_REDIRECT] 	at java.desktop/java.awt.event.InvocationEvent.dispatch(InvocationEvent.java:313)
2025-10-12 02:47:57,215 [ERROR] LogOutputStream:74 - [STDERR_REDIRECT] 	at java.desktop/java.awt.EventQueue.dispatchEventImpl(EventQueue.java:770)
2025-10-12 02:47:57,217 [ERROR] LogOutputStream:74 - [STDERR_REDIRECT] 	at java.desktop/java.awt.EventQueue$4.run(EventQueue.java:721)
2025-10-12 02:47:57,218 [ERROR] LogOutputStream:74 - [STDERR_REDIRECT] 	at java.desktop/java.awt.EventQueue$4.run(EventQueue.java:715)
2025-10-12 02:47:57,219 [ERROR] LogOutputStream:74 - [STDERR_REDIRECT] 	at java.base/java.security.AccessController.doPrivileged(Native Method)
2025-10-12 02:47:57,219 [ERROR] LogOutputStream:74 - [STDERR_REDIRECT] 	at java.base/java.security.ProtectionDomain$JavaSecurityAccessImpl.doIntersectionPrivilege(ProtectionDomain.java:85)
2025-10-12 02:47:57,220 [ERROR] LogOutputStream:74 - [STDERR_REDIRECT] 	at java.desktop/java.awt.EventQueue.dispatchEvent(EventQueue.java:740)
2025-10-12 02:47:57,222 [ERROR] LogOutputStream:74 - [STDERR_REDIRECT] 	at java.desktop/java.awt.EventDispatchThread.pumpOneEventForFilters(EventDispatchThread.java:203)
2025-10-12 02:47:57,224 [ERROR] LogOutputStream:74 - [STDERR_REDIRECT] 	at java.desktop/java.awt.EventDispatchThread.pumpEventsForFilter(EventDispatchThread.java:124)
2025-10-12 02:47:57,225 [ERROR] LogOutputStream:74 - [STDERR_REDIRECT] 	at java.desktop/java.awt.EventDispatchThread.pumpEventsForFilter(EventDispatchThread.java:117)
2025-10-12 02:47:57,226 [ERROR] LogOutputStream:74 - [STDERR_REDIRECT] 	at java.desktop/java.awt.WaitDispatchSupport$2.run(WaitDispatchSupport.java:190)
2025-10-12 02:47:57,229 [ERROR] LogOutputStream:74 - [STDERR_REDIRECT] 	at java.desktop/java.awt.WaitDispatchSupport$4.run(WaitDispatchSupport.java:235)
2025-10-12 02:47:57,230 [ERROR] LogOutputStream:74 - [STDERR_REDIRECT] 	at java.desktop/java.awt.WaitDispatchSupport$4.run(WaitDispatchSupport.java:233)
2025-10-12 02:47:57,230 [ERROR] LogOutputStream:74 - [STDERR_REDIRECT] 	at java.base/java.security.AccessController.doPrivileged(Native Method)
2025-10-12 02:47:57,231 [ERROR] LogOutputStream:74 - [STDERR_REDIRECT] 	at java.desktop/java.awt.WaitDispatchSupport.enter(WaitDispatchSupport.java:233)
2025-10-12 02:47:57,231 [ERROR] LogOutputStream:74 - [STDERR_REDIRECT] 	at java.desktop/java.awt.Dialog.show(Dialog.java:1070)
2025-10-12 02:47:57,232 [ERROR] LogOutputStream:74 - [STDERR_REDIRECT] 	at java.desktop/javax.swing.JOptionPane.showOptionDialog(JOptionPane.java:874)
2025-10-12 02:47:57,233 [ERROR] LogOutputStream:74 - [STDERR_REDIRECT] 	at java.desktop/javax.swing.JOptionPane.showMessageDialog(JOptionPane.java:670)
2025-10-12 02:47:57,233 [ERROR] LogOutputStream:74 - [STDERR_REDIRECT] 	at java.desktop/javax.swing.JOptionPane.showMessageDialog(JOptionPane.java:641)
2025-10-12 02:47:57,234 [ERROR] LogOutputStream:74 - [STDERR_REDIRECT] 	at com.st.microxplorer.mcufinder.gui.WebUtils.downloadDbFiles(WebUtils.java:851)
2025-10-12 02:47:57,235 [ERROR] LogOutputStream:74 - [STDERR_REDIRECT] 	at com.st.stm32cube.common.mx.targetselector.TargetSelectorAdapter$4.run(TargetSelectorAdapter.java:222)
2025-10-12 02:47:57,235 [ERROR] LogOutputStream:74 - [STDERR_REDIRECT] 	at com.st.stm32cube.common.mx.oss.core.awtswtbridge.AwtEnvironment$2.run(AwtEnvironment.java:166)
2025-10-12 02:47:57,236 [ERROR] LogOutputStream:74 - [STDERR_REDIRECT] 	at java.desktop/java.awt.event.InvocationEvent.dispatch(InvocationEvent.java:313)
2025-10-12 02:47:57,236 [ERROR] LogOutputStream:74 - [STDERR_REDIRECT] 	at java.desktop/java.awt.EventQueue.dispatchEventImpl(EventQueue.java:770)
2025-10-12 02:47:57,237 [ERROR] LogOutputStream:74 - [STDERR_REDIRECT] 	at java.desktop/java.awt.EventQueue$4.run(EventQueue.java:721)
2025-10-12 02:47:57,237 [ERROR] LogOutputStream:74 - [STDERR_REDIRECT] 	at java.desktop/java.awt.EventQueue$4.run(EventQueue.java:715)
2025-10-12 02:47:57,238 [ERROR] LogOutputStream:74 - [STDERR_REDIRECT] 	at java.base/java.security.AccessController.doPrivileged(Native Method)
2025-10-12 02:47:57,239 [ERROR] LogOutputStream:74 - [STDERR_REDIRECT] 	at java.base/java.security.ProtectionDomain$JavaSecurityAccessImpl.doIntersectionPrivilege(ProtectionDomain.java:85)
2025-10-12 02:47:57,239 [ERROR] LogOutputStream:74 - [STDERR_REDIRECT] 	at java.desktop/java.awt.EventQueue.dispatchEvent(EventQueue.java:740)
2025-10-12 02:47:57,240 [ERROR] LogOutputStream:74 - [STDERR_REDIRECT] 	at java.desktop/java.awt.EventDispatchThread.pumpOneEventForFilters(EventDispatchThread.java:203)
2025-10-12 02:47:57,241 [ERROR] LogOutputStream:74 - [STDERR_REDIRECT] 	at java.desktop/java.awt.EventDispatchThread.pumpEventsForFilter(EventDispatchThread.java:124)
2025-10-12 02:47:57,241 [ERROR] LogOutputStream:74 - [STDERR_REDIRECT] 	at java.desktop/java.awt.EventDispatchThread.pumpEventsForHierarchy(EventDispatchThread.java:113)
2025-10-12 02:47:57,242 [ERROR] LogOutputStream:74 - [STDERR_REDIRECT] 	at java.desktop/java.awt.EventDispatchThread.pumpEvents(EventDispatchThread.java:109)
2025-10-12 02:47:57,243 [ERROR] LogOutputStream:74 - [STDERR_REDIRECT] 	at java.desktop/java.awt.EventDispatchThread.pumpEvents(EventDispatchThread.java:101)
2025-10-12 02:47:57,244 [ERROR] LogOutputStream:74 - [STDERR_REDIRECT] 	at java.desktop/java.awt.EventDispatchThread.run(EventDispatchThread.java:90)
2025-10-12 02:47:58,519 [INFO] MainUpdater:2671 - connection check result : 10
2025-10-12 02:47:58,520 [INFO] MainUpdater:2671 - connection check result : 10
2025-10-12 02:47:58,555 [INFO] MicroXplorer:448 - Change Database Path : 
2025-10-12 02:47:58,555 [INFO] MicroXplorer:478 - Change Database Version : DB.6.0.30
2025-10-12 02:47:58,555 [WARN] ThirdParty:813 - waiting for thirdparty lock release [close project]
2025-10-12 02:47:58,555 [INFO] ThirdParty:815 - entering critical section [close project]
2025-10-12 02:47:58,555 [INFO] ThirdParty:825 - exiting critical section [close project]
2025-10-12 02:47:58,556 [INFO] PinOutPanel:1463 - setPackage(No Configuration,No Configuration)
2025-10-12 02:47:58,559 [ERROR] LogOutputStream:74 - [STDERR_REDIRECT] Exception in thread "AWT-EventQueue-0" java.lang.IndexOutOfBoundsException: Index -1 out of bounds for length 4
2025-10-12 02:47:58,561 [ERROR] LogOutputStream:74 - [STDERR_REDIRECT] 	at java.base/jdk.internal.util.Preconditions.outOfBounds(Preconditions.java:64)
2025-10-12 02:47:58,562 [ERROR] LogOutputStream:74 - [STDERR_REDIRECT] 	at java.base/jdk.internal.util.Preconditions.outOfBoundsCheckIndex(Preconditions.java:70)
2025-10-12 02:47:58,564 [ERROR] LogOutputStream:74 - [STDERR_REDIRECT] 	at java.base/jdk.internal.util.Preconditions.checkIndex(Preconditions.java:248)
2025-10-12 02:47:58,565 [ERROR] LogOutputStream:74 - [STDERR_REDIRECT] 	at java.base/java.util.Objects.checkIndex(Objects.java:372)
2025-10-12 02:47:58,566 [ERROR] LogOutputStream:74 - [STDERR_REDIRECT] 	at java.base/java.util.ArrayList.get(ArrayList.java:459)
2025-10-12 02:47:58,567 [ERROR] LogOutputStream:74 - [STDERR_REDIRECT] 	at java.desktop/javax.swing.JTabbedPane.getTitleAt(JTabbedPane.java:1121)
2025-10-12 02:47:58,569 [ERROR] LogOutputStream:74 - [STDERR_REDIRECT] 	at com.st.microxplorer.maingui.MainPanel.getSelectedPluginView(MainPanel.java:1624)
2025-10-12 02:47:58,570 [ERROR] LogOutputStream:74 - [STDERR_REDIRECT] 	at com.st.microxplorer.maingui.MainPanel.getCurrentPluginName(MainPanel.java:1763)
2025-10-12 02:47:58,572 [ERROR] LogOutputStream:74 - [STDERR_REDIRECT] 	at com.st.microxplorer.maingui.AppletMainFrameCubeIde.UpdateCaption(AppletMainFrameCubeIde.java:71)
2025-10-12 02:47:58,573 [ERROR] LogOutputStream:74 - [STDERR_REDIRECT] 	at com.st.microxplorer.maingui.MainPanel.resetModified(MainPanel.java:545)
2025-10-12 02:47:58,575 [ERROR] LogOutputStream:74 - [STDERR_REDIRECT] 	at com.st.microxplorer.maingui.MainPanel.propertyChange(MainPanel.java:904)
2025-10-12 02:47:58,577 [ERROR] LogOutputStream:74 - [STDERR_REDIRECT] 	at java.desktop/java.beans.PropertyChangeSupport.fire(PropertyChangeSupport.java:341)
2025-10-12 02:47:58,578 [ERROR] LogOutputStream:74 - [STDERR_REDIRECT] 	at java.desktop/java.beans.PropertyChangeSupport.firePropertyChange(PropertyChangeSupport.java:333)
2025-10-12 02:47:58,579 [ERROR] LogOutputStream:74 - [STDERR_REDIRECT] 	at java.desktop/java.beans.PropertyChangeSupport.firePropertyChange(PropertyChangeSupport.java:266)
2025-10-12 02:47:58,579 [ERROR] LogOutputStream:74 - [STDERR_REDIRECT] 	at com.st.microxplorer.util.MXPropertyChangeSupport.firePropertyChange(MXPropertyChangeSupport.java:50)
2025-10-12 02:47:58,580 [ERROR] LogOutputStream:74 - [STDERR_REDIRECT] 	at com.st.microxplorer.mxsystem.MxSystem.closeConfig(MxSystem.java:657)
2025-10-12 02:47:58,581 [ERROR] LogOutputStream:74 - [STDERR_REDIRECT] 	at com.st.microxplorer.maingui.MainPanel.closeConfig(MainPanel.java:637)
2025-10-12 02:47:58,581 [ERROR] LogOutputStream:74 - [STDERR_REDIRECT] 	at com.st.microxplorer.plugins.filemanager.engine.OpenFileManager.loadConfigurationFile(OpenFileManager.java:238)
2025-10-12 02:47:58,582 [ERROR] LogOutputStream:74 - [STDERR_REDIRECT] 	at com.st.microxplorer.plugins.filemanager.engine.MainFileManager.userLoadConfig(MainFileManager.java:276)
2025-10-12 02:47:58,593 [ERROR] LogOutputStream:74 - [STDERR_REDIRECT] 	at com.st.microxplorer.plugins.filemanager.FileManagerView.getSpecificTask(FileManagerView.java:240)
2025-10-12 02:47:58,594 [ERROR] LogOutputStream:74 - [STDERR_REDIRECT] 	at com.st.stm32cube.common.mx.editor.CubeMxEditor.getMxTabbedPaneInstance(CubeMxEditor.java:1148)
2025-10-12 02:47:58,594 [ERROR] LogOutputStream:74 - [STDERR_REDIRECT] 	at com.st.stm32cube.common.mx.editor.CubeMxEditor$11$1.createSwingComponent(CubeMxEditor.java:1034)
2025-10-12 02:47:58,595 [ERROR] LogOutputStream:74 - [STDERR_REDIRECT] 	at com.st.stm32cube.common.mx.oss.core.awtswtbridge.EmbeddedSwingComposite.doComponentCreation(EmbeddedSwingComposite.java:492)
2025-10-12 02:47:58,596 [ERROR] LogOutputStream:74 - [STDERR_REDIRECT] 	at com.st.stm32cube.common.mx.oss.core.awtswtbridge.EmbeddedSwingComposite$4.run(EmbeddedSwingComposite.java:291)
2025-10-12 02:47:58,597 [ERROR] LogOutputStream:74 - [STDERR_REDIRECT] 	at com.st.stm32cube.common.mx.oss.core.awtswtbridge.AwtEnvironment$2.run(AwtEnvironment.java:166)
2025-10-12 02:47:58,598 [ERROR] LogOutputStream:74 - [STDERR_REDIRECT] 	at java.desktop/java.awt.event.InvocationEvent.dispatch(InvocationEvent.java:313)
2025-10-12 02:47:58,599 [ERROR] LogOutputStream:74 - [STDERR_REDIRECT] 	at java.desktop/java.awt.EventQueue.dispatchEventImpl(EventQueue.java:770)
2025-10-12 02:47:58,600 [ERROR] LogOutputStream:74 - [STDERR_REDIRECT] 	at java.desktop/java.awt.EventQueue$4.run(EventQueue.java:721)
2025-10-12 02:47:58,600 [ERROR] LogOutputStream:74 - [STDERR_REDIRECT] 	at java.desktop/java.awt.EventQueue$4.run(EventQueue.java:715)
2025-10-12 02:47:58,601 [ERROR] LogOutputStream:74 - [STDERR_REDIRECT] 	at java.base/java.security.AccessController.doPrivileged(Native Method)
2025-10-12 02:47:58,603 [ERROR] LogOutputStream:74 - [STDERR_REDIRECT] 	at java.base/java.security.ProtectionDomain$JavaSecurityAccessImpl.doIntersectionPrivilege(ProtectionDomain.java:85)
2025-10-12 02:47:58,603 [ERROR] LogOutputStream:74 - [STDERR_REDIRECT] 	at java.desktop/java.awt.EventQueue.dispatchEvent(EventQueue.java:740)
2025-10-12 02:47:58,604 [ERROR] LogOutputStream:74 - [STDERR_REDIRECT] 	at java.desktop/java.awt.EventDispatchThread.pumpOneEventForFilters(EventDispatchThread.java:203)
2025-10-12 02:47:58,605 [ERROR] LogOutputStream:74 - [STDERR_REDIRECT] 	at java.desktop/java.awt.EventDispatchThread.pumpEventsForFilter(EventDispatchThread.java:124)
2025-10-12 02:47:58,605 [ERROR] LogOutputStream:74 - [STDERR_REDIRECT] 	at java.desktop/java.awt.EventDispatchThread.pumpEventsForFilter(EventDispatchThread.java:117)
2025-10-12 02:47:58,606 [ERROR] LogOutputStream:74 - [STDERR_REDIRECT] 	at java.desktop/java.awt.WaitDispatchSupport$2.run(WaitDispatchSupport.java:190)
2025-10-12 02:47:58,607 [ERROR] LogOutputStream:74 - [STDERR_REDIRECT] 	at java.desktop/java.awt.WaitDispatchSupport$4.run(WaitDispatchSupport.java:235)
2025-10-12 02:47:58,607 [ERROR] LogOutputStream:74 - [STDERR_REDIRECT] 	at java.desktop/java.awt.WaitDispatchSupport$4.run(WaitDispatchSupport.java:233)
2025-10-12 02:47:58,608 [ERROR] LogOutputStream:74 - [STDERR_REDIRECT] 	at java.base/java.security.AccessController.doPrivileged(Native Method)
2025-10-12 02:47:58,608 [ERROR] LogOutputStream:74 - [STDERR_REDIRECT] 	at java.desktop/java.awt.WaitDispatchSupport.enter(WaitDispatchSupport.java:233)
2025-10-12 02:47:58,609 [ERROR] LogOutputStream:74 - [STDERR_REDIRECT] 	at java.desktop/java.awt.Dialog.show(Dialog.java:1070)
2025-10-12 02:47:58,611 [ERROR] LogOutputStream:74 - [STDERR_REDIRECT] 	at java.desktop/javax.swing.JOptionPane.showOptionDialog(JOptionPane.java:874)
2025-10-12 02:47:58,612 [ERROR] LogOutputStream:74 - [STDERR_REDIRECT] 	at java.desktop/javax.swing.JOptionPane.showMessageDialog(JOptionPane.java:670)
2025-10-12 02:47:58,613 [ERROR] LogOutputStream:74 - [STDERR_REDIRECT] 	at java.desktop/javax.swing.JOptionPane.showMessageDialog(JOptionPane.java:641)
2025-10-12 02:47:58,614 [ERROR] LogOutputStream:74 - [STDERR_REDIRECT] 	at com.st.microxplorer.mcufinder.gui.WebUtils.downloadDbFiles(WebUtils.java:851)
2025-10-12 02:47:58,615 [ERROR] LogOutputStream:74 - [STDERR_REDIRECT] 	at com.st.stm32cube.common.mx.targetselector.TargetSelectorAdapter$4.run(TargetSelectorAdapter.java:222)
2025-10-12 02:47:58,616 [ERROR] LogOutputStream:74 - [STDERR_REDIRECT] 	at com.st.stm32cube.common.mx.oss.core.awtswtbridge.AwtEnvironment$2.run(AwtEnvironment.java:166)
2025-10-12 02:47:58,616 [ERROR] LogOutputStream:74 - [STDERR_REDIRECT] 	at java.desktop/java.awt.event.InvocationEvent.dispatch(InvocationEvent.java:313)
2025-10-12 02:47:58,617 [ERROR] LogOutputStream:74 - [STDERR_REDIRECT] 	at java.desktop/java.awt.EventQueue.dispatchEventImpl(EventQueue.java:770)
2025-10-12 02:47:58,617 [ERROR] LogOutputStream:74 - [STDERR_REDIRECT] 	at java.desktop/java.awt.EventQueue$4.run(EventQueue.java:721)
2025-10-12 02:47:58,618 [ERROR] LogOutputStream:74 - [STDERR_REDIRECT] 	at java.desktop/java.awt.EventQueue$4.run(EventQueue.java:715)
2025-10-12 02:47:58,618 [ERROR] LogOutputStream:74 - [STDERR_REDIRECT] 	at java.base/java.security.AccessController.doPrivileged(Native Method)
2025-10-12 02:47:58,619 [ERROR] LogOutputStream:74 - [STDERR_REDIRECT] 	at java.base/java.security.ProtectionDomain$JavaSecurityAccessImpl.doIntersectionPrivilege(ProtectionDomain.java:85)
2025-10-12 02:47:58,620 [ERROR] LogOutputStream:74 - [STDERR_REDIRECT] 	at java.desktop/java.awt.EventQueue.dispatchEvent(EventQueue.java:740)
2025-10-12 02:47:58,621 [ERROR] LogOutputStream:74 - [STDERR_REDIRECT] 	at java.desktop/java.awt.EventDispatchThread.pumpOneEventForFilters(EventDispatchThread.java:203)
2025-10-12 02:47:58,621 [ERROR] LogOutputStream:74 - [STDERR_REDIRECT] 	at java.desktop/java.awt.EventDispatchThread.pumpEventsForFilter(EventDispatchThread.java:124)
2025-10-12 02:47:58,622 [ERROR] LogOutputStream:74 - [STDERR_REDIRECT] 	at java.desktop/java.awt.EventDispatchThread.pumpEventsForHierarchy(EventDispatchThread.java:113)
2025-10-12 02:47:58,623 [ERROR] LogOutputStream:74 - [STDERR_REDIRECT] 	at java.desktop/java.awt.EventDispatchThread.pumpEvents(EventDispatchThread.java:109)
2025-10-12 02:47:58,624 [ERROR] LogOutputStream:74 - [STDERR_REDIRECT] 	at java.desktop/java.awt.EventDispatchThread.pumpEvents(EventDispatchThread.java:101)
2025-10-12 02:47:58,624 [ERROR] LogOutputStream:74 - [STDERR_REDIRECT] 	at java.desktop/java.awt.EventDispatchThread.run(EventDispatchThread.java:90)
2025-10-12 02:47:58,640 [INFO] UtilMem:74 - End SaveConfig() Used Memory: 997363312 Bytes (1073741824)
2025-10-12 02:47:58,659 [ERROR] LogOutputStream:74 - [STDERR_REDIRECT] Exception in thread "AWT-EventQueue-0" java.lang.IndexOutOfBoundsException: Index -1 out of bounds for length 4
2025-10-12 02:47:58,660 [ERROR] LogOutputStream:74 - [STDERR_REDIRECT] 	at java.base/jdk.internal.util.Preconditions.outOfBounds(Preconditions.java:64)
2025-10-12 02:47:58,661 [ERROR] LogOutputStream:74 - [STDERR_REDIRECT] 	at java.base/jdk.internal.util.Preconditions.outOfBoundsCheckIndex(Preconditions.java:70)
2025-10-12 02:47:58,661 [ERROR] LogOutputStream:74 - [STDERR_REDIRECT] 	at java.base/jdk.internal.util.Preconditions.checkIndex(Preconditions.java:248)
2025-10-12 02:47:58,662 [ERROR] LogOutputStream:74 - [STDERR_REDIRECT] 	at java.base/java.util.Objects.checkIndex(Objects.java:372)
2025-10-12 02:47:58,663 [ERROR] LogOutputStream:74 - [STDERR_REDIRECT] 	at java.base/java.util.ArrayList.get(ArrayList.java:459)
2025-10-12 02:47:58,663 [ERROR] LogOutputStream:74 - [STDERR_REDIRECT] 	at java.desktop/javax.swing.JTabbedPane.getTitleAt(JTabbedPane.java:1121)
2025-10-12 02:47:58,664 [ERROR] LogOutputStream:74 - [STDERR_REDIRECT] 	at com.st.microxplorer.maingui.MainPanel.getSelectedPluginView(MainPanel.java:1624)
2025-10-12 02:47:58,665 [ERROR] LogOutputStream:74 - [STDERR_REDIRECT] 	at com.st.microxplorer.maingui.MainPanel.getCurrentPluginName(MainPanel.java:1763)
2025-10-12 02:47:58,666 [ERROR] LogOutputStream:74 - [STDERR_REDIRECT] 	at com.st.microxplorer.maingui.AppletMainFrameCubeIde.UpdateCaption(AppletMainFrameCubeIde.java:71)
2025-10-12 02:47:58,666 [ERROR] LogOutputStream:74 - [STDERR_REDIRECT] 	at com.st.microxplorer.maingui.MainPanel.resetModified(MainPanel.java:545)
2025-10-12 02:47:58,667 [ERROR] LogOutputStream:74 - [STDERR_REDIRECT] 	at com.st.microxplorer.plugins.filemanager.engine.SaveFileManager.saveConfiguration(SaveFileManager.java:129)
2025-10-12 02:47:58,668 [ERROR] LogOutputStream:74 - [STDERR_REDIRECT] 	at com.st.microxplorer.plugins.filemanager.engine.MainFileManager.userSaveConfig(MainFileManager.java:394)
2025-10-12 02:47:58,669 [ERROR] LogOutputStream:74 - [STDERR_REDIRECT] 	at com.st.microxplorer.plugins.filemanager.FileManagerView.getSpecificTask(FileManagerView.java:252)
2025-10-12 02:47:58,669 [ERROR] LogOutputStream:74 - [STDERR_REDIRECT] 	at com.st.stm32cube.common.mx.editor.CubeMxEditor$20.run(CubeMxEditor.java:2156)
2025-10-12 02:47:58,670 [ERROR] LogOutputStream:74 - [STDERR_REDIRECT] 	at com.st.stm32cube.common.mx.oss.core.awtswtbridge.AwtEnvironment$2.run(AwtEnvironment.java:166)
2025-10-12 02:47:58,671 [ERROR] LogOutputStream:74 - [STDERR_REDIRECT] 	at java.desktop/java.awt.event.InvocationEvent.dispatch(InvocationEvent.java:313)
2025-10-12 02:47:58,671 [ERROR] LogOutputStream:74 - [STDERR_REDIRECT] 	at java.desktop/java.awt.EventQueue.dispatchEventImpl(EventQueue.java:770)
2025-10-12 02:47:58,672 [ERROR] LogOutputStream:74 - [STDERR_REDIRECT] 	at java.desktop/java.awt.EventQueue$4.run(EventQueue.java:721)
2025-10-12 02:47:58,672 [ERROR] LogOutputStream:74 - [STDERR_REDIRECT] 	at java.desktop/java.awt.EventQueue$4.run(EventQueue.java:715)
2025-10-12 02:47:58,673 [ERROR] LogOutputStream:74 - [STDERR_REDIRECT] 	at java.base/java.security.AccessController.doPrivileged(Native Method)
2025-10-12 02:47:58,674 [ERROR] LogOutputStream:74 - [STDERR_REDIRECT] 	at java.base/java.security.ProtectionDomain$JavaSecurityAccessImpl.doIntersectionPrivilege(ProtectionDomain.java:85)
2025-10-12 02:47:58,674 [ERROR] LogOutputStream:74 - [STDERR_REDIRECT] 	at java.desktop/java.awt.EventQueue.dispatchEvent(EventQueue.java:740)
2025-10-12 02:47:58,675 [ERROR] LogOutputStream:74 - [STDERR_REDIRECT] 	at java.desktop/java.awt.EventDispatchThread.pumpOneEventForFilters(EventDispatchThread.java:203)
2025-10-12 02:47:58,676 [ERROR] LogOutputStream:74 - [STDERR_REDIRECT] 	at java.desktop/java.awt.EventDispatchThread.pumpEventsForFilter(EventDispatchThread.java:124)
2025-10-12 02:47:58,676 [ERROR] LogOutputStream:74 - [STDERR_REDIRECT] 	at java.desktop/java.awt.EventDispatchThread.pumpEventsForFilter(EventDispatchThread.java:117)
2025-10-12 02:47:58,677 [ERROR] LogOutputStream:74 - [STDERR_REDIRECT] 	at java.desktop/java.awt.WaitDispatchSupport$2.run(WaitDispatchSupport.java:190)
2025-10-12 02:47:58,679 [ERROR] LogOutputStream:74 - [STDERR_REDIRECT] 	at java.desktop/java.awt.WaitDispatchSupport$4.run(WaitDispatchSupport.java:235)
2025-10-12 02:47:58,680 [ERROR] LogOutputStream:74 - [STDERR_REDIRECT] 	at java.desktop/java.awt.WaitDispatchSupport$4.run(WaitDispatchSupport.java:233)
2025-10-12 02:47:58,680 [ERROR] LogOutputStream:74 - [STDERR_REDIRECT] 	at java.base/java.security.AccessController.doPrivileged(Native Method)
2025-10-12 02:47:58,681 [ERROR] LogOutputStream:74 - [STDERR_REDIRECT] 	at java.desktop/java.awt.WaitDispatchSupport.enter(WaitDispatchSupport.java:233)
2025-10-12 02:47:58,682 [ERROR] LogOutputStream:74 - [STDERR_REDIRECT] 	at java.desktop/java.awt.Dialog.show(Dialog.java:1070)
2025-10-12 02:47:58,682 [ERROR] LogOutputStream:74 - [STDERR_REDIRECT] 	at java.desktop/javax.swing.JOptionPane.showOptionDialog(JOptionPane.java:874)
2025-10-12 02:47:58,684 [ERROR] LogOutputStream:74 - [STDERR_REDIRECT] 	at java.desktop/javax.swing.JOptionPane.showMessageDialog(JOptionPane.java:670)
2025-10-12 02:47:58,684 [ERROR] LogOutputStream:74 - [STDERR_REDIRECT] 	at java.desktop/javax.swing.JOptionPane.showMessageDialog(JOptionPane.java:641)
2025-10-12 02:47:58,685 [ERROR] LogOutputStream:74 - [STDERR_REDIRECT] 	at com.st.microxplorer.mcufinder.gui.WebUtils.downloadDbFiles(WebUtils.java:851)
2025-10-12 02:47:58,686 [ERROR] LogOutputStream:74 - [STDERR_REDIRECT] 	at com.st.stm32cube.common.mx.targetselector.TargetSelectorAdapter$4.run(TargetSelectorAdapter.java:222)
2025-10-12 02:47:58,686 [ERROR] LogOutputStream:74 - [STDERR_REDIRECT] 	at com.st.stm32cube.common.mx.oss.core.awtswtbridge.AwtEnvironment$2.run(AwtEnvironment.java:166)
2025-10-12 02:47:58,687 [ERROR] LogOutputStream:74 - [STDERR_REDIRECT] 	at java.desktop/java.awt.event.InvocationEvent.dispatch(InvocationEvent.java:313)
2025-10-12 02:47:58,688 [ERROR] LogOutputStream:74 - [STDERR_REDIRECT] 	at java.desktop/java.awt.EventQueue.dispatchEventImpl(EventQueue.java:770)
2025-10-12 02:47:58,688 [ERROR] LogOutputStream:74 - [STDERR_REDIRECT] 	at java.desktop/java.awt.EventQueue$4.run(EventQueue.java:721)
2025-10-12 02:47:58,689 [ERROR] LogOutputStream:74 - [STDERR_REDIRECT] 	at java.desktop/java.awt.EventQueue$4.run(EventQueue.java:715)
2025-10-12 02:47:58,689 [ERROR] LogOutputStream:74 - [STDERR_REDIRECT] 	at java.base/java.security.AccessController.doPrivileged(Native Method)
2025-10-12 02:47:58,690 [ERROR] LogOutputStream:74 - [STDERR_REDIRECT] 	at java.base/java.security.ProtectionDomain$JavaSecurityAccessImpl.doIntersectionPrivilege(ProtectionDomain.java:85)
2025-10-12 02:47:58,691 [ERROR] LogOutputStream:74 - [STDERR_REDIRECT] 	at java.desktop/java.awt.EventQueue.dispatchEvent(EventQueue.java:740)
2025-10-12 02:47:58,692 [ERROR] LogOutputStream:74 - [STDERR_REDIRECT] 	at java.desktop/java.awt.EventDispatchThread.pumpOneEventForFilters(EventDispatchThread.java:203)
2025-10-12 02:47:58,692 [ERROR] LogOutputStream:74 - [STDERR_REDIRECT] 	at java.desktop/java.awt.EventDispatchThread.pumpEventsForFilter(EventDispatchThread.java:124)
2025-10-12 02:47:58,693 [ERROR] LogOutputStream:74 - [STDERR_REDIRECT] 	at java.desktop/java.awt.EventDispatchThread.pumpEventsForHierarchy(EventDispatchThread.java:113)
2025-10-12 02:47:58,694 [ERROR] LogOutputStream:74 - [STDERR_REDIRECT] 	at java.desktop/java.awt.EventDispatchThread.pumpEvents(EventDispatchThread.java:109)
2025-10-12 02:47:58,695 [ERROR] LogOutputStream:74 - [STDERR_REDIRECT] 	at java.desktop/java.awt.EventDispatchThread.pumpEvents(EventDispatchThread.java:101)
2025-10-12 02:47:58,696 [ERROR] LogOutputStream:74 - [STDERR_REDIRECT] 	at java.desktop/java.awt.EventDispatchThread.run(EventDispatchThread.java:90)
2025-10-12 02:48:01,674 [ERROR] LogOutputStream:74 - [STDERR_REDIRECT] Exception in thread "AWT-EventQueue-0" java.lang.IndexOutOfBoundsException: Index -1 out of bounds for length 4
2025-10-12 02:48:01,675 [ERROR] LogOutputStream:74 - [STDERR_REDIRECT] 	at java.base/jdk.internal.util.Preconditions.outOfBounds(Preconditions.java:64)
2025-10-12 02:48:01,676 [ERROR] LogOutputStream:74 - [STDERR_REDIRECT] 	at java.base/jdk.internal.util.Preconditions.outOfBoundsCheckIndex(Preconditions.java:70)
2025-10-12 02:48:01,677 [ERROR] LogOutputStream:74 - [STDERR_REDIRECT] 	at java.base/jdk.internal.util.Preconditions.checkIndex(Preconditions.java:248)
2025-10-12 02:48:01,677 [ERROR] LogOutputStream:74 - [STDERR_REDIRECT] 	at java.base/java.util.Objects.checkIndex(Objects.java:372)
2025-10-12 02:48:01,677 [ERROR] LogOutputStream:74 - [STDERR_REDIRECT] 	at java.base/java.util.ArrayList.get(ArrayList.java:459)
2025-10-12 02:48:01,678 [ERROR] LogOutputStream:74 - [STDERR_REDIRECT] 	at java.desktop/javax.swing.JTabbedPane.getTitleAt(JTabbedPane.java:1121)
2025-10-12 02:48:01,678 [ERROR] LogOutputStream:74 - [STDERR_REDIRECT] 	at com.st.microxplorer.maingui.MainPanel.getSelectedPluginView(MainPanel.java:1624)
2025-10-12 02:48:01,680 [ERROR] LogOutputStream:74 - [STDERR_REDIRECT] 	at com.st.microxplorer.maingui.MainPanel.getCurrentPluginName(MainPanel.java:1763)
2025-10-12 02:48:01,681 [ERROR] LogOutputStream:74 - [STDERR_REDIRECT] 	at com.st.microxplorer.maingui.AppletMainFrameCubeIde.UpdateCaption(AppletMainFrameCubeIde.java:71)
2025-10-12 02:48:01,681 [ERROR] LogOutputStream:74 - [STDERR_REDIRECT] 	at com.st.microxplorer.maingui.MainPanel.resetModified(MainPanel.java:545)
2025-10-12 02:48:01,682 [ERROR] LogOutputStream:74 - [STDERR_REDIRECT] 	at com.st.stm32cube.common.mx.editor.CubeMxEditor$19.run(CubeMxEditor.java:1818)
2025-10-12 02:48:01,682 [ERROR] LogOutputStream:74 - [STDERR_REDIRECT] 	at com.st.stm32cube.common.mx.oss.core.awtswtbridge.AwtEnvironment$2.run(AwtEnvironment.java:166)
2025-10-12 02:48:01,682 [ERROR] LogOutputStream:74 - [STDERR_REDIRECT] 	at java.desktop/java.awt.event.InvocationEvent.dispatch(InvocationEvent.java:313)
2025-10-12 02:48:01,685 [ERROR] LogOutputStream:74 - [STDERR_REDIRECT] 	at java.desktop/java.awt.EventQueue.dispatchEventImpl(EventQueue.java:770)
2025-10-12 02:48:01,686 [ERROR] LogOutputStream:74 - [STDERR_REDIRECT] 	at java.desktop/java.awt.EventQueue$4.run(EventQueue.java:721)
2025-10-12 02:48:01,688 [ERROR] LogOutputStream:74 - [STDERR_REDIRECT] 	at java.desktop/java.awt.EventQueue$4.run(EventQueue.java:715)
2025-10-12 02:48:01,689 [ERROR] LogOutputStream:74 - [STDERR_REDIRECT] 	at java.base/java.security.AccessController.doPrivileged(Native Method)
2025-10-12 02:48:01,691 [ERROR] LogOutputStream:74 - [STDERR_REDIRECT] 	at java.base/java.security.ProtectionDomain$JavaSecurityAccessImpl.doIntersectionPrivilege(ProtectionDomain.java:85)
2025-10-12 02:48:01,692 [ERROR] LogOutputStream:74 - [STDERR_REDIRECT] 	at java.desktop/java.awt.EventQueue.dispatchEvent(EventQueue.java:740)
2025-10-12 02:48:01,694 [ERROR] LogOutputStream:74 - [STDERR_REDIRECT] 	at java.desktop/java.awt.EventDispatchThread.pumpOneEventForFilters(EventDispatchThread.java:203)
2025-10-12 02:48:01,696 [ERROR] LogOutputStream:74 - [STDERR_REDIRECT] 	at java.desktop/java.awt.EventDispatchThread.pumpEventsForFilter(EventDispatchThread.java:124)
2025-10-12 02:48:01,697 [ERROR] LogOutputStream:74 - [STDERR_REDIRECT] 	at java.desktop/java.awt.EventDispatchThread.pumpEventsForFilter(EventDispatchThread.java:117)
2025-10-12 02:48:01,698 [ERROR] LogOutputStream:74 - [STDERR_REDIRECT] 	at java.desktop/java.awt.WaitDispatchSupport$2.run(WaitDispatchSupport.java:190)
2025-10-12 02:48:01,698 [ERROR] LogOutputStream:74 - [STDERR_REDIRECT] 	at java.desktop/java.awt.WaitDispatchSupport$4.run(WaitDispatchSupport.java:235)
2025-10-12 02:48:01,699 [ERROR] LogOutputStream:74 - [STDERR_REDIRECT] 	at java.desktop/java.awt.WaitDispatchSupport$4.run(WaitDispatchSupport.java:233)
2025-10-12 02:48:01,700 [ERROR] LogOutputStream:74 - [STDERR_REDIRECT] 	at java.base/java.security.AccessController.doPrivileged(Native Method)
2025-10-12 02:48:01,700 [ERROR] LogOutputStream:74 - [STDERR_REDIRECT] 	at java.desktop/java.awt.WaitDispatchSupport.enter(WaitDispatchSupport.java:233)
2025-10-12 02:48:01,701 [ERROR] LogOutputStream:74 - [STDERR_REDIRECT] 	at java.desktop/java.awt.Dialog.show(Dialog.java:1070)
2025-10-12 02:48:01,701 [ERROR] LogOutputStream:74 - [STDERR_REDIRECT] 	at java.desktop/javax.swing.JOptionPane.showOptionDialog(JOptionPane.java:874)
2025-10-12 02:48:01,702 [ERROR] LogOutputStream:74 - [STDERR_REDIRECT] 	at java.desktop/javax.swing.JOptionPane.showMessageDialog(JOptionPane.java:670)
2025-10-12 02:48:01,702 [ERROR] LogOutputStream:74 - [STDERR_REDIRECT] 	at java.desktop/javax.swing.JOptionPane.showMessageDialog(JOptionPane.java:641)
2025-10-12 02:48:01,703 [ERROR] LogOutputStream:74 - [STDERR_REDIRECT] 	at com.st.microxplorer.mcufinder.gui.WebUtils.downloadDbFiles(WebUtils.java:851)
2025-10-12 02:48:01,704 [ERROR] LogOutputStream:74 - [STDERR_REDIRECT] 	at com.st.stm32cube.common.mx.targetselector.TargetSelectorAdapter$4.run(TargetSelectorAdapter.java:222)
2025-10-12 02:48:01,705 [ERROR] LogOutputStream:74 - [STDERR_REDIRECT] 	at com.st.stm32cube.common.mx.oss.core.awtswtbridge.AwtEnvironment$2.run(AwtEnvironment.java:166)
2025-10-12 02:48:01,705 [ERROR] LogOutputStream:74 - [STDERR_REDIRECT] 	at java.desktop/java.awt.event.InvocationEvent.dispatch(InvocationEvent.java:313)
2025-10-12 02:48:01,706 [ERROR] LogOutputStream:74 - [STDERR_REDIRECT] 	at java.desktop/java.awt.EventQueue.dispatchEventImpl(EventQueue.java:770)
2025-10-12 02:48:01,706 [ERROR] LogOutputStream:74 - [STDERR_REDIRECT] 	at java.desktop/java.awt.EventQueue$4.run(EventQueue.java:721)
2025-10-12 02:48:01,707 [ERROR] LogOutputStream:74 - [STDERR_REDIRECT] 	at java.desktop/java.awt.EventQueue$4.run(EventQueue.java:715)
2025-10-12 02:48:01,708 [ERROR] LogOutputStream:74 - [STDERR_REDIRECT] 	at java.base/java.security.AccessController.doPrivileged(Native Method)
2025-10-12 02:48:01,708 [ERROR] LogOutputStream:74 - [STDERR_REDIRECT] 	at java.base/java.security.ProtectionDomain$JavaSecurityAccessImpl.doIntersectionPrivilege(ProtectionDomain.java:85)
2025-10-12 02:48:01,709 [ERROR] LogOutputStream:74 - [STDERR_REDIRECT] 	at java.desktop/java.awt.EventQueue.dispatchEvent(EventQueue.java:740)
2025-10-12 02:48:01,710 [ERROR] LogOutputStream:74 - [STDERR_REDIRECT] 	at java.desktop/java.awt.EventDispatchThread.pumpOneEventForFilters(EventDispatchThread.java:203)
2025-10-12 02:48:01,711 [ERROR] LogOutputStream:74 - [STDERR_REDIRECT] 	at java.desktop/java.awt.EventDispatchThread.pumpEventsForFilter(EventDispatchThread.java:124)
2025-10-12 02:48:01,711 [ERROR] LogOutputStream:74 - [STDERR_REDIRECT] 	at java.desktop/java.awt.EventDispatchThread.pumpEventsForHierarchy(EventDispatchThread.java:113)
2025-10-12 02:48:01,712 [ERROR] LogOutputStream:74 - [STDERR_REDIRECT] 	at java.desktop/java.awt.EventDispatchThread.pumpEvents(EventDispatchThread.java:109)
2025-10-12 02:48:01,713 [ERROR] LogOutputStream:74 - [STDERR_REDIRECT] 	at java.desktop/java.awt.EventDispatchThread.pumpEvents(EventDispatchThread.java:101)
2025-10-12 02:48:01,714 [ERROR] LogOutputStream:74 - [STDERR_REDIRECT] 	at java.desktop/java.awt.EventDispatchThread.run(EventDispatchThread.java:90)
2025-10-12 02:48:03,170 [INFO] MainUpdater:2671 - connection check result : 10
2025-10-12 02:48:03,170 [INFO] MainUpdater:2671 - connection check result : 10
2025-10-12 02:48:03,208 [INFO] MicroXplorer:448 - Change Database Path : 
2025-10-12 02:48:03,208 [INFO] MicroXplorer:478 - Change Database Version : DB.6.0.30
2025-10-12 02:48:03,208 [WARN] ThirdParty:813 - waiting for thirdparty lock release [close project]
2025-10-12 02:48:03,208 [INFO] ThirdParty:815 - entering critical section [close project]
2025-10-12 02:48:03,208 [INFO] ThirdParty:825 - exiting critical section [close project]
2025-10-12 02:48:03,208 [INFO] PinOutPanel:1463 - setPackage(No Configuration,No Configuration)
2025-10-12 02:48:03,210 [ERROR] LogOutputStream:74 - [STDERR_REDIRECT] Exception in thread "AWT-EventQueue-0" java.lang.IndexOutOfBoundsException: Index -1 out of bounds for length 4
2025-10-12 02:48:03,211 [ERROR] LogOutputStream:74 - [STDERR_REDIRECT] 	at java.base/jdk.internal.util.Preconditions.outOfBounds(Preconditions.java:64)
2025-10-12 02:48:03,212 [ERROR] LogOutputStream:74 - [STDERR_REDIRECT] 	at java.base/jdk.internal.util.Preconditions.outOfBoundsCheckIndex(Preconditions.java:70)
2025-10-12 02:48:03,214 [ERROR] LogOutputStream:74 - [STDERR_REDIRECT] 	at java.base/jdk.internal.util.Preconditions.checkIndex(Preconditions.java:248)
2025-10-12 02:48:03,214 [ERROR] LogOutputStream:74 - [STDERR_REDIRECT] 	at java.base/java.util.Objects.checkIndex(Objects.java:372)
2025-10-12 02:48:03,215 [ERROR] LogOutputStream:74 - [STDERR_REDIRECT] 	at java.base/java.util.ArrayList.get(ArrayList.java:459)
2025-10-12 02:48:03,216 [ERROR] LogOutputStream:74 - [STDERR_REDIRECT] 	at java.desktop/javax.swing.JTabbedPane.getTitleAt(JTabbedPane.java:1121)
2025-10-12 02:48:03,216 [ERROR] LogOutputStream:74 - [STDERR_REDIRECT] 	at com.st.microxplorer.maingui.MainPanel.getSelectedPluginView(MainPanel.java:1624)
2025-10-12 02:48:03,217 [ERROR] LogOutputStream:74 - [STDERR_REDIRECT] 	at com.st.microxplorer.maingui.MainPanel.getCurrentPluginName(MainPanel.java:1763)
2025-10-12 02:48:03,218 [ERROR] LogOutputStream:74 - [STDERR_REDIRECT] 	at com.st.microxplorer.maingui.AppletMainFrameCubeIde.UpdateCaption(AppletMainFrameCubeIde.java:71)
2025-10-12 02:48:03,218 [ERROR] LogOutputStream:74 - [STDERR_REDIRECT] 	at com.st.microxplorer.maingui.MainPanel.resetModified(MainPanel.java:545)
2025-10-12 02:48:03,219 [ERROR] LogOutputStream:74 - [STDERR_REDIRECT] 	at com.st.microxplorer.maingui.MainPanel.propertyChange(MainPanel.java:904)
2025-10-12 02:48:03,220 [ERROR] LogOutputStream:74 - [STDERR_REDIRECT] 	at java.desktop/java.beans.PropertyChangeSupport.fire(PropertyChangeSupport.java:341)
2025-10-12 02:48:03,220 [ERROR] LogOutputStream:74 - [STDERR_REDIRECT] 	at java.desktop/java.beans.PropertyChangeSupport.firePropertyChange(PropertyChangeSupport.java:333)
2025-10-12 02:48:03,221 [ERROR] LogOutputStream:74 - [STDERR_REDIRECT] 	at java.desktop/java.beans.PropertyChangeSupport.firePropertyChange(PropertyChangeSupport.java:266)
2025-10-12 02:48:03,222 [ERROR] LogOutputStream:74 - [STDERR_REDIRECT] 	at com.st.microxplorer.util.MXPropertyChangeSupport.firePropertyChange(MXPropertyChangeSupport.java:50)
2025-10-12 02:48:03,223 [ERROR] LogOutputStream:74 - [STDERR_REDIRECT] 	at com.st.microxplorer.mxsystem.MxSystem.closeConfig(MxSystem.java:657)
2025-10-12 02:48:03,223 [ERROR] LogOutputStream:74 - [STDERR_REDIRECT] 	at com.st.microxplorer.maingui.MainPanel.closeConfig(MainPanel.java:637)
2025-10-12 02:48:03,224 [ERROR] LogOutputStream:74 - [STDERR_REDIRECT] 	at com.st.microxplorer.plugins.filemanager.engine.OpenFileManager.loadConfigurationFile(OpenFileManager.java:238)
2025-10-12 02:48:03,225 [ERROR] LogOutputStream:74 - [STDERR_REDIRECT] 	at com.st.microxplorer.plugins.filemanager.engine.MainFileManager.userLoadConfig(MainFileManager.java:276)
2025-10-12 02:48:03,226 [ERROR] LogOutputStream:74 - [STDERR_REDIRECT] 	at com.st.microxplorer.plugins.filemanager.FileManagerView.getSpecificTask(FileManagerView.java:240)
2025-10-12 02:48:03,227 [ERROR] LogOutputStream:74 - [STDERR_REDIRECT] 	at com.st.stm32cube.common.mx.editor.CubeMxEditor.getMxTabbedPaneInstance(CubeMxEditor.java:1148)
2025-10-12 02:48:03,238 [ERROR] LogOutputStream:74 - [STDERR_REDIRECT] 	at com.st.stm32cube.common.mx.editor.CubeMxEditor$11$1.createSwingComponent(CubeMxEditor.java:1034)
2025-10-12 02:48:03,240 [ERROR] LogOutputStream:74 - [STDERR_REDIRECT] 	at com.st.stm32cube.common.mx.oss.core.awtswtbridge.EmbeddedSwingComposite.doComponentCreation(EmbeddedSwingComposite.java:492)
2025-10-12 02:48:03,241 [ERROR] LogOutputStream:74 - [STDERR_REDIRECT] 	at com.st.stm32cube.common.mx.oss.core.awtswtbridge.EmbeddedSwingComposite$4.run(EmbeddedSwingComposite.java:291)
2025-10-12 02:48:03,242 [ERROR] LogOutputStream:74 - [STDERR_REDIRECT] 	at com.st.stm32cube.common.mx.oss.core.awtswtbridge.AwtEnvironment$2.run(AwtEnvironment.java:166)
2025-10-12 02:48:03,242 [ERROR] LogOutputStream:74 - [STDERR_REDIRECT] 	at java.desktop/java.awt.event.InvocationEvent.dispatch(InvocationEvent.java:313)
2025-10-12 02:48:03,243 [ERROR] LogOutputStream:74 - [STDERR_REDIRECT] 	at java.desktop/java.awt.EventQueue.dispatchEventImpl(EventQueue.java:770)
2025-10-12 02:48:03,244 [ERROR] LogOutputStream:74 - [STDERR_REDIRECT] 	at java.desktop/java.awt.EventQueue$4.run(EventQueue.java:721)
2025-10-12 02:48:03,244 [ERROR] LogOutputStream:74 - [STDERR_REDIRECT] 	at java.desktop/java.awt.EventQueue$4.run(EventQueue.java:715)
2025-10-12 02:48:03,245 [ERROR] LogOutputStream:74 - [STDERR_REDIRECT] 	at java.base/java.security.AccessController.doPrivileged(Native Method)
2025-10-12 02:48:03,246 [ERROR] LogOutputStream:74 - [STDERR_REDIRECT] 	at java.base/java.security.ProtectionDomain$JavaSecurityAccessImpl.doIntersectionPrivilege(ProtectionDomain.java:85)
2025-10-12 02:48:03,246 [ERROR] LogOutputStream:74 - [STDERR_REDIRECT] 	at java.desktop/java.awt.EventQueue.dispatchEvent(EventQueue.java:740)
2025-10-12 02:48:03,247 [ERROR] LogOutputStream:74 - [STDERR_REDIRECT] 	at java.desktop/java.awt.EventDispatchThread.pumpOneEventForFilters(EventDispatchThread.java:203)
2025-10-12 02:48:03,248 [ERROR] LogOutputStream:74 - [STDERR_REDIRECT] 	at java.desktop/java.awt.EventDispatchThread.pumpEventsForFilter(EventDispatchThread.java:124)
2025-10-12 02:48:03,249 [ERROR] LogOutputStream:74 - [STDERR_REDIRECT] 	at java.desktop/java.awt.EventDispatchThread.pumpEventsForFilter(EventDispatchThread.java:117)
2025-10-12 02:48:03,249 [ERROR] LogOutputStream:74 - [STDERR_REDIRECT] 	at java.desktop/java.awt.WaitDispatchSupport$2.run(WaitDispatchSupport.java:190)
2025-10-12 02:48:03,251 [ERROR] LogOutputStream:74 - [STDERR_REDIRECT] 	at java.desktop/java.awt.WaitDispatchSupport$4.run(WaitDispatchSupport.java:235)
2025-10-12 02:48:03,251 [ERROR] LogOutputStream:74 - [STDERR_REDIRECT] 	at java.desktop/java.awt.WaitDispatchSupport$4.run(WaitDispatchSupport.java:233)
2025-10-12 02:48:03,252 [ERROR] LogOutputStream:74 - [STDERR_REDIRECT] 	at java.base/java.security.AccessController.doPrivileged(Native Method)
2025-10-12 02:48:03,252 [ERROR] LogOutputStream:74 - [STDERR_REDIRECT] 	at java.desktop/java.awt.WaitDispatchSupport.enter(WaitDispatchSupport.java:233)
2025-10-12 02:48:03,253 [ERROR] LogOutputStream:74 - [STDERR_REDIRECT] 	at java.desktop/java.awt.Dialog.show(Dialog.java:1070)
2025-10-12 02:48:03,253 [ERROR] LogOutputStream:74 - [STDERR_REDIRECT] 	at java.desktop/javax.swing.JOptionPane.showOptionDialog(JOptionPane.java:874)
2025-10-12 02:48:03,254 [ERROR] LogOutputStream:74 - [STDERR_REDIRECT] 	at java.desktop/javax.swing.JOptionPane.showMessageDialog(JOptionPane.java:670)
2025-10-12 02:48:03,255 [ERROR] LogOutputStream:74 - [STDERR_REDIRECT] 	at java.desktop/javax.swing.JOptionPane.showMessageDialog(JOptionPane.java:641)
2025-10-12 02:48:03,255 [ERROR] LogOutputStream:74 - [STDERR_REDIRECT] 	at com.st.microxplorer.mcufinder.gui.WebUtils.downloadDbFiles(WebUtils.java:851)
2025-10-12 02:48:03,256 [ERROR] LogOutputStream:74 - [STDERR_REDIRECT] 	at com.st.stm32cube.common.mx.targetselector.TargetSelectorAdapter$4.run(TargetSelectorAdapter.java:222)
2025-10-12 02:48:03,257 [ERROR] LogOutputStream:74 - [STDERR_REDIRECT] 	at com.st.stm32cube.common.mx.oss.core.awtswtbridge.AwtEnvironment$2.run(AwtEnvironment.java:166)
2025-10-12 02:48:03,258 [ERROR] LogOutputStream:74 - [STDERR_REDIRECT] 	at java.desktop/java.awt.event.InvocationEvent.dispatch(InvocationEvent.java:313)
2025-10-12 02:48:03,258 [ERROR] LogOutputStream:74 - [STDERR_REDIRECT] 	at java.desktop/java.awt.EventQueue.dispatchEventImpl(EventQueue.java:770)
2025-10-12 02:48:03,259 [ERROR] LogOutputStream:74 - [STDERR_REDIRECT] 	at java.desktop/java.awt.EventQueue$4.run(EventQueue.java:721)
2025-10-12 02:48:03,259 [ERROR] LogOutputStream:74 - [STDERR_REDIRECT] 	at java.desktop/java.awt.EventQueue$4.run(EventQueue.java:715)
2025-10-12 02:48:03,260 [ERROR] LogOutputStream:74 - [STDERR_REDIRECT] 	at java.base/java.security.AccessController.doPrivileged(Native Method)
2025-10-12 02:48:03,261 [ERROR] LogOutputStream:74 - [STDERR_REDIRECT] 	at java.base/java.security.ProtectionDomain$JavaSecurityAccessImpl.doIntersectionPrivilege(ProtectionDomain.java:85)
2025-10-12 02:48:03,262 [ERROR] LogOutputStream:74 - [STDERR_REDIRECT] 	at java.desktop/java.awt.EventQueue.dispatchEvent(EventQueue.java:740)
2025-10-12 02:48:03,263 [ERROR] LogOutputStream:74 - [STDERR_REDIRECT] 	at java.desktop/java.awt.EventDispatchThread.pumpOneEventForFilters(EventDispatchThread.java:203)
2025-10-12 02:48:03,263 [ERROR] LogOutputStream:74 - [STDERR_REDIRECT] 	at java.desktop/java.awt.EventDispatchThread.pumpEventsForFilter(EventDispatchThread.java:124)
2025-10-12 02:48:03,264 [ERROR] LogOutputStream:74 - [STDERR_REDIRECT] 	at java.desktop/java.awt.EventDispatchThread.pumpEventsForHierarchy(EventDispatchThread.java:113)
2025-10-12 02:48:03,265 [ERROR] LogOutputStream:74 - [STDERR_REDIRECT] 	at java.desktop/java.awt.EventDispatchThread.pumpEvents(EventDispatchThread.java:109)
2025-10-12 02:48:03,265 [ERROR] LogOutputStream:74 - [STDERR_REDIRECT] 	at java.desktop/java.awt.EventDispatchThread.pumpEvents(EventDispatchThread.java:101)
2025-10-12 02:48:03,266 [ERROR] LogOutputStream:74 - [STDERR_REDIRECT] 	at java.desktop/java.awt.EventDispatchThread.run(EventDispatchThread.java:90)
2025-10-12 02:48:03,288 [INFO] UtilMem:74 - End SaveConfig() Used Memory: 1000828464 Bytes (1073741824)
2025-10-12 02:48:03,310 [ERROR] LogOutputStream:74 - [STDERR_REDIRECT] Exception in thread "AWT-EventQueue-0" java.lang.IndexOutOfBoundsException: Index -1 out of bounds for length 4
2025-10-12 02:48:03,311 [ERROR] LogOutputStream:74 - [STDERR_REDIRECT] 	at java.base/jdk.internal.util.Preconditions.outOfBounds(Preconditions.java:64)
2025-10-12 02:48:03,311 [ERROR] LogOutputStream:74 - [STDERR_REDIRECT] 	at java.base/jdk.internal.util.Preconditions.outOfBoundsCheckIndex(Preconditions.java:70)
2025-10-12 02:48:03,312 [ERROR] LogOutputStream:74 - [STDERR_REDIRECT] 	at java.base/jdk.internal.util.Preconditions.checkIndex(Preconditions.java:248)
2025-10-12 02:48:03,312 [ERROR] LogOutputStream:74 - [STDERR_REDIRECT] 	at java.base/java.util.Objects.checkIndex(Objects.java:372)
2025-10-12 02:48:03,313 [ERROR] LogOutputStream:74 - [STDERR_REDIRECT] 	at java.base/java.util.ArrayList.get(ArrayList.java:459)
2025-10-12 02:48:03,313 [ERROR] LogOutputStream:74 - [STDERR_REDIRECT] 	at java.desktop/javax.swing.JTabbedPane.getTitleAt(JTabbedPane.java:1121)
2025-10-12 02:48:03,314 [ERROR] LogOutputStream:74 - [STDERR_REDIRECT] 	at com.st.microxplorer.maingui.MainPanel.getSelectedPluginView(MainPanel.java:1624)
2025-10-12 02:48:03,315 [ERROR] LogOutputStream:74 - [STDERR_REDIRECT] 	at com.st.microxplorer.maingui.MainPanel.getCurrentPluginName(MainPanel.java:1763)
2025-10-12 02:48:03,316 [ERROR] LogOutputStream:74 - [STDERR_REDIRECT] 	at com.st.microxplorer.maingui.AppletMainFrameCubeIde.UpdateCaption(AppletMainFrameCubeIde.java:71)
2025-10-12 02:48:03,316 [ERROR] LogOutputStream:74 - [STDERR_REDIRECT] 	at com.st.microxplorer.maingui.MainPanel.resetModified(MainPanel.java:545)
2025-10-12 02:48:03,317 [ERROR] LogOutputStream:74 - [STDERR_REDIRECT] 	at com.st.microxplorer.plugins.filemanager.engine.SaveFileManager.saveConfiguration(SaveFileManager.java:129)
2025-10-12 02:48:03,318 [ERROR] LogOutputStream:74 - [STDERR_REDIRECT] 	at com.st.microxplorer.plugins.filemanager.engine.MainFileManager.userSaveConfig(MainFileManager.java:394)
2025-10-12 02:48:03,318 [ERROR] LogOutputStream:74 - [STDERR_REDIRECT] 	at com.st.microxplorer.plugins.filemanager.FileManagerView.getSpecificTask(FileManagerView.java:252)
2025-10-12 02:48:03,319 [ERROR] LogOutputStream:74 - [STDERR_REDIRECT] 	at com.st.stm32cube.common.mx.editor.CubeMxEditor$20.run(CubeMxEditor.java:2156)
2025-10-12 02:48:03,320 [ERROR] LogOutputStream:74 - [STDERR_REDIRECT] 	at com.st.stm32cube.common.mx.oss.core.awtswtbridge.AwtEnvironment$2.run(AwtEnvironment.java:166)
2025-10-12 02:48:03,320 [ERROR] LogOutputStream:74 - [STDERR_REDIRECT] 	at java.desktop/java.awt.event.InvocationEvent.dispatch(InvocationEvent.java:313)
2025-10-12 02:48:03,321 [ERROR] LogOutputStream:74 - [STDERR_REDIRECT] 	at java.desktop/java.awt.EventQueue.dispatchEventImpl(EventQueue.java:770)
2025-10-12 02:48:03,321 [ERROR] LogOutputStream:74 - [STDERR_REDIRECT] 	at java.desktop/java.awt.EventQueue$4.run(EventQueue.java:721)
2025-10-12 02:48:03,321 [ERROR] LogOutputStream:74 - [STDERR_REDIRECT] 	at java.desktop/java.awt.EventQueue$4.run(EventQueue.java:715)
2025-10-12 02:48:03,323 [ERROR] LogOutputStream:74 - [STDERR_REDIRECT] 	at java.base/java.security.AccessController.doPrivileged(Native Method)
2025-10-12 02:48:03,324 [ERROR] LogOutputStream:74 - [STDERR_REDIRECT] 	at java.base/java.security.ProtectionDomain$JavaSecurityAccessImpl.doIntersectionPrivilege(ProtectionDomain.java:85)
2025-10-12 02:48:03,324 [ERROR] LogOutputStream:74 - [STDERR_REDIRECT] 	at java.desktop/java.awt.EventQueue.dispatchEvent(EventQueue.java:740)
2025-10-12 02:48:03,325 [ERROR] LogOutputStream:74 - [STDERR_REDIRECT] 	at java.desktop/java.awt.EventDispatchThread.pumpOneEventForFilters(EventDispatchThread.java:203)
2025-10-12 02:48:03,326 [ERROR] LogOutputStream:74 - [STDERR_REDIRECT] 	at java.desktop/java.awt.EventDispatchThread.pumpEventsForFilter(EventDispatchThread.java:124)
2025-10-12 02:48:03,327 [ERROR] LogOutputStream:74 - [STDERR_REDIRECT] 	at java.desktop/java.awt.EventDispatchThread.pumpEventsForFilter(EventDispatchThread.java:117)
2025-10-12 02:48:03,327 [ERROR] LogOutputStream:74 - [STDERR_REDIRECT] 	at java.desktop/java.awt.WaitDispatchSupport$2.run(WaitDispatchSupport.java:190)
2025-10-12 02:48:03,328 [ERROR] LogOutputStream:74 - [STDERR_REDIRECT] 	at java.desktop/java.awt.WaitDispatchSupport$4.run(WaitDispatchSupport.java:235)
2025-10-12 02:48:03,329 [ERROR] LogOutputStream:74 - [STDERR_REDIRECT] 	at java.desktop/java.awt.WaitDispatchSupport$4.run(WaitDispatchSupport.java:233)
2025-10-12 02:48:03,329 [ERROR] LogOutputStream:74 - [STDERR_REDIRECT] 	at java.base/java.security.AccessController.doPrivileged(Native Method)
2025-10-12 02:48:03,330 [ERROR] LogOutputStream:74 - [STDERR_REDIRECT] 	at java.desktop/java.awt.WaitDispatchSupport.enter(WaitDispatchSupport.java:233)
2025-10-12 02:48:03,330 [ERROR] LogOutputStream:74 - [STDERR_REDIRECT] 	at java.desktop/java.awt.Dialog.show(Dialog.java:1070)
2025-10-12 02:48:03,331 [ERROR] LogOutputStream:74 - [STDERR_REDIRECT] 	at java.desktop/javax.swing.JOptionPane.showOptionDialog(JOptionPane.java:874)
2025-10-12 02:48:03,332 [ERROR] LogOutputStream:74 - [STDERR_REDIRECT] 	at java.desktop/javax.swing.JOptionPane.showMessageDialog(JOptionPane.java:670)
2025-10-12 02:48:03,332 [ERROR] LogOutputStream:74 - [STDERR_REDIRECT] 	at java.desktop/javax.swing.JOptionPane.showMessageDialog(JOptionPane.java:641)
2025-10-12 02:48:03,333 [ERROR] LogOutputStream:74 - [STDERR_REDIRECT] 	at com.st.microxplorer.mcufinder.gui.WebUtils.downloadDbFiles(WebUtils.java:851)
2025-10-12 02:48:03,334 [ERROR] LogOutputStream:74 - [STDERR_REDIRECT] 	at com.st.stm32cube.common.mx.targetselector.TargetSelectorAdapter$4.run(TargetSelectorAdapter.java:222)
2025-10-12 02:48:03,334 [ERROR] LogOutputStream:74 - [STDERR_REDIRECT] 	at com.st.stm32cube.common.mx.oss.core.awtswtbridge.AwtEnvironment$2.run(AwtEnvironment.java:166)
2025-10-12 02:48:03,335 [ERROR] LogOutputStream:74 - [STDERR_REDIRECT] 	at java.desktop/java.awt.event.InvocationEvent.dispatch(InvocationEvent.java:313)
2025-10-12 02:48:03,336 [ERROR] LogOutputStream:74 - [STDERR_REDIRECT] 	at java.desktop/java.awt.EventQueue.dispatchEventImpl(EventQueue.java:770)
2025-10-12 02:48:03,336 [ERROR] LogOutputStream:74 - [STDERR_REDIRECT] 	at java.desktop/java.awt.EventQueue$4.run(EventQueue.java:721)
2025-10-12 02:48:03,337 [ERROR] LogOutputStream:74 - [STDERR_REDIRECT] 	at java.desktop/java.awt.EventQueue$4.run(EventQueue.java:715)
2025-10-12 02:48:03,337 [ERROR] LogOutputStream:74 - [STDERR_REDIRECT] 	at java.base/java.security.AccessController.doPrivileged(Native Method)
2025-10-12 02:48:03,338 [ERROR] LogOutputStream:74 - [STDERR_REDIRECT] 	at java.base/java.security.ProtectionDomain$JavaSecurityAccessImpl.doIntersectionPrivilege(ProtectionDomain.java:85)
2025-10-12 02:48:03,339 [ERROR] LogOutputStream:74 - [STDERR_REDIRECT] 	at java.desktop/java.awt.EventQueue.dispatchEvent(EventQueue.java:740)
2025-10-12 02:48:03,339 [ERROR] LogOutputStream:74 - [STDERR_REDIRECT] 	at java.desktop/java.awt.EventDispatchThread.pumpOneEventForFilters(EventDispatchThread.java:203)
2025-10-12 02:48:03,340 [ERROR] LogOutputStream:74 - [STDERR_REDIRECT] 	at java.desktop/java.awt.EventDispatchThread.pumpEventsForFilter(EventDispatchThread.java:124)
2025-10-12 02:48:03,341 [ERROR] LogOutputStream:74 - [STDERR_REDIRECT] 	at java.desktop/java.awt.EventDispatchThread.pumpEventsForHierarchy(EventDispatchThread.java:113)
2025-10-12 02:48:03,341 [ERROR] LogOutputStream:74 - [STDERR_REDIRECT] 	at java.desktop/java.awt.EventDispatchThread.pumpEvents(EventDispatchThread.java:109)
2025-10-12 02:48:03,342 [ERROR] LogOutputStream:74 - [STDERR_REDIRECT] 	at java.desktop/java.awt.EventDispatchThread.pumpEvents(EventDispatchThread.java:101)
2025-10-12 02:48:03,343 [ERROR] LogOutputStream:74 - [STDERR_REDIRECT] 	at java.desktop/java.awt.EventDispatchThread.run(EventDispatchThread.java:90)
2025-10-12 02:48:05,859 [ERROR] LogOutputStream:74 - [STDERR_REDIRECT] Exception in thread "AWT-EventQueue-0" java.lang.IndexOutOfBoundsException: Index -1 out of bounds for length 4
2025-10-12 02:48:05,860 [ERROR] LogOutputStream:74 - [STDERR_REDIRECT] 	at java.base/jdk.internal.util.Preconditions.outOfBounds(Preconditions.java:64)
2025-10-12 02:48:05,861 [ERROR] LogOutputStream:74 - [STDERR_REDIRECT] 	at java.base/jdk.internal.util.Preconditions.outOfBoundsCheckIndex(Preconditions.java:70)
2025-10-12 02:48:05,862 [ERROR] LogOutputStream:74 - [STDERR_REDIRECT] 	at java.base/jdk.internal.util.Preconditions.checkIndex(Preconditions.java:248)
2025-10-12 02:48:05,863 [ERROR] LogOutputStream:74 - [STDERR_REDIRECT] 	at java.base/java.util.Objects.checkIndex(Objects.java:372)
2025-10-12 02:48:05,863 [ERROR] LogOutputStream:74 - [STDERR_REDIRECT] 	at java.base/java.util.ArrayList.get(ArrayList.java:459)
2025-10-12 02:48:05,864 [ERROR] LogOutputStream:74 - [STDERR_REDIRECT] 	at java.desktop/javax.swing.JTabbedPane.getTitleAt(JTabbedPane.java:1121)
2025-10-12 02:48:05,864 [ERROR] LogOutputStream:74 - [STDERR_REDIRECT] 	at com.st.microxplorer.maingui.MainPanel.getSelectedPluginView(MainPanel.java:1624)
2025-10-12 02:48:05,865 [ERROR] LogOutputStream:74 - [STDERR_REDIRECT] 	at com.st.microxplorer.maingui.MainPanel.getCurrentPluginName(MainPanel.java:1763)
2025-10-12 02:48:05,866 [ERROR] LogOutputStream:74 - [STDERR_REDIRECT] 	at com.st.microxplorer.maingui.AppletMainFrameCubeIde.UpdateCaption(AppletMainFrameCubeIde.java:71)
2025-10-12 02:48:05,866 [ERROR] LogOutputStream:74 - [STDERR_REDIRECT] 	at com.st.microxplorer.maingui.MainPanel.resetModified(MainPanel.java:545)
2025-10-12 02:48:05,867 [ERROR] LogOutputStream:74 - [STDERR_REDIRECT] 	at com.st.stm32cube.common.mx.editor.CubeMxEditor$19.run(CubeMxEditor.java:1818)
2025-10-12 02:48:05,868 [ERROR] LogOutputStream:74 - [STDERR_REDIRECT] 	at com.st.stm32cube.common.mx.oss.core.awtswtbridge.AwtEnvironment$2.run(AwtEnvironment.java:166)
2025-10-12 02:48:05,869 [ERROR] LogOutputStream:74 - [STDERR_REDIRECT] 	at java.desktop/java.awt.event.InvocationEvent.dispatch(InvocationEvent.java:313)
2025-10-12 02:48:05,869 [ERROR] LogOutputStream:74 - [STDERR_REDIRECT] 	at java.desktop/java.awt.EventQueue.dispatchEventImpl(EventQueue.java:770)
2025-10-12 02:48:05,870 [ERROR] LogOutputStream:74 - [STDERR_REDIRECT] 	at java.desktop/java.awt.EventQueue$4.run(EventQueue.java:721)
2025-10-12 02:48:05,870 [ERROR] LogOutputStream:74 - [STDERR_REDIRECT] 	at java.desktop/java.awt.EventQueue$4.run(EventQueue.java:715)
2025-10-12 02:48:05,871 [ERROR] LogOutputStream:74 - [STDERR_REDIRECT] 	at java.base/java.security.AccessController.doPrivileged(Native Method)
2025-10-12 02:48:05,872 [ERROR] LogOutputStream:74 - [STDERR_REDIRECT] 	at java.base/java.security.ProtectionDomain$JavaSecurityAccessImpl.doIntersectionPrivilege(ProtectionDomain.java:85)
2025-10-12 02:48:05,872 [ERROR] LogOutputStream:74 - [STDERR_REDIRECT] 	at java.desktop/java.awt.EventQueue.dispatchEvent(EventQueue.java:740)
2025-10-12 02:48:05,873 [ERROR] LogOutputStream:74 - [STDERR_REDIRECT] 	at java.desktop/java.awt.EventDispatchThread.pumpOneEventForFilters(EventDispatchThread.java:203)
2025-10-12 02:48:05,873 [ERROR] LogOutputStream:74 - [STDERR_REDIRECT] 	at java.desktop/java.awt.EventDispatchThread.pumpEventsForFilter(EventDispatchThread.java:124)
2025-10-12 02:48:05,874 [ERROR] LogOutputStream:74 - [STDERR_REDIRECT] 	at java.desktop/java.awt.EventDispatchThread.pumpEventsForFilter(EventDispatchThread.java:117)
2025-10-12 02:48:05,875 [ERROR] LogOutputStream:74 - [STDERR_REDIRECT] 	at java.desktop/java.awt.WaitDispatchSupport$2.run(WaitDispatchSupport.java:190)
2025-10-12 02:48:05,875 [ERROR] LogOutputStream:74 - [STDERR_REDIRECT] 	at java.desktop/java.awt.WaitDispatchSupport$4.run(WaitDispatchSupport.java:235)
2025-10-12 02:48:05,876 [ERROR] LogOutputStream:74 - [STDERR_REDIRECT] 	at java.desktop/java.awt.WaitDispatchSupport$4.run(WaitDispatchSupport.java:233)
2025-10-12 02:48:05,877 [ERROR] LogOutputStream:74 - [STDERR_REDIRECT] 	at java.base/java.security.AccessController.doPrivileged(Native Method)
2025-10-12 02:48:05,877 [ERROR] LogOutputStream:74 - [STDERR_REDIRECT] 	at java.desktop/java.awt.WaitDispatchSupport.enter(WaitDispatchSupport.java:233)
2025-10-12 02:48:05,878 [ERROR] LogOutputStream:74 - [STDERR_REDIRECT] 	at java.desktop/java.awt.Dialog.show(Dialog.java:1070)
2025-10-12 02:48:05,878 [ERROR] LogOutputStream:74 - [STDERR_REDIRECT] 	at java.desktop/javax.swing.JOptionPane.showOptionDialog(JOptionPane.java:874)
2025-10-12 02:48:05,879 [ERROR] LogOutputStream:74 - [STDERR_REDIRECT] 	at java.desktop/javax.swing.JOptionPane.showMessageDialog(JOptionPane.java:670)
2025-10-12 02:48:05,881 [ERROR] LogOutputStream:74 - [STDERR_REDIRECT] 	at java.desktop/javax.swing.JOptionPane.showMessageDialog(JOptionPane.java:641)
2025-10-12 02:48:05,881 [ERROR] LogOutputStream:74 - [STDERR_REDIRECT] 	at com.st.microxplorer.mcufinder.gui.WebUtils.downloadDbFiles(WebUtils.java:851)
2025-10-12 02:48:05,882 [ERROR] LogOutputStream:74 - [STDERR_REDIRECT] 	at com.st.stm32cube.common.mx.targetselector.TargetSelectorAdapter$4.run(TargetSelectorAdapter.java:222)
2025-10-12 02:48:05,883 [ERROR] LogOutputStream:74 - [STDERR_REDIRECT] 	at com.st.stm32cube.common.mx.oss.core.awtswtbridge.AwtEnvironment$2.run(AwtEnvironment.java:166)
2025-10-12 02:48:05,883 [ERROR] LogOutputStream:74 - [STDERR_REDIRECT] 	at java.desktop/java.awt.event.InvocationEvent.dispatch(InvocationEvent.java:313)
2025-10-12 02:48:05,884 [ERROR] LogOutputStream:74 - [STDERR_REDIRECT] 	at java.desktop/java.awt.EventQueue.dispatchEventImpl(EventQueue.java:770)
2025-10-12 02:48:05,884 [ERROR] LogOutputStream:74 - [STDERR_REDIRECT] 	at java.desktop/java.awt.EventQueue$4.run(EventQueue.java:721)
2025-10-12 02:48:05,885 [ERROR] LogOutputStream:74 - [STDERR_REDIRECT] 	at java.desktop/java.awt.EventQueue$4.run(EventQueue.java:715)
2025-10-12 02:48:05,885 [ERROR] LogOutputStream:74 - [STDERR_REDIRECT] 	at java.base/java.security.AccessController.doPrivileged(Native Method)
2025-10-12 02:48:05,886 [ERROR] LogOutputStream:74 - [STDERR_REDIRECT] 	at java.base/java.security.ProtectionDomain$JavaSecurityAccessImpl.doIntersectionPrivilege(ProtectionDomain.java:85)
2025-10-12 02:48:05,887 [ERROR] LogOutputStream:74 - [STDERR_REDIRECT] 	at java.desktop/java.awt.EventQueue.dispatchEvent(EventQueue.java:740)
2025-10-12 02:48:05,888 [ERROR] LogOutputStream:74 - [STDERR_REDIRECT] 	at java.desktop/java.awt.EventDispatchThread.pumpOneEventForFilters(EventDispatchThread.java:203)
2025-10-12 02:48:05,888 [ERROR] LogOutputStream:74 - [STDERR_REDIRECT] 	at java.desktop/java.awt.EventDispatchThread.pumpEventsForFilter(EventDispatchThread.java:124)
2025-10-12 02:48:05,889 [ERROR] LogOutputStream:74 - [STDERR_REDIRECT] 	at java.desktop/java.awt.EventDispatchThread.pumpEventsForHierarchy(EventDispatchThread.java:113)
2025-10-12 02:48:05,890 [ERROR] LogOutputStream:74 - [STDERR_REDIRECT] 	at java.desktop/java.awt.EventDispatchThread.pumpEvents(EventDispatchThread.java:109)
2025-10-12 02:48:05,891 [ERROR] LogOutputStream:74 - [STDERR_REDIRECT] 	at java.desktop/java.awt.EventDispatchThread.pumpEvents(EventDispatchThread.java:101)
2025-10-12 02:48:05,891 [ERROR] LogOutputStream:74 - [STDERR_REDIRECT] 	at java.desktop/java.awt.EventDispatchThread.run(EventDispatchThread.java:90)
2025-10-12 02:48:08,309 [INFO] MainUpdater:2671 - connection check result : 10
2025-10-12 02:48:08,310 [INFO] MainUpdater:2671 - connection check result : 10
2025-10-12 02:48:08,346 [INFO] MicroXplorer:448 - Change Database Path : 
2025-10-12 02:48:08,346 [INFO] MicroXplorer:478 - Change Database Version : DB.6.0.30
2025-10-12 02:48:08,346 [WARN] ThirdParty:813 - waiting for thirdparty lock release [close project]
2025-10-12 02:48:08,346 [INFO] ThirdParty:815 - entering critical section [close project]
2025-10-12 02:48:08,346 [INFO] ThirdParty:825 - exiting critical section [close project]
2025-10-12 02:48:08,347 [INFO] PinOutPanel:1463 - setPackage(No Configuration,No Configuration)
2025-10-12 02:48:08,348 [ERROR] LogOutputStream:74 - [STDERR_REDIRECT] Exception in thread "AWT-EventQueue-0" java.lang.IndexOutOfBoundsException: Index -1 out of bounds for length 4
2025-10-12 02:48:08,349 [ERROR] LogOutputStream:74 - [STDERR_REDIRECT] 	at java.base/jdk.internal.util.Preconditions.outOfBounds(Preconditions.java:64)
2025-10-12 02:48:08,350 [ERROR] LogOutputStream:74 - [STDERR_REDIRECT] 	at java.base/jdk.internal.util.Preconditions.outOfBoundsCheckIndex(Preconditions.java:70)
2025-10-12 02:48:08,351 [ERROR] LogOutputStream:74 - [STDERR_REDIRECT] 	at java.base/jdk.internal.util.Preconditions.checkIndex(Preconditions.java:248)
2025-10-12 02:48:08,351 [ERROR] LogOutputStream:74 - [STDERR_REDIRECT] 	at java.base/java.util.Objects.checkIndex(Objects.java:372)
2025-10-12 02:48:08,352 [ERROR] LogOutputStream:74 - [STDERR_REDIRECT] 	at java.base/java.util.ArrayList.get(ArrayList.java:459)
2025-10-12 02:48:08,352 [ERROR] LogOutputStream:74 - [STDERR_REDIRECT] 	at java.desktop/javax.swing.JTabbedPane.getTitleAt(JTabbedPane.java:1121)
2025-10-12 02:48:08,353 [ERROR] LogOutputStream:74 - [STDERR_REDIRECT] 	at com.st.microxplorer.maingui.MainPanel.getSelectedPluginView(MainPanel.java:1624)
2025-10-12 02:48:08,353 [ERROR] LogOutputStream:74 - [STDERR_REDIRECT] 	at com.st.microxplorer.maingui.MainPanel.getCurrentPluginName(MainPanel.java:1763)
2025-10-12 02:48:08,354 [ERROR] LogOutputStream:74 - [STDERR_REDIRECT] 	at com.st.microxplorer.maingui.AppletMainFrameCubeIde.UpdateCaption(AppletMainFrameCubeIde.java:71)
2025-10-12 02:48:08,355 [ERROR] LogOutputStream:74 - [STDERR_REDIRECT] 	at com.st.microxplorer.maingui.MainPanel.resetModified(MainPanel.java:545)
2025-10-12 02:48:08,355 [ERROR] LogOutputStream:74 - [STDERR_REDIRECT] 	at com.st.microxplorer.maingui.MainPanel.propertyChange(MainPanel.java:904)
2025-10-12 02:48:08,356 [ERROR] LogOutputStream:74 - [STDERR_REDIRECT] 	at java.desktop/java.beans.PropertyChangeSupport.fire(PropertyChangeSupport.java:341)
2025-10-12 02:48:08,357 [ERROR] LogOutputStream:74 - [STDERR_REDIRECT] 	at java.desktop/java.beans.PropertyChangeSupport.firePropertyChange(PropertyChangeSupport.java:333)
2025-10-12 02:48:08,357 [ERROR] LogOutputStream:74 - [STDERR_REDIRECT] 	at java.desktop/java.beans.PropertyChangeSupport.firePropertyChange(PropertyChangeSupport.java:266)
2025-10-12 02:48:08,358 [ERROR] LogOutputStream:74 - [STDERR_REDIRECT] 	at com.st.microxplorer.util.MXPropertyChangeSupport.firePropertyChange(MXPropertyChangeSupport.java:50)
2025-10-12 02:48:08,359 [ERROR] LogOutputStream:74 - [STDERR_REDIRECT] 	at com.st.microxplorer.mxsystem.MxSystem.closeConfig(MxSystem.java:657)
2025-10-12 02:48:08,360 [ERROR] LogOutputStream:74 - [STDERR_REDIRECT] 	at com.st.microxplorer.maingui.MainPanel.closeConfig(MainPanel.java:637)
2025-10-12 02:48:08,361 [ERROR] LogOutputStream:74 - [STDERR_REDIRECT] 	at com.st.microxplorer.plugins.filemanager.engine.OpenFileManager.loadConfigurationFile(OpenFileManager.java:238)
2025-10-12 02:48:08,361 [ERROR] LogOutputStream:74 - [STDERR_REDIRECT] 	at com.st.microxplorer.plugins.filemanager.engine.MainFileManager.userLoadConfig(MainFileManager.java:276)
2025-10-12 02:48:08,362 [ERROR] LogOutputStream:74 - [STDERR_REDIRECT] 	at com.st.microxplorer.plugins.filemanager.FileManagerView.getSpecificTask(FileManagerView.java:240)
2025-10-12 02:48:08,363 [ERROR] LogOutputStream:74 - [STDERR_REDIRECT] 	at com.st.stm32cube.common.mx.editor.CubeMxEditor.getMxTabbedPaneInstance(CubeMxEditor.java:1148)
2025-10-12 02:48:08,364 [ERROR] LogOutputStream:74 - [STDERR_REDIRECT] 	at com.st.stm32cube.common.mx.editor.CubeMxEditor$11$1.createSwingComponent(CubeMxEditor.java:1034)
2025-10-12 02:48:08,379 [ERROR] LogOutputStream:74 - [STDERR_REDIRECT] 	at com.st.stm32cube.common.mx.oss.core.awtswtbridge.EmbeddedSwingComposite.doComponentCreation(EmbeddedSwingComposite.java:492)
2025-10-12 02:48:08,380 [ERROR] LogOutputStream:74 - [STDERR_REDIRECT] 	at com.st.stm32cube.common.mx.oss.core.awtswtbridge.EmbeddedSwingComposite$4.run(EmbeddedSwingComposite.java:291)
2025-10-12 02:48:08,381 [ERROR] LogOutputStream:74 - [STDERR_REDIRECT] 	at com.st.stm32cube.common.mx.oss.core.awtswtbridge.AwtEnvironment$2.run(AwtEnvironment.java:166)
2025-10-12 02:48:08,382 [ERROR] LogOutputStream:74 - [STDERR_REDIRECT] 	at java.desktop/java.awt.event.InvocationEvent.dispatch(InvocationEvent.java:313)
2025-10-12 02:48:08,382 [ERROR] LogOutputStream:74 - [STDERR_REDIRECT] 	at java.desktop/java.awt.EventQueue.dispatchEventImpl(EventQueue.java:770)
2025-10-12 02:48:08,383 [ERROR] LogOutputStream:74 - [STDERR_REDIRECT] 	at java.desktop/java.awt.EventQueue$4.run(EventQueue.java:721)
2025-10-12 02:48:08,383 [ERROR] LogOutputStream:74 - [STDERR_REDIRECT] 	at java.desktop/java.awt.EventQueue$4.run(EventQueue.java:715)
2025-10-12 02:48:08,385 [ERROR] LogOutputStream:74 - [STDERR_REDIRECT] 	at java.base/java.security.AccessController.doPrivileged(Native Method)
2025-10-12 02:48:08,386 [ERROR] LogOutputStream:74 - [STDERR_REDIRECT] 	at java.base/java.security.ProtectionDomain$JavaSecurityAccessImpl.doIntersectionPrivilege(ProtectionDomain.java:85)
2025-10-12 02:48:08,386 [ERROR] LogOutputStream:74 - [STDERR_REDIRECT] 	at java.desktop/java.awt.EventQueue.dispatchEvent(EventQueue.java:740)
2025-10-12 02:48:08,387 [ERROR] LogOutputStream:74 - [STDERR_REDIRECT] 	at java.desktop/java.awt.EventDispatchThread.pumpOneEventForFilters(EventDispatchThread.java:203)
2025-10-12 02:48:08,388 [ERROR] LogOutputStream:74 - [STDERR_REDIRECT] 	at java.desktop/java.awt.EventDispatchThread.pumpEventsForFilter(EventDispatchThread.java:124)
2025-10-12 02:48:08,388 [ERROR] LogOutputStream:74 - [STDERR_REDIRECT] 	at java.desktop/java.awt.EventDispatchThread.pumpEventsForFilter(EventDispatchThread.java:117)
2025-10-12 02:48:08,389 [ERROR] LogOutputStream:74 - [STDERR_REDIRECT] 	at java.desktop/java.awt.WaitDispatchSupport$2.run(WaitDispatchSupport.java:190)
2025-10-12 02:48:08,390 [ERROR] LogOutputStream:74 - [STDERR_REDIRECT] 	at java.desktop/java.awt.WaitDispatchSupport$4.run(WaitDispatchSupport.java:235)
2025-10-12 02:48:08,390 [ERROR] LogOutputStream:74 - [STDERR_REDIRECT] 	at java.desktop/java.awt.WaitDispatchSupport$4.run(WaitDispatchSupport.java:233)
2025-10-12 02:48:08,391 [ERROR] LogOutputStream:74 - [STDERR_REDIRECT] 	at java.base/java.security.AccessController.doPrivileged(Native Method)
2025-10-12 02:48:08,391 [ERROR] LogOutputStream:74 - [STDERR_REDIRECT] 	at java.desktop/java.awt.WaitDispatchSupport.enter(WaitDispatchSupport.java:233)
2025-10-12 02:48:08,392 [ERROR] LogOutputStream:74 - [STDERR_REDIRECT] 	at java.desktop/java.awt.Dialog.show(Dialog.java:1070)
2025-10-12 02:48:08,393 [ERROR] LogOutputStream:74 - [STDERR_REDIRECT] 	at java.desktop/javax.swing.JOptionPane.showOptionDialog(JOptionPane.java:874)
2025-10-12 02:48:08,393 [ERROR] LogOutputStream:74 - [STDERR_REDIRECT] 	at java.desktop/javax.swing.JOptionPane.showMessageDialog(JOptionPane.java:670)
2025-10-12 02:48:08,394 [ERROR] LogOutputStream:74 - [STDERR_REDIRECT] 	at java.desktop/javax.swing.JOptionPane.showMessageDialog(JOptionPane.java:641)
2025-10-12 02:48:08,394 [ERROR] LogOutputStream:74 - [STDERR_REDIRECT] 	at com.st.microxplorer.mcufinder.gui.WebUtils.downloadDbFiles(WebUtils.java:851)
2025-10-12 02:48:08,395 [ERROR] LogOutputStream:74 - [STDERR_REDIRECT] 	at com.st.stm32cube.common.mx.targetselector.TargetSelectorAdapter$4.run(TargetSelectorAdapter.java:222)
2025-10-12 02:48:08,396 [ERROR] LogOutputStream:74 - [STDERR_REDIRECT] 	at com.st.stm32cube.common.mx.oss.core.awtswtbridge.AwtEnvironment$2.run(AwtEnvironment.java:166)
2025-10-12 02:48:08,396 [ERROR] LogOutputStream:74 - [STDERR_REDIRECT] 	at java.desktop/java.awt.event.InvocationEvent.dispatch(InvocationEvent.java:313)
2025-10-12 02:48:08,397 [ERROR] LogOutputStream:74 - [STDERR_REDIRECT] 	at java.desktop/java.awt.EventQueue.dispatchEventImpl(EventQueue.java:770)
2025-10-12 02:48:08,397 [ERROR] LogOutputStream:74 - [STDERR_REDIRECT] 	at java.desktop/java.awt.EventQueue$4.run(EventQueue.java:721)
2025-10-12 02:48:08,398 [ERROR] LogOutputStream:74 - [STDERR_REDIRECT] 	at java.desktop/java.awt.EventQueue$4.run(EventQueue.java:715)
2025-10-12 02:48:08,398 [ERROR] LogOutputStream:74 - [STDERR_REDIRECT] 	at java.base/java.security.AccessController.doPrivileged(Native Method)
2025-10-12 02:48:08,400 [ERROR] LogOutputStream:74 - [STDERR_REDIRECT] 	at java.base/java.security.ProtectionDomain$JavaSecurityAccessImpl.doIntersectionPrivilege(ProtectionDomain.java:85)
2025-10-12 02:48:08,400 [ERROR] LogOutputStream:74 - [STDERR_REDIRECT] 	at java.desktop/java.awt.EventQueue.dispatchEvent(EventQueue.java:740)
2025-10-12 02:48:08,401 [ERROR] LogOutputStream:74 - [STDERR_REDIRECT] 	at java.desktop/java.awt.EventDispatchThread.pumpOneEventForFilters(EventDispatchThread.java:203)
2025-10-12 02:48:08,401 [ERROR] LogOutputStream:74 - [STDERR_REDIRECT] 	at java.desktop/java.awt.EventDispatchThread.pumpEventsForFilter(EventDispatchThread.java:124)
2025-10-12 02:48:08,402 [ERROR] LogOutputStream:74 - [STDERR_REDIRECT] 	at java.desktop/java.awt.EventDispatchThread.pumpEventsForHierarchy(EventDispatchThread.java:113)
2025-10-12 02:48:08,403 [ERROR] LogOutputStream:74 - [STDERR_REDIRECT] 	at java.desktop/java.awt.EventDispatchThread.pumpEvents(EventDispatchThread.java:109)
2025-10-12 02:48:08,403 [ERROR] LogOutputStream:74 - [STDERR_REDIRECT] 	at java.desktop/java.awt.EventDispatchThread.pumpEvents(EventDispatchThread.java:101)
2025-10-12 02:48:08,404 [ERROR] LogOutputStream:74 - [STDERR_REDIRECT] 	at java.desktop/java.awt.EventDispatchThread.run(EventDispatchThread.java:90)
2025-10-12 02:48:08,444 [INFO] UtilMem:74 - End SaveConfig() Used Memory: 1003540736 Bytes (1073741824)
2025-10-12 02:48:08,461 [ERROR] LogOutputStream:74 - [STDERR_REDIRECT] Exception in thread "AWT-EventQueue-0" java.lang.IndexOutOfBoundsException: Index -1 out of bounds for length 4
2025-10-12 02:48:08,462 [ERROR] LogOutputStream:74 - [STDERR_REDIRECT] 	at java.base/jdk.internal.util.Preconditions.outOfBounds(Preconditions.java:64)
2025-10-12 02:48:08,463 [ERROR] LogOutputStream:74 - [STDERR_REDIRECT] 	at java.base/jdk.internal.util.Preconditions.outOfBoundsCheckIndex(Preconditions.java:70)
2025-10-12 02:48:08,463 [ERROR] LogOutputStream:74 - [STDERR_REDIRECT] 	at java.base/jdk.internal.util.Preconditions.checkIndex(Preconditions.java:248)
2025-10-12 02:48:08,464 [ERROR] LogOutputStream:74 - [STDERR_REDIRECT] 	at java.base/java.util.Objects.checkIndex(Objects.java:372)
2025-10-12 02:48:08,464 [ERROR] LogOutputStream:74 - [STDERR_REDIRECT] 	at java.base/java.util.ArrayList.get(ArrayList.java:459)
2025-10-12 02:48:08,465 [ERROR] LogOutputStream:74 - [STDERR_REDIRECT] 	at java.desktop/javax.swing.JTabbedPane.getTitleAt(JTabbedPane.java:1121)
2025-10-12 02:48:08,466 [ERROR] LogOutputStream:74 - [STDERR_REDIRECT] 	at com.st.microxplorer.maingui.MainPanel.getSelectedPluginView(MainPanel.java:1624)
2025-10-12 02:48:08,466 [ERROR] LogOutputStream:74 - [STDERR_REDIRECT] 	at com.st.microxplorer.maingui.MainPanel.getCurrentPluginName(MainPanel.java:1763)
2025-10-12 02:48:08,467 [ERROR] LogOutputStream:74 - [STDERR_REDIRECT] 	at com.st.microxplorer.maingui.AppletMainFrameCubeIde.UpdateCaption(AppletMainFrameCubeIde.java:71)
2025-10-12 02:48:08,468 [ERROR] LogOutputStream:74 - [STDERR_REDIRECT] 	at com.st.microxplorer.maingui.MainPanel.resetModified(MainPanel.java:545)
2025-10-12 02:48:08,468 [ERROR] LogOutputStream:74 - [STDERR_REDIRECT] 	at com.st.microxplorer.plugins.filemanager.engine.SaveFileManager.saveConfiguration(SaveFileManager.java:129)
2025-10-12 02:48:08,469 [ERROR] LogOutputStream:74 - [STDERR_REDIRECT] 	at com.st.microxplorer.plugins.filemanager.engine.MainFileManager.userSaveConfig(MainFileManager.java:394)
2025-10-12 02:48:08,470 [ERROR] LogOutputStream:74 - [STDERR_REDIRECT] 	at com.st.microxplorer.plugins.filemanager.FileManagerView.getSpecificTask(FileManagerView.java:252)
2025-10-12 02:48:08,470 [ERROR] LogOutputStream:74 - [STDERR_REDIRECT] 	at com.st.stm32cube.common.mx.editor.CubeMxEditor$20.run(CubeMxEditor.java:2156)
2025-10-12 02:48:08,471 [ERROR] LogOutputStream:74 - [STDERR_REDIRECT] 	at com.st.stm32cube.common.mx.oss.core.awtswtbridge.AwtEnvironment$2.run(AwtEnvironment.java:166)
2025-10-12 02:48:08,472 [ERROR] LogOutputStream:74 - [STDERR_REDIRECT] 	at java.desktop/java.awt.event.InvocationEvent.dispatch(InvocationEvent.java:313)
2025-10-12 02:48:08,472 [ERROR] LogOutputStream:74 - [STDERR_REDIRECT] 	at java.desktop/java.awt.EventQueue.dispatchEventImpl(EventQueue.java:770)
2025-10-12 02:48:08,473 [ERROR] LogOutputStream:74 - [STDERR_REDIRECT] 	at java.desktop/java.awt.EventQueue$4.run(EventQueue.java:721)
2025-10-12 02:48:08,473 [ERROR] LogOutputStream:74 - [STDERR_REDIRECT] 	at java.desktop/java.awt.EventQueue$4.run(EventQueue.java:715)
2025-10-12 02:48:08,474 [ERROR] LogOutputStream:74 - [STDERR_REDIRECT] 	at java.base/java.security.AccessController.doPrivileged(Native Method)
2025-10-12 02:48:08,475 [ERROR] LogOutputStream:74 - [STDERR_REDIRECT] 	at java.base/java.security.ProtectionDomain$JavaSecurityAccessImpl.doIntersectionPrivilege(ProtectionDomain.java:85)
2025-10-12 02:48:08,475 [ERROR] LogOutputStream:74 - [STDERR_REDIRECT] 	at java.desktop/java.awt.EventQueue.dispatchEvent(EventQueue.java:740)
2025-10-12 02:48:08,476 [ERROR] LogOutputStream:74 - [STDERR_REDIRECT] 	at java.desktop/java.awt.EventDispatchThread.pumpOneEventForFilters(EventDispatchThread.java:203)
2025-10-12 02:48:08,477 [ERROR] LogOutputStream:74 - [STDERR_REDIRECT] 	at java.desktop/java.awt.EventDispatchThread.pumpEventsForFilter(EventDispatchThread.java:124)
2025-10-12 02:48:08,478 [ERROR] LogOutputStream:74 - [STDERR_REDIRECT] 	at java.desktop/java.awt.EventDispatchThread.pumpEventsForFilter(EventDispatchThread.java:117)
2025-10-12 02:48:08,478 [ERROR] LogOutputStream:74 - [STDERR_REDIRECT] 	at java.desktop/java.awt.WaitDispatchSupport$2.run(WaitDispatchSupport.java:190)
2025-10-12 02:48:08,479 [ERROR] LogOutputStream:74 - [STDERR_REDIRECT] 	at java.desktop/java.awt.WaitDispatchSupport$4.run(WaitDispatchSupport.java:235)
2025-10-12 02:48:08,479 [ERROR] LogOutputStream:74 - [STDERR_REDIRECT] 	at java.desktop/java.awt.WaitDispatchSupport$4.run(WaitDispatchSupport.java:233)
2025-10-12 02:48:08,480 [ERROR] LogOutputStream:74 - [STDERR_REDIRECT] 	at java.base/java.security.AccessController.doPrivileged(Native Method)
2025-10-12 02:48:08,481 [ERROR] LogOutputStream:74 - [STDERR_REDIRECT] 	at java.desktop/java.awt.WaitDispatchSupport.enter(WaitDispatchSupport.java:233)
2025-10-12 02:48:08,481 [ERROR] LogOutputStream:74 - [STDERR_REDIRECT] 	at java.desktop/java.awt.Dialog.show(Dialog.java:1070)
2025-10-12 02:48:08,482 [ERROR] LogOutputStream:74 - [STDERR_REDIRECT] 	at java.desktop/javax.swing.JOptionPane.showOptionDialog(JOptionPane.java:874)
2025-10-12 02:48:08,482 [ERROR] LogOutputStream:74 - [STDERR_REDIRECT] 	at java.desktop/javax.swing.JOptionPane.showMessageDialog(JOptionPane.java:670)
2025-10-12 02:48:08,483 [ERROR] LogOutputStream:74 - [STDERR_REDIRECT] 	at java.desktop/javax.swing.JOptionPane.showMessageDialog(JOptionPane.java:641)
2025-10-12 02:48:08,483 [ERROR] LogOutputStream:74 - [STDERR_REDIRECT] 	at com.st.microxplorer.mcufinder.gui.WebUtils.downloadDbFiles(WebUtils.java:851)
2025-10-12 02:48:08,484 [ERROR] LogOutputStream:74 - [STDERR_REDIRECT] 	at com.st.stm32cube.common.mx.targetselector.TargetSelectorAdapter$4.run(TargetSelectorAdapter.java:222)
2025-10-12 02:48:08,485 [ERROR] LogOutputStream:74 - [STDERR_REDIRECT] 	at com.st.stm32cube.common.mx.oss.core.awtswtbridge.AwtEnvironment$2.run(AwtEnvironment.java:166)
2025-10-12 02:48:08,486 [ERROR] LogOutputStream:74 - [STDERR_REDIRECT] 	at java.desktop/java.awt.event.InvocationEvent.dispatch(InvocationEvent.java:313)
2025-10-12 02:48:08,486 [ERROR] LogOutputStream:74 - [STDERR_REDIRECT] 	at java.desktop/java.awt.EventQueue.dispatchEventImpl(EventQueue.java:770)
2025-10-12 02:48:08,487 [ERROR] LogOutputStream:74 - [STDERR_REDIRECT] 	at java.desktop/java.awt.EventQueue$4.run(EventQueue.java:721)
2025-10-12 02:48:08,487 [ERROR] LogOutputStream:74 - [STDERR_REDIRECT] 	at java.desktop/java.awt.EventQueue$4.run(EventQueue.java:715)
2025-10-12 02:48:08,488 [ERROR] LogOutputStream:74 - [STDERR_REDIRECT] 	at java.base/java.security.AccessController.doPrivileged(Native Method)
2025-10-12 02:48:08,489 [ERROR] LogOutputStream:74 - [STDERR_REDIRECT] 	at java.base/java.security.ProtectionDomain$JavaSecurityAccessImpl.doIntersectionPrivilege(ProtectionDomain.java:85)
2025-10-12 02:48:08,489 [ERROR] LogOutputStream:74 - [STDERR_REDIRECT] 	at java.desktop/java.awt.EventQueue.dispatchEvent(EventQueue.java:740)
2025-10-12 02:48:08,490 [ERROR] LogOutputStream:74 - [STDERR_REDIRECT] 	at java.desktop/java.awt.EventDispatchThread.pumpOneEventForFilters(EventDispatchThread.java:203)
2025-10-12 02:48:08,491 [ERROR] LogOutputStream:74 - [STDERR_REDIRECT] 	at java.desktop/java.awt.EventDispatchThread.pumpEventsForFilter(EventDispatchThread.java:124)
2025-10-12 02:48:08,491 [ERROR] LogOutputStream:74 - [STDERR_REDIRECT] 	at java.desktop/java.awt.EventDispatchThread.pumpEventsForHierarchy(EventDispatchThread.java:113)
2025-10-12 02:48:08,493 [ERROR] LogOutputStream:74 - [STDERR_REDIRECT] 	at java.desktop/java.awt.EventDispatchThread.pumpEvents(EventDispatchThread.java:109)
2025-10-12 02:48:08,494 [ERROR] LogOutputStream:74 - [STDERR_REDIRECT] 	at java.desktop/java.awt.EventDispatchThread.pumpEvents(EventDispatchThread.java:101)
2025-10-12 02:48:08,495 [ERROR] LogOutputStream:74 - [STDERR_REDIRECT] 	at java.desktop/java.awt.EventDispatchThread.run(EventDispatchThread.java:90)
2025-10-12 02:48:13,226 [ERROR] LogOutputStream:74 - [STDERR_REDIRECT] Exception in thread "AWT-EventQueue-0" java.lang.IndexOutOfBoundsException: Index -1 out of bounds for length 4
2025-10-12 02:48:13,229 [ERROR] LogOutputStream:74 - [STDERR_REDIRECT] 	at java.base/jdk.internal.util.Preconditions.outOfBounds(Preconditions.java:64)
2025-10-12 02:48:13,230 [ERROR] LogOutputStream:74 - [STDERR_REDIRECT] 	at java.base/jdk.internal.util.Preconditions.outOfBoundsCheckIndex(Preconditions.java:70)
2025-10-12 02:48:13,231 [ERROR] LogOutputStream:74 - [STDERR_REDIRECT] 	at java.base/jdk.internal.util.Preconditions.checkIndex(Preconditions.java:248)
2025-10-12 02:48:13,231 [ERROR] LogOutputStream:74 - [STDERR_REDIRECT] 	at java.base/java.util.Objects.checkIndex(Objects.java:372)
2025-10-12 02:48:13,231 [ERROR] LogOutputStream:74 - [STDERR_REDIRECT] 	at java.base/java.util.ArrayList.get(ArrayList.java:459)
2025-10-12 02:48:13,232 [ERROR] LogOutputStream:74 - [STDERR_REDIRECT] 	at java.desktop/javax.swing.JTabbedPane.getTitleAt(JTabbedPane.java:1121)
2025-10-12 02:48:13,233 [ERROR] LogOutputStream:74 - [STDERR_REDIRECT] 	at com.st.microxplorer.maingui.MainPanel.getSelectedPluginView(MainPanel.java:1624)
2025-10-12 02:48:13,233 [ERROR] LogOutputStream:74 - [STDERR_REDIRECT] 	at com.st.microxplorer.maingui.MainPanel.getCurrentPluginName(MainPanel.java:1763)
2025-10-12 02:48:13,234 [ERROR] LogOutputStream:74 - [STDERR_REDIRECT] 	at com.st.microxplorer.maingui.AppletMainFrameCubeIde.UpdateCaption(AppletMainFrameCubeIde.java:71)
2025-10-12 02:48:13,234 [ERROR] LogOutputStream:74 - [STDERR_REDIRECT] 	at com.st.microxplorer.maingui.MainPanel.resetModified(MainPanel.java:545)
2025-10-12 02:48:13,236 [ERROR] LogOutputStream:74 - [STDERR_REDIRECT] 	at com.st.stm32cube.common.mx.editor.CubeMxEditor$19.run(CubeMxEditor.java:1818)
2025-10-12 02:48:13,237 [ERROR] LogOutputStream:74 - [STDERR_REDIRECT] 	at com.st.stm32cube.common.mx.oss.core.awtswtbridge.AwtEnvironment$2.run(AwtEnvironment.java:166)
2025-10-12 02:48:13,238 [ERROR] LogOutputStream:74 - [STDERR_REDIRECT] 	at java.desktop/java.awt.event.InvocationEvent.dispatch(InvocationEvent.java:313)
2025-10-12 02:48:13,239 [ERROR] LogOutputStream:74 - [STDERR_REDIRECT] 	at java.desktop/java.awt.EventQueue.dispatchEventImpl(EventQueue.java:770)
2025-10-12 02:48:13,239 [ERROR] LogOutputStream:74 - [STDERR_REDIRECT] 	at java.desktop/java.awt.EventQueue$4.run(EventQueue.java:721)
2025-10-12 02:48:13,240 [ERROR] LogOutputStream:74 - [STDERR_REDIRECT] 	at java.desktop/java.awt.EventQueue$4.run(EventQueue.java:715)
2025-10-12 02:48:13,240 [ERROR] LogOutputStream:74 - [STDERR_REDIRECT] 	at java.base/java.security.AccessController.doPrivileged(Native Method)
2025-10-12 02:48:13,241 [ERROR] LogOutputStream:74 - [STDERR_REDIRECT] 	at java.base/java.security.ProtectionDomain$JavaSecurityAccessImpl.doIntersectionPrivilege(ProtectionDomain.java:85)
2025-10-12 02:48:13,242 [ERROR] LogOutputStream:74 - [STDERR_REDIRECT] 	at java.desktop/java.awt.EventQueue.dispatchEvent(EventQueue.java:740)
2025-10-12 02:48:13,243 [ERROR] LogOutputStream:74 - [STDERR_REDIRECT] 	at java.desktop/java.awt.EventDispatchThread.pumpOneEventForFilters(EventDispatchThread.java:203)
2025-10-12 02:48:13,244 [ERROR] LogOutputStream:74 - [STDERR_REDIRECT] 	at java.desktop/java.awt.EventDispatchThread.pumpEventsForFilter(EventDispatchThread.java:124)
2025-10-12 02:48:13,244 [ERROR] LogOutputStream:74 - [STDERR_REDIRECT] 	at java.desktop/java.awt.EventDispatchThread.pumpEventsForFilter(EventDispatchThread.java:117)
2025-10-12 02:48:13,245 [ERROR] LogOutputStream:74 - [STDERR_REDIRECT] 	at java.desktop/java.awt.WaitDispatchSupport$2.run(WaitDispatchSupport.java:190)
2025-10-12 02:48:13,246 [ERROR] LogOutputStream:74 - [STDERR_REDIRECT] 	at java.desktop/java.awt.WaitDispatchSupport$4.run(WaitDispatchSupport.java:235)
2025-10-12 02:48:13,246 [ERROR] LogOutputStream:74 - [STDERR_REDIRECT] 	at java.desktop/java.awt.WaitDispatchSupport$4.run(WaitDispatchSupport.java:233)
2025-10-12 02:48:13,247 [ERROR] LogOutputStream:74 - [STDERR_REDIRECT] 	at java.base/java.security.AccessController.doPrivileged(Native Method)
2025-10-12 02:48:13,247 [ERROR] LogOutputStream:74 - [STDERR_REDIRECT] 	at java.desktop/java.awt.WaitDispatchSupport.enter(WaitDispatchSupport.java:233)
2025-10-12 02:48:13,248 [ERROR] LogOutputStream:74 - [STDERR_REDIRECT] 	at java.desktop/java.awt.Dialog.show(Dialog.java:1070)
2025-10-12 02:48:13,249 [ERROR] LogOutputStream:74 - [STDERR_REDIRECT] 	at java.desktop/javax.swing.JOptionPane.showOptionDialog(JOptionPane.java:874)
2025-10-12 02:48:13,249 [ERROR] LogOutputStream:74 - [STDERR_REDIRECT] 	at java.desktop/javax.swing.JOptionPane.showMessageDialog(JOptionPane.java:670)
2025-10-12 02:48:13,250 [ERROR] LogOutputStream:74 - [STDERR_REDIRECT] 	at java.desktop/javax.swing.JOptionPane.showMessageDialog(JOptionPane.java:641)
2025-10-12 02:48:13,251 [ERROR] LogOutputStream:74 - [STDERR_REDIRECT] 	at com.st.microxplorer.mcufinder.gui.WebUtils.downloadDbFiles(WebUtils.java:851)
2025-10-12 02:48:13,251 [ERROR] LogOutputStream:74 - [STDERR_REDIRECT] 	at com.st.stm32cube.common.mx.targetselector.TargetSelectorAdapter$4.run(TargetSelectorAdapter.java:222)
2025-10-12 02:48:13,252 [ERROR] LogOutputStream:74 - [STDERR_REDIRECT] 	at com.st.stm32cube.common.mx.oss.core.awtswtbridge.AwtEnvironment$2.run(AwtEnvironment.java:166)
2025-10-12 02:48:13,253 [ERROR] LogOutputStream:74 - [STDERR_REDIRECT] 	at java.desktop/java.awt.event.InvocationEvent.dispatch(InvocationEvent.java:313)
2025-10-12 02:48:13,253 [ERROR] LogOutputStream:74 - [STDERR_REDIRECT] 	at java.desktop/java.awt.EventQueue.dispatchEventImpl(EventQueue.java:770)
2025-10-12 02:48:13,254 [ERROR] LogOutputStream:74 - [STDERR_REDIRECT] 	at java.desktop/java.awt.EventQueue$4.run(EventQueue.java:721)
2025-10-12 02:48:13,254 [ERROR] LogOutputStream:74 - [STDERR_REDIRECT] 	at java.desktop/java.awt.EventQueue$4.run(EventQueue.java:715)
2025-10-12 02:48:13,255 [ERROR] LogOutputStream:74 - [STDERR_REDIRECT] 	at java.base/java.security.AccessController.doPrivileged(Native Method)
2025-10-12 02:48:13,256 [ERROR] LogOutputStream:74 - [STDERR_REDIRECT] 	at java.base/java.security.ProtectionDomain$JavaSecurityAccessImpl.doIntersectionPrivilege(ProtectionDomain.java:85)
2025-10-12 02:48:13,256 [ERROR] LogOutputStream:74 - [STDERR_REDIRECT] 	at java.desktop/java.awt.EventQueue.dispatchEvent(EventQueue.java:740)
2025-10-12 02:48:13,257 [ERROR] LogOutputStream:74 - [STDERR_REDIRECT] 	at java.desktop/java.awt.EventDispatchThread.pumpOneEventForFilters(EventDispatchThread.java:203)
2025-10-12 02:48:13,258 [ERROR] LogOutputStream:74 - [STDERR_REDIRECT] 	at java.desktop/java.awt.EventDispatchThread.pumpEventsForFilter(EventDispatchThread.java:124)
2025-10-12 02:48:13,258 [ERROR] LogOutputStream:74 - [STDERR_REDIRECT] 	at java.desktop/java.awt.EventDispatchThread.pumpEventsForHierarchy(EventDispatchThread.java:113)
2025-10-12 02:48:13,259 [ERROR] LogOutputStream:74 - [STDERR_REDIRECT] 	at java.desktop/java.awt.EventDispatchThread.pumpEvents(EventDispatchThread.java:109)
2025-10-12 02:48:13,261 [ERROR] LogOutputStream:74 - [STDERR_REDIRECT] 	at java.desktop/java.awt.EventDispatchThread.pumpEvents(EventDispatchThread.java:101)
2025-10-12 02:48:13,262 [ERROR] LogOutputStream:74 - [STDERR_REDIRECT] 	at java.desktop/java.awt.EventDispatchThread.run(EventDispatchThread.java:90)
2025-10-12 02:48:23,154 [INFO] MainUpdater:2671 - connection check result : 10
2025-10-12 02:48:23,155 [INFO] MainUpdater:2671 - connection check result : 10
2025-10-12 02:48:23,195 [INFO] MicroXplorer:448 - Change Database Path : 
2025-10-12 02:48:23,195 [INFO] MicroXplorer:478 - Change Database Version : DB.6.0.30
2025-10-12 02:48:23,195 [WARN] ThirdParty:813 - waiting for thirdparty lock release [close project]
2025-10-12 02:48:23,195 [INFO] ThirdParty:815 - entering critical section [close project]
2025-10-12 02:48:23,195 [INFO] ThirdParty:825 - exiting critical section [close project]
2025-10-12 02:48:23,196 [INFO] PinOutPanel:1463 - setPackage(No Configuration,No Configuration)
2025-10-12 02:48:23,197 [ERROR] LogOutputStream:74 - [STDERR_REDIRECT] Exception in thread "AWT-EventQueue-0" java.lang.IndexOutOfBoundsException: Index -1 out of bounds for length 4
2025-10-12 02:48:23,198 [ERROR] LogOutputStream:74 - [STDERR_REDIRECT] 	at java.base/jdk.internal.util.Preconditions.outOfBounds(Preconditions.java:64)
2025-10-12 02:48:23,199 [ERROR] LogOutputStream:74 - [STDERR_REDIRECT] 	at java.base/jdk.internal.util.Preconditions.outOfBoundsCheckIndex(Preconditions.java:70)
2025-10-12 02:48:23,199 [ERROR] LogOutputStream:74 - [STDERR_REDIRECT] 	at java.base/jdk.internal.util.Preconditions.checkIndex(Preconditions.java:248)
2025-10-12 02:48:23,200 [ERROR] LogOutputStream:74 - [STDERR_REDIRECT] 	at java.base/java.util.Objects.checkIndex(Objects.java:372)
2025-10-12 02:48:23,200 [ERROR] LogOutputStream:74 - [STDERR_REDIRECT] 	at java.base/java.util.ArrayList.get(ArrayList.java:459)
2025-10-12 02:48:23,201 [ERROR] LogOutputStream:74 - [STDERR_REDIRECT] 	at java.desktop/javax.swing.JTabbedPane.getTitleAt(JTabbedPane.java:1121)
2025-10-12 02:48:23,202 [ERROR] LogOutputStream:74 - [STDERR_REDIRECT] 	at com.st.microxplorer.maingui.MainPanel.getSelectedPluginView(MainPanel.java:1624)
2025-10-12 02:48:23,202 [ERROR] LogOutputStream:74 - [STDERR_REDIRECT] 	at com.st.microxplorer.maingui.MainPanel.getCurrentPluginName(MainPanel.java:1763)
2025-10-12 02:48:23,203 [ERROR] LogOutputStream:74 - [STDERR_REDIRECT] 	at com.st.microxplorer.maingui.AppletMainFrameCubeIde.UpdateCaption(AppletMainFrameCubeIde.java:71)
2025-10-12 02:48:23,204 [ERROR] LogOutputStream:74 - [STDERR_REDIRECT] 	at com.st.microxplorer.maingui.MainPanel.resetModified(MainPanel.java:545)
2025-10-12 02:48:23,204 [ERROR] LogOutputStream:74 - [STDERR_REDIRECT] 	at com.st.microxplorer.maingui.MainPanel.propertyChange(MainPanel.java:904)
2025-10-12 02:48:23,205 [ERROR] LogOutputStream:74 - [STDERR_REDIRECT] 	at java.desktop/java.beans.PropertyChangeSupport.fire(PropertyChangeSupport.java:341)
2025-10-12 02:48:23,206 [ERROR] LogOutputStream:74 - [STDERR_REDIRECT] 	at java.desktop/java.beans.PropertyChangeSupport.firePropertyChange(PropertyChangeSupport.java:333)
2025-10-12 02:48:23,206 [ERROR] LogOutputStream:74 - [STDERR_REDIRECT] 	at java.desktop/java.beans.PropertyChangeSupport.firePropertyChange(PropertyChangeSupport.java:266)
2025-10-12 02:48:23,207 [ERROR] LogOutputStream:74 - [STDERR_REDIRECT] 	at com.st.microxplorer.util.MXPropertyChangeSupport.firePropertyChange(MXPropertyChangeSupport.java:50)
2025-10-12 02:48:23,208 [ERROR] LogOutputStream:74 - [STDERR_REDIRECT] 	at com.st.microxplorer.mxsystem.MxSystem.closeConfig(MxSystem.java:657)
2025-10-12 02:48:23,209 [ERROR] LogOutputStream:74 - [STDERR_REDIRECT] 	at com.st.microxplorer.maingui.MainPanel.closeConfig(MainPanel.java:637)
2025-10-12 02:48:23,211 [ERROR] LogOutputStream:74 - [STDERR_REDIRECT] 	at com.st.microxplorer.plugins.filemanager.engine.OpenFileManager.loadConfigurationFile(OpenFileManager.java:238)
2025-10-12 02:48:23,213 [ERROR] LogOutputStream:74 - [STDERR_REDIRECT] 	at com.st.microxplorer.plugins.filemanager.engine.MainFileManager.userLoadConfig(MainFileManager.java:276)
2025-10-12 02:48:23,214 [ERROR] LogOutputStream:74 - [STDERR_REDIRECT] 	at com.st.microxplorer.plugins.filemanager.FileManagerView.getSpecificTask(FileManagerView.java:240)
2025-10-12 02:48:23,215 [ERROR] LogOutputStream:74 - [STDERR_REDIRECT] 	at com.st.stm32cube.common.mx.editor.CubeMxEditor.getMxTabbedPaneInstance(CubeMxEditor.java:1148)
2025-10-12 02:48:23,215 [ERROR] LogOutputStream:74 - [STDERR_REDIRECT] 	at com.st.stm32cube.common.mx.editor.CubeMxEditor$11$1.createSwingComponent(CubeMxEditor.java:1034)
2025-10-12 02:48:23,216 [ERROR] LogOutputStream:74 - [STDERR_REDIRECT] 	at com.st.stm32cube.common.mx.oss.core.awtswtbridge.EmbeddedSwingComposite.doComponentCreation(EmbeddedSwingComposite.java:492)
2025-10-12 02:48:23,228 [ERROR] LogOutputStream:74 - [STDERR_REDIRECT] 	at com.st.stm32cube.common.mx.oss.core.awtswtbridge.EmbeddedSwingComposite$4.run(EmbeddedSwingComposite.java:291)
2025-10-12 02:48:23,229 [ERROR] LogOutputStream:74 - [STDERR_REDIRECT] 	at com.st.stm32cube.common.mx.oss.core.awtswtbridge.AwtEnvironment$2.run(AwtEnvironment.java:166)
2025-10-12 02:48:23,230 [ERROR] LogOutputStream:74 - [STDERR_REDIRECT] 	at java.desktop/java.awt.event.InvocationEvent.dispatch(InvocationEvent.java:313)
2025-10-12 02:48:23,230 [ERROR] LogOutputStream:74 - [STDERR_REDIRECT] 	at java.desktop/java.awt.EventQueue.dispatchEventImpl(EventQueue.java:770)
2025-10-12 02:48:23,231 [ERROR] LogOutputStream:74 - [STDERR_REDIRECT] 	at java.desktop/java.awt.EventQueue$4.run(EventQueue.java:721)
2025-10-12 02:48:23,231 [ERROR] LogOutputStream:74 - [STDERR_REDIRECT] 	at java.desktop/java.awt.EventQueue$4.run(EventQueue.java:715)
2025-10-12 02:48:23,233 [ERROR] LogOutputStream:74 - [STDERR_REDIRECT] 	at java.base/java.security.AccessController.doPrivileged(Native Method)
2025-10-12 02:48:23,234 [ERROR] LogOutputStream:74 - [STDERR_REDIRECT] 	at java.base/java.security.ProtectionDomain$JavaSecurityAccessImpl.doIntersectionPrivilege(ProtectionDomain.java:85)
2025-10-12 02:48:23,234 [ERROR] LogOutputStream:74 - [STDERR_REDIRECT] 	at java.desktop/java.awt.EventQueue.dispatchEvent(EventQueue.java:740)
2025-10-12 02:48:23,235 [ERROR] LogOutputStream:74 - [STDERR_REDIRECT] 	at java.desktop/java.awt.EventDispatchThread.pumpOneEventForFilters(EventDispatchThread.java:203)
2025-10-12 02:48:23,236 [ERROR] LogOutputStream:74 - [STDERR_REDIRECT] 	at java.desktop/java.awt.EventDispatchThread.pumpEventsForFilter(EventDispatchThread.java:124)
2025-10-12 02:48:23,237 [ERROR] LogOutputStream:74 - [STDERR_REDIRECT] 	at java.desktop/java.awt.EventDispatchThread.pumpEventsForFilter(EventDispatchThread.java:117)
2025-10-12 02:48:23,238 [ERROR] LogOutputStream:74 - [STDERR_REDIRECT] 	at java.desktop/java.awt.WaitDispatchSupport$2.run(WaitDispatchSupport.java:190)
2025-10-12 02:48:23,238 [ERROR] LogOutputStream:74 - [STDERR_REDIRECT] 	at java.desktop/java.awt.WaitDispatchSupport$4.run(WaitDispatchSupport.java:235)
2025-10-12 02:48:23,239 [ERROR] LogOutputStream:74 - [STDERR_REDIRECT] 	at java.desktop/java.awt.WaitDispatchSupport$4.run(WaitDispatchSupport.java:233)
2025-10-12 02:48:23,240 [ERROR] LogOutputStream:74 - [STDERR_REDIRECT] 	at java.base/java.security.AccessController.doPrivileged(Native Method)
2025-10-12 02:48:23,241 [ERROR] LogOutputStream:74 - [STDERR_REDIRECT] 	at java.desktop/java.awt.WaitDispatchSupport.enter(WaitDispatchSupport.java:233)
2025-10-12 02:48:23,242 [ERROR] LogOutputStream:74 - [STDERR_REDIRECT] 	at java.desktop/java.awt.Dialog.show(Dialog.java:1070)
2025-10-12 02:48:23,243 [ERROR] LogOutputStream:74 - [STDERR_REDIRECT] 	at java.desktop/javax.swing.JOptionPane.showOptionDialog(JOptionPane.java:874)
2025-10-12 02:48:23,243 [ERROR] LogOutputStream:74 - [STDERR_REDIRECT] 	at java.desktop/javax.swing.JOptionPane.showMessageDialog(JOptionPane.java:670)
2025-10-12 02:48:23,244 [ERROR] LogOutputStream:74 - [STDERR_REDIRECT] 	at java.desktop/javax.swing.JOptionPane.showMessageDialog(JOptionPane.java:641)
2025-10-12 02:48:23,245 [ERROR] LogOutputStream:74 - [STDERR_REDIRECT] 	at com.st.microxplorer.mcufinder.gui.WebUtils.downloadDbFiles(WebUtils.java:851)
2025-10-12 02:48:23,247 [ERROR] LogOutputStream:74 - [STDERR_REDIRECT] 	at com.st.stm32cube.common.mx.targetselector.TargetSelectorAdapter$4.run(TargetSelectorAdapter.java:222)
2025-10-12 02:48:23,248 [ERROR] LogOutputStream:74 - [STDERR_REDIRECT] 	at com.st.stm32cube.common.mx.oss.core.awtswtbridge.AwtEnvironment$2.run(AwtEnvironment.java:166)
2025-10-12 02:48:23,249 [ERROR] LogOutputStream:74 - [STDERR_REDIRECT] 	at java.desktop/java.awt.event.InvocationEvent.dispatch(InvocationEvent.java:313)
2025-10-12 02:48:23,249 [ERROR] LogOutputStream:74 - [STDERR_REDIRECT] 	at java.desktop/java.awt.EventQueue.dispatchEventImpl(EventQueue.java:770)
2025-10-12 02:48:23,250 [ERROR] LogOutputStream:74 - [STDERR_REDIRECT] 	at java.desktop/java.awt.EventQueue$4.run(EventQueue.java:721)
2025-10-12 02:48:23,251 [ERROR] LogOutputStream:74 - [STDERR_REDIRECT] 	at java.desktop/java.awt.EventQueue$4.run(EventQueue.java:715)
2025-10-12 02:48:23,251 [ERROR] LogOutputStream:74 - [STDERR_REDIRECT] 	at java.base/java.security.AccessController.doPrivileged(Native Method)
2025-10-12 02:48:23,252 [ERROR] LogOutputStream:74 - [STDERR_REDIRECT] 	at java.base/java.security.ProtectionDomain$JavaSecurityAccessImpl.doIntersectionPrivilege(ProtectionDomain.java:85)
2025-10-12 02:48:23,253 [ERROR] LogOutputStream:74 - [STDERR_REDIRECT] 	at java.desktop/java.awt.EventQueue.dispatchEvent(EventQueue.java:740)
2025-10-12 02:48:23,254 [ERROR] LogOutputStream:74 - [STDERR_REDIRECT] 	at java.desktop/java.awt.EventDispatchThread.pumpOneEventForFilters(EventDispatchThread.java:203)
2025-10-12 02:48:23,254 [ERROR] LogOutputStream:74 - [STDERR_REDIRECT] 	at java.desktop/java.awt.EventDispatchThread.pumpEventsForFilter(EventDispatchThread.java:124)
2025-10-12 02:48:23,256 [ERROR] LogOutputStream:74 - [STDERR_REDIRECT] 	at java.desktop/java.awt.EventDispatchThread.pumpEventsForHierarchy(EventDispatchThread.java:113)
2025-10-12 02:48:23,257 [ERROR] LogOutputStream:74 - [STDERR_REDIRECT] 	at java.desktop/java.awt.EventDispatchThread.pumpEvents(EventDispatchThread.java:109)
2025-10-12 02:48:23,259 [ERROR] LogOutputStream:74 - [STDERR_REDIRECT] 	at java.desktop/java.awt.EventDispatchThread.pumpEvents(EventDispatchThread.java:101)
2025-10-12 02:48:23,259 [ERROR] LogOutputStream:74 - [STDERR_REDIRECT] 	at java.desktop/java.awt.EventDispatchThread.run(EventDispatchThread.java:90)
2025-10-12 02:48:23,284 [INFO] UtilMem:74 - End SaveConfig() Used Memory: 1003625136 Bytes (1073741824)
2025-10-12 02:48:23,303 [ERROR] LogOutputStream:74 - [STDERR_REDIRECT] Exception in thread "AWT-EventQueue-0" java.lang.IndexOutOfBoundsException: Index -1 out of bounds for length 4
2025-10-12 02:48:23,304 [ERROR] LogOutputStream:74 - [STDERR_REDIRECT] 	at java.base/jdk.internal.util.Preconditions.outOfBounds(Preconditions.java:64)
2025-10-12 02:48:23,304 [ERROR] LogOutputStream:74 - [STDERR_REDIRECT] 	at java.base/jdk.internal.util.Preconditions.outOfBoundsCheckIndex(Preconditions.java:70)
2025-10-12 02:48:23,305 [ERROR] LogOutputStream:74 - [STDERR_REDIRECT] 	at java.base/jdk.internal.util.Preconditions.checkIndex(Preconditions.java:248)
2025-10-12 02:48:23,306 [ERROR] LogOutputStream:74 - [STDERR_REDIRECT] 	at java.base/java.util.Objects.checkIndex(Objects.java:372)
2025-10-12 02:48:23,306 [ERROR] LogOutputStream:74 - [STDERR_REDIRECT] 	at java.base/java.util.ArrayList.get(ArrayList.java:459)
2025-10-12 02:48:23,307 [ERROR] LogOutputStream:74 - [STDERR_REDIRECT] 	at java.desktop/javax.swing.JTabbedPane.getTitleAt(JTabbedPane.java:1121)
2025-10-12 02:48:23,307 [ERROR] LogOutputStream:74 - [STDERR_REDIRECT] 	at com.st.microxplorer.maingui.MainPanel.getSelectedPluginView(MainPanel.java:1624)
2025-10-12 02:48:23,308 [ERROR] LogOutputStream:74 - [STDERR_REDIRECT] 	at com.st.microxplorer.maingui.MainPanel.getCurrentPluginName(MainPanel.java:1763)
2025-10-12 02:48:23,309 [ERROR] LogOutputStream:74 - [STDERR_REDIRECT] 	at com.st.microxplorer.maingui.AppletMainFrameCubeIde.UpdateCaption(AppletMainFrameCubeIde.java:71)
2025-10-12 02:48:23,309 [ERROR] LogOutputStream:74 - [STDERR_REDIRECT] 	at com.st.microxplorer.maingui.MainPanel.resetModified(MainPanel.java:545)
2025-10-12 02:48:23,310 [ERROR] LogOutputStream:74 - [STDERR_REDIRECT] 	at com.st.microxplorer.plugins.filemanager.engine.SaveFileManager.saveConfiguration(SaveFileManager.java:129)
2025-10-12 02:48:23,311 [ERROR] LogOutputStream:74 - [STDERR_REDIRECT] 	at com.st.microxplorer.plugins.filemanager.engine.MainFileManager.userSaveConfig(MainFileManager.java:394)
2025-10-12 02:48:23,311 [ERROR] LogOutputStream:74 - [STDERR_REDIRECT] 	at com.st.microxplorer.plugins.filemanager.FileManagerView.getSpecificTask(FileManagerView.java:252)
2025-10-12 02:48:23,313 [ERROR] LogOutputStream:74 - [STDERR_REDIRECT] 	at com.st.stm32cube.common.mx.editor.CubeMxEditor$20.run(CubeMxEditor.java:2156)
2025-10-12 02:48:23,314 [ERROR] LogOutputStream:74 - [STDERR_REDIRECT] 	at com.st.stm32cube.common.mx.oss.core.awtswtbridge.AwtEnvironment$2.run(AwtEnvironment.java:166)
2025-10-12 02:48:23,314 [ERROR] LogOutputStream:74 - [STDERR_REDIRECT] 	at java.desktop/java.awt.event.InvocationEvent.dispatch(InvocationEvent.java:313)
2025-10-12 02:48:23,315 [ERROR] LogOutputStream:74 - [STDERR_REDIRECT] 	at java.desktop/java.awt.EventQueue.dispatchEventImpl(EventQueue.java:770)
2025-10-12 02:48:23,315 [ERROR] LogOutputStream:74 - [STDERR_REDIRECT] 	at java.desktop/java.awt.EventQueue$4.run(EventQueue.java:721)
2025-10-12 02:48:23,316 [ERROR] LogOutputStream:74 - [STDERR_REDIRECT] 	at java.desktop/java.awt.EventQueue$4.run(EventQueue.java:715)
2025-10-12 02:48:23,316 [ERROR] LogOutputStream:74 - [STDERR_REDIRECT] 	at java.base/java.security.AccessController.doPrivileged(Native Method)
2025-10-12 02:48:23,317 [ERROR] LogOutputStream:74 - [STDERR_REDIRECT] 	at java.base/java.security.ProtectionDomain$JavaSecurityAccessImpl.doIntersectionPrivilege(ProtectionDomain.java:85)
2025-10-12 02:48:23,318 [ERROR] LogOutputStream:74 - [STDERR_REDIRECT] 	at java.desktop/java.awt.EventQueue.dispatchEvent(EventQueue.java:740)
2025-10-12 02:48:23,318 [ERROR] LogOutputStream:74 - [STDERR_REDIRECT] 	at java.desktop/java.awt.EventDispatchThread.pumpOneEventForFilters(EventDispatchThread.java:203)
2025-10-12 02:48:23,319 [ERROR] LogOutputStream:74 - [STDERR_REDIRECT] 	at java.desktop/java.awt.EventDispatchThread.pumpEventsForFilter(EventDispatchThread.java:124)
2025-10-12 02:48:23,320 [ERROR] LogOutputStream:74 - [STDERR_REDIRECT] 	at java.desktop/java.awt.EventDispatchThread.pumpEventsForFilter(EventDispatchThread.java:117)
2025-10-12 02:48:23,320 [ERROR] LogOutputStream:74 - [STDERR_REDIRECT] 	at java.desktop/java.awt.WaitDispatchSupport$2.run(WaitDispatchSupport.java:190)
2025-10-12 02:48:23,321 [ERROR] LogOutputStream:74 - [STDERR_REDIRECT] 	at java.desktop/java.awt.WaitDispatchSupport$4.run(WaitDispatchSupport.java:235)
2025-10-12 02:48:23,322 [ERROR] LogOutputStream:74 - [STDERR_REDIRECT] 	at java.desktop/java.awt.WaitDispatchSupport$4.run(WaitDispatchSupport.java:233)
2025-10-12 02:48:23,322 [ERROR] LogOutputStream:74 - [STDERR_REDIRECT] 	at java.base/java.security.AccessController.doPrivileged(Native Method)
2025-10-12 02:48:23,323 [ERROR] LogOutputStream:74 - [STDERR_REDIRECT] 	at java.desktop/java.awt.WaitDispatchSupport.enter(WaitDispatchSupport.java:233)
2025-10-12 02:48:23,323 [ERROR] LogOutputStream:74 - [STDERR_REDIRECT] 	at java.desktop/java.awt.Dialog.show(Dialog.java:1070)
2025-10-12 02:48:23,324 [ERROR] LogOutputStream:74 - [STDERR_REDIRECT] 	at java.desktop/javax.swing.JOptionPane.showOptionDialog(JOptionPane.java:874)
2025-10-12 02:48:23,325 [ERROR] LogOutputStream:74 - [STDERR_REDIRECT] 	at java.desktop/javax.swing.JOptionPane.showMessageDialog(JOptionPane.java:670)
2025-10-12 02:48:23,325 [ERROR] LogOutputStream:74 - [STDERR_REDIRECT] 	at java.desktop/javax.swing.JOptionPane.showMessageDialog(JOptionPane.java:641)
2025-10-12 02:48:23,326 [ERROR] LogOutputStream:74 - [STDERR_REDIRECT] 	at com.st.microxplorer.mcufinder.gui.WebUtils.downloadDbFiles(WebUtils.java:851)
2025-10-12 02:48:23,327 [ERROR] LogOutputStream:74 - [STDERR_REDIRECT] 	at com.st.stm32cube.common.mx.targetselector.TargetSelectorAdapter$4.run(TargetSelectorAdapter.java:222)
2025-10-12 02:48:23,327 [ERROR] LogOutputStream:74 - [STDERR_REDIRECT] 	at com.st.stm32cube.common.mx.oss.core.awtswtbridge.AwtEnvironment$2.run(AwtEnvironment.java:166)
2025-10-12 02:48:23,328 [ERROR] LogOutputStream:74 - [STDERR_REDIRECT] 	at java.desktop/java.awt.event.InvocationEvent.dispatch(InvocationEvent.java:313)
2025-10-12 02:48:23,329 [ERROR] LogOutputStream:74 - [STDERR_REDIRECT] 	at java.desktop/java.awt.EventQueue.dispatchEventImpl(EventQueue.java:770)
2025-10-12 02:48:23,329 [ERROR] LogOutputStream:74 - [STDERR_REDIRECT] 	at java.desktop/java.awt.EventQueue$4.run(EventQueue.java:721)
2025-10-12 02:48:23,330 [ERROR] LogOutputStream:74 - [STDERR_REDIRECT] 	at java.desktop/java.awt.EventQueue$4.run(EventQueue.java:715)
2025-10-12 02:48:23,330 [ERROR] LogOutputStream:74 - [STDERR_REDIRECT] 	at java.base/java.security.AccessController.doPrivileged(Native Method)
2025-10-12 02:48:23,331 [ERROR] LogOutputStream:74 - [STDERR_REDIRECT] 	at java.base/java.security.ProtectionDomain$JavaSecurityAccessImpl.doIntersectionPrivilege(ProtectionDomain.java:85)
2025-10-12 02:48:23,332 [ERROR] LogOutputStream:74 - [STDERR_REDIRECT] 	at java.desktop/java.awt.EventQueue.dispatchEvent(EventQueue.java:740)
2025-10-12 02:48:23,332 [ERROR] LogOutputStream:74 - [STDERR_REDIRECT] 	at java.desktop/java.awt.EventDispatchThread.pumpOneEventForFilters(EventDispatchThread.java:203)
2025-10-12 02:48:23,333 [ERROR] LogOutputStream:74 - [STDERR_REDIRECT] 	at java.desktop/java.awt.EventDispatchThread.pumpEventsForFilter(EventDispatchThread.java:124)
2025-10-12 02:48:23,334 [ERROR] LogOutputStream:74 - [STDERR_REDIRECT] 	at java.desktop/java.awt.EventDispatchThread.pumpEventsForHierarchy(EventDispatchThread.java:113)
2025-10-12 02:48:23,334 [ERROR] LogOutputStream:74 - [STDERR_REDIRECT] 	at java.desktop/java.awt.EventDispatchThread.pumpEvents(EventDispatchThread.java:109)
2025-10-12 02:48:23,335 [ERROR] LogOutputStream:74 - [STDERR_REDIRECT] 	at java.desktop/java.awt.EventDispatchThread.pumpEvents(EventDispatchThread.java:101)
2025-10-12 02:48:23,336 [ERROR] LogOutputStream:74 - [STDERR_REDIRECT] 	at java.desktop/java.awt.EventDispatchThread.run(EventDispatchThread.java:90)
2025-10-12 02:48:23,747 [ERROR] LogOutputStream:74 - [STDERR_REDIRECT] Exception in thread "AWT-EventQueue-0" java.lang.IndexOutOfBoundsException: Index -1 out of bounds for length 4
2025-10-12 02:48:23,748 [ERROR] LogOutputStream:74 - [STDERR_REDIRECT] 	at java.base/jdk.internal.util.Preconditions.outOfBounds(Preconditions.java:64)
2025-10-12 02:48:23,748 [ERROR] LogOutputStream:74 - [STDERR_REDIRECT] 	at java.base/jdk.internal.util.Preconditions.outOfBoundsCheckIndex(Preconditions.java:70)
2025-10-12 02:48:23,749 [ERROR] LogOutputStream:74 - [STDERR_REDIRECT] 	at java.base/jdk.internal.util.Preconditions.checkIndex(Preconditions.java:248)
2025-10-12 02:48:23,749 [ERROR] LogOutputStream:74 - [STDERR_REDIRECT] 	at java.base/java.util.Objects.checkIndex(Objects.java:372)
2025-10-12 02:48:23,750 [ERROR] LogOutputStream:74 - [STDERR_REDIRECT] 	at java.base/java.util.ArrayList.get(ArrayList.java:459)
2025-10-12 02:48:23,750 [ERROR] LogOutputStream:74 - [STDERR_REDIRECT] 	at java.desktop/javax.swing.JTabbedPane.getTitleAt(JTabbedPane.java:1121)
2025-10-12 02:48:23,752 [ERROR] LogOutputStream:74 - [STDERR_REDIRECT] 	at com.st.microxplorer.maingui.MainPanel.getSelectedPluginView(MainPanel.java:1624)
2025-10-12 02:48:23,753 [ERROR] LogOutputStream:74 - [STDERR_REDIRECT] 	at com.st.microxplorer.maingui.MainPanel.getCurrentPluginName(MainPanel.java:1763)
2025-10-12 02:48:23,761 [ERROR] LogOutputStream:74 - [STDERR_REDIRECT] 	at com.st.microxplorer.maingui.AppletMainFrameCubeIde.UpdateCaption(AppletMainFrameCubeIde.java:71)
2025-10-12 02:48:23,762 [ERROR] LogOutputStream:74 - [STDERR_REDIRECT] 	at com.st.microxplorer.maingui.MainPanel.resetModified(MainPanel.java:545)
2025-10-12 02:48:23,763 [ERROR] LogOutputStream:74 - [STDERR_REDIRECT] 	at com.st.stm32cube.common.mx.editor.CubeMxEditor$19.run(CubeMxEditor.java:1818)
2025-10-12 02:48:23,764 [ERROR] LogOutputStream:74 - [STDERR_REDIRECT] 	at com.st.stm32cube.common.mx.oss.core.awtswtbridge.AwtEnvironment$2.run(AwtEnvironment.java:166)
2025-10-12 02:48:23,765 [ERROR] LogOutputStream:74 - [STDERR_REDIRECT] 	at java.desktop/java.awt.event.InvocationEvent.dispatch(InvocationEvent.java:313)
2025-10-12 02:48:23,765 [ERROR] LogOutputStream:74 - [STDERR_REDIRECT] 	at java.desktop/java.awt.EventQueue.dispatchEventImpl(EventQueue.java:770)
2025-10-12 02:48:23,766 [ERROR] LogOutputStream:74 - [STDERR_REDIRECT] 	at java.desktop/java.awt.EventQueue$4.run(EventQueue.java:721)
2025-10-12 02:48:23,767 [ERROR] LogOutputStream:74 - [STDERR_REDIRECT] 	at java.desktop/java.awt.EventQueue$4.run(EventQueue.java:715)
2025-10-12 02:48:23,767 [ERROR] LogOutputStream:74 - [STDERR_REDIRECT] 	at java.base/java.security.AccessController.doPrivileged(Native Method)
2025-10-12 02:48:23,768 [ERROR] LogOutputStream:74 - [STDERR_REDIRECT] 	at java.base/java.security.ProtectionDomain$JavaSecurityAccessImpl.doIntersectionPrivilege(ProtectionDomain.java:85)
2025-10-12 02:48:23,768 [ERROR] LogOutputStream:74 - [STDERR_REDIRECT] 	at java.desktop/java.awt.EventQueue.dispatchEvent(EventQueue.java:740)
2025-10-12 02:48:23,769 [ERROR] LogOutputStream:74 - [STDERR_REDIRECT] 	at java.desktop/java.awt.EventDispatchThread.pumpOneEventForFilters(EventDispatchThread.java:203)
2025-10-12 02:48:23,770 [ERROR] LogOutputStream:74 - [STDERR_REDIRECT] 	at java.desktop/java.awt.EventDispatchThread.pumpEventsForFilter(EventDispatchThread.java:124)
2025-10-12 02:48:23,771 [ERROR] LogOutputStream:74 - [STDERR_REDIRECT] 	at java.desktop/java.awt.EventDispatchThread.pumpEventsForFilter(EventDispatchThread.java:117)
2025-10-12 02:48:23,771 [ERROR] LogOutputStream:74 - [STDERR_REDIRECT] 	at java.desktop/java.awt.WaitDispatchSupport$2.run(WaitDispatchSupport.java:190)
2025-10-12 02:48:23,773 [ERROR] LogOutputStream:74 - [STDERR_REDIRECT] 	at java.desktop/java.awt.WaitDispatchSupport$4.run(WaitDispatchSupport.java:235)
2025-10-12 02:48:23,774 [ERROR] LogOutputStream:74 - [STDERR_REDIRECT] 	at java.desktop/java.awt.WaitDispatchSupport$4.run(WaitDispatchSupport.java:233)
2025-10-12 02:48:23,774 [ERROR] LogOutputStream:74 - [STDERR_REDIRECT] 	at java.base/java.security.AccessController.doPrivileged(Native Method)
2025-10-12 02:48:23,775 [ERROR] LogOutputStream:74 - [STDERR_REDIRECT] 	at java.desktop/java.awt.WaitDispatchSupport.enter(WaitDispatchSupport.java:233)
2025-10-12 02:48:23,776 [ERROR] LogOutputStream:74 - [STDERR_REDIRECT] 	at java.desktop/java.awt.Dialog.show(Dialog.java:1070)
2025-10-12 02:48:23,777 [ERROR] LogOutputStream:74 - [STDERR_REDIRECT] 	at java.desktop/javax.swing.JOptionPane.showOptionDialog(JOptionPane.java:874)
2025-10-12 02:48:23,777 [ERROR] LogOutputStream:74 - [STDERR_REDIRECT] 	at java.desktop/javax.swing.JOptionPane.showMessageDialog(JOptionPane.java:670)
2025-10-12 02:48:23,778 [ERROR] LogOutputStream:74 - [STDERR_REDIRECT] 	at java.desktop/javax.swing.JOptionPane.showMessageDialog(JOptionPane.java:641)
2025-10-12 02:48:23,779 [ERROR] LogOutputStream:74 - [STDERR_REDIRECT] 	at com.st.microxplorer.mcufinder.gui.WebUtils.downloadDbFiles(WebUtils.java:851)
2025-10-12 02:48:23,780 [ERROR] LogOutputStream:74 - [STDERR_REDIRECT] 	at com.st.stm32cube.common.mx.targetselector.TargetSelectorAdapter$4.run(TargetSelectorAdapter.java:222)
2025-10-12 02:48:23,781 [ERROR] LogOutputStream:74 - [STDERR_REDIRECT] 	at com.st.stm32cube.common.mx.oss.core.awtswtbridge.AwtEnvironment$2.run(AwtEnvironment.java:166)
2025-10-12 02:48:23,782 [ERROR] LogOutputStream:74 - [STDERR_REDIRECT] 	at java.desktop/java.awt.event.InvocationEvent.dispatch(InvocationEvent.java:313)
2025-10-12 02:48:23,782 [ERROR] LogOutputStream:74 - [STDERR_REDIRECT] 	at java.desktop/java.awt.EventQueue.dispatchEventImpl(EventQueue.java:770)
2025-10-12 02:48:23,783 [ERROR] LogOutputStream:74 - [STDERR_REDIRECT] 	at java.desktop/java.awt.EventQueue$4.run(EventQueue.java:721)
2025-10-12 02:48:23,783 [ERROR] LogOutputStream:74 - [STDERR_REDIRECT] 	at java.desktop/java.awt.EventQueue$4.run(EventQueue.java:715)
2025-10-12 02:48:23,784 [ERROR] LogOutputStream:74 - [STDERR_REDIRECT] 	at java.base/java.security.AccessController.doPrivileged(Native Method)
2025-10-12 02:48:23,785 [ERROR] LogOutputStream:74 - [STDERR_REDIRECT] 	at java.base/java.security.ProtectionDomain$JavaSecurityAccessImpl.doIntersectionPrivilege(ProtectionDomain.java:85)
2025-10-12 02:48:23,785 [ERROR] LogOutputStream:74 - [STDERR_REDIRECT] 	at java.desktop/java.awt.EventQueue.dispatchEvent(EventQueue.java:740)
2025-10-12 02:48:23,786 [ERROR] LogOutputStream:74 - [STDERR_REDIRECT] 	at java.desktop/java.awt.EventDispatchThread.pumpOneEventForFilters(EventDispatchThread.java:203)
2025-10-12 02:48:23,787 [ERROR] LogOutputStream:74 - [STDERR_REDIRECT] 	at java.desktop/java.awt.EventDispatchThread.pumpEventsForFilter(EventDispatchThread.java:124)
2025-10-12 02:48:23,788 [ERROR] LogOutputStream:74 - [STDERR_REDIRECT] 	at java.desktop/java.awt.EventDispatchThread.pumpEventsForHierarchy(EventDispatchThread.java:113)
2025-10-12 02:48:23,788 [ERROR] LogOutputStream:74 - [STDERR_REDIRECT] 	at java.desktop/java.awt.EventDispatchThread.pumpEvents(EventDispatchThread.java:109)
2025-10-12 02:48:23,789 [ERROR] LogOutputStream:74 - [STDERR_REDIRECT] 	at java.desktop/java.awt.EventDispatchThread.pumpEvents(EventDispatchThread.java:101)
2025-10-12 02:48:23,790 [ERROR] LogOutputStream:74 - [STDERR_REDIRECT] 	at java.desktop/java.awt.EventDispatchThread.run(EventDispatchThread.java:90)
2025-10-12 02:48:26,025 [INFO] MainUpdater:2671 - connection check result : 10
2025-10-12 02:48:26,026 [INFO] MainUpdater:2671 - connection check result : 10
2025-10-12 02:48:26,052 [INFO] MicroXplorer:448 - Change Database Path : 
2025-10-12 02:48:26,052 [INFO] MicroXplorer:478 - Change Database Version : DB.6.0.30
2025-10-12 02:48:26,052 [WARN] ThirdParty:813 - waiting for thirdparty lock release [close project]
2025-10-12 02:48:26,052 [INFO] ThirdParty:815 - entering critical section [close project]
2025-10-12 02:48:26,052 [INFO] ThirdParty:825 - exiting critical section [close project]
2025-10-12 02:48:26,053 [INFO] PinOutPanel:1463 - setPackage(No Configuration,No Configuration)
2025-10-12 02:48:26,054 [ERROR] LogOutputStream:74 - [STDERR_REDIRECT] Exception in thread "AWT-EventQueue-0" java.lang.IndexOutOfBoundsException: Index -1 out of bounds for length 4
2025-10-12 02:48:26,055 [ERROR] LogOutputStream:74 - [STDERR_REDIRECT] 	at java.base/jdk.internal.util.Preconditions.outOfBounds(Preconditions.java:64)
2025-10-12 02:48:26,056 [ERROR] LogOutputStream:74 - [STDERR_REDIRECT] 	at java.base/jdk.internal.util.Preconditions.outOfBoundsCheckIndex(Preconditions.java:70)
2025-10-12 02:48:26,057 [ERROR] LogOutputStream:74 - [STDERR_REDIRECT] 	at java.base/jdk.internal.util.Preconditions.checkIndex(Preconditions.java:248)
2025-10-12 02:48:26,059 [ERROR] LogOutputStream:74 - [STDERR_REDIRECT] 	at java.base/java.util.Objects.checkIndex(Objects.java:372)
2025-10-12 02:48:26,059 [ERROR] LogOutputStream:74 - [STDERR_REDIRECT] 	at java.base/java.util.ArrayList.get(ArrayList.java:459)
2025-10-12 02:48:26,060 [ERROR] LogOutputStream:74 - [STDERR_REDIRECT] 	at java.desktop/javax.swing.JTabbedPane.getTitleAt(JTabbedPane.java:1121)
2025-10-12 02:48:26,060 [ERROR] LogOutputStream:74 - [STDERR_REDIRECT] 	at com.st.microxplorer.maingui.MainPanel.getSelectedPluginView(MainPanel.java:1624)
2025-10-12 02:48:26,062 [ERROR] LogOutputStream:74 - [STDERR_REDIRECT] 	at com.st.microxplorer.maingui.MainPanel.getCurrentPluginName(MainPanel.java:1763)
2025-10-12 02:48:26,063 [ERROR] LogOutputStream:74 - [STDERR_REDIRECT] 	at com.st.microxplorer.maingui.AppletMainFrameCubeIde.UpdateCaption(AppletMainFrameCubeIde.java:71)
2025-10-12 02:48:26,063 [ERROR] LogOutputStream:74 - [STDERR_REDIRECT] 	at com.st.microxplorer.maingui.MainPanel.resetModified(MainPanel.java:545)
2025-10-12 02:48:26,064 [ERROR] LogOutputStream:74 - [STDERR_REDIRECT] 	at com.st.microxplorer.maingui.MainPanel.propertyChange(MainPanel.java:904)
2025-10-12 02:48:26,064 [ERROR] LogOutputStream:74 - [STDERR_REDIRECT] 	at java.desktop/java.beans.PropertyChangeSupport.fire(PropertyChangeSupport.java:341)
2025-10-12 02:48:26,065 [ERROR] LogOutputStream:74 - [STDERR_REDIRECT] 	at java.desktop/java.beans.PropertyChangeSupport.firePropertyChange(PropertyChangeSupport.java:333)
2025-10-12 02:48:26,066 [ERROR] LogOutputStream:74 - [STDERR_REDIRECT] 	at java.desktop/java.beans.PropertyChangeSupport.firePropertyChange(PropertyChangeSupport.java:266)
2025-10-12 02:48:26,067 [ERROR] LogOutputStream:74 - [STDERR_REDIRECT] 	at com.st.microxplorer.util.MXPropertyChangeSupport.firePropertyChange(MXPropertyChangeSupport.java:50)
2025-10-12 02:48:26,068 [ERROR] LogOutputStream:74 - [STDERR_REDIRECT] 	at com.st.microxplorer.mxsystem.MxSystem.closeConfig(MxSystem.java:657)
2025-10-12 02:48:26,068 [ERROR] LogOutputStream:74 - [STDERR_REDIRECT] 	at com.st.microxplorer.maingui.MainPanel.closeConfig(MainPanel.java:637)
2025-10-12 02:48:26,069 [ERROR] LogOutputStream:74 - [STDERR_REDIRECT] 	at com.st.microxplorer.plugins.filemanager.engine.OpenFileManager.loadConfigurationFile(OpenFileManager.java:238)
2025-10-12 02:48:26,070 [ERROR] LogOutputStream:74 - [STDERR_REDIRECT] 	at com.st.microxplorer.plugins.filemanager.engine.MainFileManager.userLoadConfig(MainFileManager.java:276)
2025-10-12 02:48:26,071 [ERROR] LogOutputStream:74 - [STDERR_REDIRECT] 	at com.st.microxplorer.plugins.filemanager.FileManagerView.getSpecificTask(FileManagerView.java:240)
2025-10-12 02:48:26,072 [ERROR] LogOutputStream:74 - [STDERR_REDIRECT] 	at com.st.stm32cube.common.mx.editor.CubeMxEditor.getMxTabbedPaneInstance(CubeMxEditor.java:1148)
2025-10-12 02:48:26,072 [ERROR] LogOutputStream:74 - [STDERR_REDIRECT] 	at com.st.stm32cube.common.mx.editor.CubeMxEditor$11$1.createSwingComponent(CubeMxEditor.java:1034)
2025-10-12 02:48:26,073 [ERROR] LogOutputStream:74 - [STDERR_REDIRECT] 	at com.st.stm32cube.common.mx.oss.core.awtswtbridge.EmbeddedSwingComposite.doComponentCreation(EmbeddedSwingComposite.java:492)
2025-10-12 02:48:26,074 [ERROR] LogOutputStream:74 - [STDERR_REDIRECT] 	at com.st.stm32cube.common.mx.oss.core.awtswtbridge.EmbeddedSwingComposite$4.run(EmbeddedSwingComposite.java:291)
2025-10-12 02:48:26,075 [ERROR] LogOutputStream:74 - [STDERR_REDIRECT] 	at com.st.stm32cube.common.mx.oss.core.awtswtbridge.AwtEnvironment$2.run(AwtEnvironment.java:166)
2025-10-12 02:48:26,076 [ERROR] LogOutputStream:74 - [STDERR_REDIRECT] 	at java.desktop/java.awt.event.InvocationEvent.dispatch(InvocationEvent.java:313)
2025-10-12 02:48:26,076 [ERROR] LogOutputStream:74 - [STDERR_REDIRECT] 	at java.desktop/java.awt.EventQueue.dispatchEventImpl(EventQueue.java:770)
2025-10-12 02:48:26,077 [ERROR] LogOutputStream:74 - [STDERR_REDIRECT] 	at java.desktop/java.awt.EventQueue$4.run(EventQueue.java:721)
2025-10-12 02:48:26,078 [ERROR] LogOutputStream:74 - [STDERR_REDIRECT] 	at java.desktop/java.awt.EventQueue$4.run(EventQueue.java:715)
2025-10-12 02:48:26,078 [ERROR] LogOutputStream:74 - [STDERR_REDIRECT] 	at java.base/java.security.AccessController.doPrivileged(Native Method)
2025-10-12 02:48:26,079 [ERROR] LogOutputStream:74 - [STDERR_REDIRECT] 	at java.base/java.security.ProtectionDomain$JavaSecurityAccessImpl.doIntersectionPrivilege(ProtectionDomain.java:85)
2025-10-12 02:48:26,080 [ERROR] LogOutputStream:74 - [STDERR_REDIRECT] 	at java.desktop/java.awt.EventQueue.dispatchEvent(EventQueue.java:740)
2025-10-12 02:48:26,081 [ERROR] LogOutputStream:74 - [STDERR_REDIRECT] 	at java.desktop/java.awt.EventDispatchThread.pumpOneEventForFilters(EventDispatchThread.java:203)
2025-10-12 02:48:26,081 [ERROR] LogOutputStream:74 - [STDERR_REDIRECT] 	at java.desktop/java.awt.EventDispatchThread.pumpEventsForFilter(EventDispatchThread.java:124)
2025-10-12 02:48:26,082 [ERROR] LogOutputStream:74 - [STDERR_REDIRECT] 	at java.desktop/java.awt.EventDispatchThread.pumpEventsForFilter(EventDispatchThread.java:117)
2025-10-12 02:48:26,083 [ERROR] LogOutputStream:74 - [STDERR_REDIRECT] 	at java.desktop/java.awt.WaitDispatchSupport$2.run(WaitDispatchSupport.java:190)
2025-10-12 02:48:26,083 [ERROR] LogOutputStream:74 - [STDERR_REDIRECT] 	at java.desktop/java.awt.WaitDispatchSupport$4.run(WaitDispatchSupport.java:235)
2025-10-12 02:48:26,084 [ERROR] LogOutputStream:74 - [STDERR_REDIRECT] 	at java.desktop/java.awt.WaitDispatchSupport$4.run(WaitDispatchSupport.java:233)
2025-10-12 02:48:26,085 [ERROR] LogOutputStream:74 - [STDERR_REDIRECT] 	at java.base/java.security.AccessController.doPrivileged(Native Method)
2025-10-12 02:48:26,086 [ERROR] LogOutputStream:74 - [STDERR_REDIRECT] 	at java.desktop/java.awt.WaitDispatchSupport.enter(WaitDispatchSupport.java:233)
2025-10-12 02:48:26,086 [ERROR] LogOutputStream:74 - [STDERR_REDIRECT] 	at java.desktop/java.awt.Dialog.show(Dialog.java:1070)
2025-10-12 02:48:26,087 [ERROR] LogOutputStream:74 - [STDERR_REDIRECT] 	at java.desktop/javax.swing.JOptionPane.showOptionDialog(JOptionPane.java:874)
2025-10-12 02:48:26,087 [ERROR] LogOutputStream:74 - [STDERR_REDIRECT] 	at java.desktop/javax.swing.JOptionPane.showMessageDialog(JOptionPane.java:670)
2025-10-12 02:48:26,088 [ERROR] LogOutputStream:74 - [STDERR_REDIRECT] 	at java.desktop/javax.swing.JOptionPane.showMessageDialog(JOptionPane.java:641)
2025-10-12 02:48:26,089 [ERROR] LogOutputStream:74 - [STDERR_REDIRECT] 	at com.st.microxplorer.mcufinder.gui.WebUtils.downloadDbFiles(WebUtils.java:851)
2025-10-12 02:48:26,089 [ERROR] LogOutputStream:74 - [STDERR_REDIRECT] 	at com.st.stm32cube.common.mx.targetselector.TargetSelectorAdapter$4.run(TargetSelectorAdapter.java:222)
2025-10-12 02:48:26,090 [ERROR] LogOutputStream:74 - [STDERR_REDIRECT] 	at com.st.stm32cube.common.mx.oss.core.awtswtbridge.AwtEnvironment$2.run(AwtEnvironment.java:166)
2025-10-12 02:48:26,091 [ERROR] LogOutputStream:74 - [STDERR_REDIRECT] 	at java.desktop/java.awt.event.InvocationEvent.dispatch(InvocationEvent.java:313)
2025-10-12 02:48:26,091 [ERROR] LogOutputStream:74 - [STDERR_REDIRECT] 	at java.desktop/java.awt.EventQueue.dispatchEventImpl(EventQueue.java:770)
2025-10-12 02:48:26,092 [ERROR] LogOutputStream:74 - [STDERR_REDIRECT] 	at java.desktop/java.awt.EventQueue$4.run(EventQueue.java:721)
2025-10-12 02:48:26,092 [ERROR] LogOutputStream:74 - [STDERR_REDIRECT] 	at java.desktop/java.awt.EventQueue$4.run(EventQueue.java:715)
2025-10-12 02:48:26,093 [ERROR] LogOutputStream:74 - [STDERR_REDIRECT] 	at java.base/java.security.AccessController.doPrivileged(Native Method)
2025-10-12 02:48:26,094 [ERROR] LogOutputStream:74 - [STDERR_REDIRECT] 	at java.base/java.security.ProtectionDomain$JavaSecurityAccessImpl.doIntersectionPrivilege(ProtectionDomain.java:85)
2025-10-12 02:48:26,094 [ERROR] LogOutputStream:74 - [STDERR_REDIRECT] 	at java.desktop/java.awt.EventQueue.dispatchEvent(EventQueue.java:740)
2025-10-12 02:48:26,095 [ERROR] LogOutputStream:74 - [STDERR_REDIRECT] 	at java.desktop/java.awt.EventDispatchThread.pumpOneEventForFilters(EventDispatchThread.java:203)
2025-10-12 02:48:26,096 [ERROR] LogOutputStream:74 - [STDERR_REDIRECT] 	at java.desktop/java.awt.EventDispatchThread.pumpEventsForFilter(EventDispatchThread.java:124)
2025-10-12 02:48:26,097 [ERROR] LogOutputStream:74 - [STDERR_REDIRECT] 	at java.desktop/java.awt.EventDispatchThread.pumpEventsForHierarchy(EventDispatchThread.java:113)
2025-10-12 02:48:26,098 [ERROR] LogOutputStream:74 - [STDERR_REDIRECT] 	at java.desktop/java.awt.EventDispatchThread.pumpEvents(EventDispatchThread.java:109)
2025-10-12 02:48:26,098 [ERROR] LogOutputStream:74 - [STDERR_REDIRECT] 	at java.desktop/java.awt.EventDispatchThread.pumpEvents(EventDispatchThread.java:101)
2025-10-12 02:48:26,099 [ERROR] LogOutputStream:74 - [STDERR_REDIRECT] 	at java.desktop/java.awt.EventDispatchThread.run(EventDispatchThread.java:90)
2025-10-12 02:48:26,120 [INFO] UtilMem:74 - End SaveConfig() Used Memory: 979695056 Bytes (1073741824)
2025-10-12 02:48:26,140 [ERROR] LogOutputStream:74 - [STDERR_REDIRECT] Exception in thread "AWT-EventQueue-0" java.lang.IndexOutOfBoundsException: Index -1 out of bounds for length 4
2025-10-12 02:48:26,141 [ERROR] LogOutputStream:74 - [STDERR_REDIRECT] 	at java.base/jdk.internal.util.Preconditions.outOfBounds(Preconditions.java:64)
2025-10-12 02:48:26,142 [ERROR] LogOutputStream:74 - [STDERR_REDIRECT] 	at java.base/jdk.internal.util.Preconditions.outOfBoundsCheckIndex(Preconditions.java:70)
2025-10-12 02:48:26,143 [ERROR] LogOutputStream:74 - [STDERR_REDIRECT] 	at java.base/jdk.internal.util.Preconditions.checkIndex(Preconditions.java:248)
2025-10-12 02:48:26,143 [ERROR] LogOutputStream:74 - [STDERR_REDIRECT] 	at java.base/java.util.Objects.checkIndex(Objects.java:372)
2025-10-12 02:48:26,144 [ERROR] LogOutputStream:74 - [STDERR_REDIRECT] 	at java.base/java.util.ArrayList.get(ArrayList.java:459)
2025-10-12 02:48:26,145 [ERROR] LogOutputStream:74 - [STDERR_REDIRECT] 	at java.desktop/javax.swing.JTabbedPane.getTitleAt(JTabbedPane.java:1121)
2025-10-12 02:48:26,145 [ERROR] LogOutputStream:74 - [STDERR_REDIRECT] 	at com.st.microxplorer.maingui.MainPanel.getSelectedPluginView(MainPanel.java:1624)
2025-10-12 02:48:26,147 [ERROR] LogOutputStream:74 - [STDERR_REDIRECT] 	at com.st.microxplorer.maingui.MainPanel.getCurrentPluginName(MainPanel.java:1763)
2025-10-12 02:48:26,147 [ERROR] LogOutputStream:74 - [STDERR_REDIRECT] 	at com.st.microxplorer.maingui.AppletMainFrameCubeIde.UpdateCaption(AppletMainFrameCubeIde.java:71)
2025-10-12 02:48:26,157 [ERROR] LogOutputStream:74 - [STDERR_REDIRECT] 	at com.st.microxplorer.maingui.MainPanel.resetModified(MainPanel.java:545)
2025-10-12 02:48:26,158 [ERROR] LogOutputStream:74 - [STDERR_REDIRECT] 	at com.st.microxplorer.plugins.filemanager.engine.SaveFileManager.saveConfiguration(SaveFileManager.java:129)
2025-10-12 02:48:26,159 [ERROR] LogOutputStream:74 - [STDERR_REDIRECT] 	at com.st.microxplorer.plugins.filemanager.engine.MainFileManager.userSaveConfig(MainFileManager.java:394)
2025-10-12 02:48:26,160 [ERROR] LogOutputStream:74 - [STDERR_REDIRECT] 	at com.st.microxplorer.plugins.filemanager.FileManagerView.getSpecificTask(FileManagerView.java:252)
2025-10-12 02:48:26,161 [ERROR] LogOutputStream:74 - [STDERR_REDIRECT] 	at com.st.stm32cube.common.mx.editor.CubeMxEditor$20.run(CubeMxEditor.java:2156)
2025-10-12 02:48:26,162 [ERROR] LogOutputStream:74 - [STDERR_REDIRECT] 	at com.st.stm32cube.common.mx.oss.core.awtswtbridge.AwtEnvironment$2.run(AwtEnvironment.java:166)
2025-10-12 02:48:26,162 [ERROR] LogOutputStream:74 - [STDERR_REDIRECT] 	at java.desktop/java.awt.event.InvocationEvent.dispatch(InvocationEvent.java:313)
2025-10-12 02:48:26,163 [ERROR] LogOutputStream:74 - [STDERR_REDIRECT] 	at java.desktop/java.awt.EventQueue.dispatchEventImpl(EventQueue.java:770)
2025-10-12 02:48:26,163 [ERROR] LogOutputStream:74 - [STDERR_REDIRECT] 	at java.desktop/java.awt.EventQueue$4.run(EventQueue.java:721)
2025-10-12 02:48:26,164 [ERROR] LogOutputStream:74 - [STDERR_REDIRECT] 	at java.desktop/java.awt.EventQueue$4.run(EventQueue.java:715)
2025-10-12 02:48:26,165 [ERROR] LogOutputStream:74 - [STDERR_REDIRECT] 	at java.base/java.security.AccessController.doPrivileged(Native Method)
2025-10-12 02:48:26,165 [ERROR] LogOutputStream:74 - [STDERR_REDIRECT] 	at java.base/java.security.ProtectionDomain$JavaSecurityAccessImpl.doIntersectionPrivilege(ProtectionDomain.java:85)
2025-10-12 02:48:26,166 [ERROR] LogOutputStream:74 - [STDERR_REDIRECT] 	at java.desktop/java.awt.EventQueue.dispatchEvent(EventQueue.java:740)
2025-10-12 02:48:26,167 [ERROR] LogOutputStream:74 - [STDERR_REDIRECT] 	at java.desktop/java.awt.EventDispatchThread.pumpOneEventForFilters(EventDispatchThread.java:203)
2025-10-12 02:48:26,167 [ERROR] LogOutputStream:74 - [STDERR_REDIRECT] 	at java.desktop/java.awt.EventDispatchThread.pumpEventsForFilter(EventDispatchThread.java:124)
2025-10-12 02:48:26,168 [ERROR] LogOutputStream:74 - [STDERR_REDIRECT] 	at java.desktop/java.awt.EventDispatchThread.pumpEventsForFilter(EventDispatchThread.java:117)
2025-10-12 02:48:26,168 [ERROR] LogOutputStream:74 - [STDERR_REDIRECT] 	at java.desktop/java.awt.WaitDispatchSupport$2.run(WaitDispatchSupport.java:190)
2025-10-12 02:48:26,168 [ERROR] LogOutputStream:74 - [STDERR_REDIRECT] 	at java.desktop/java.awt.WaitDispatchSupport$4.run(WaitDispatchSupport.java:235)
2025-10-12 02:48:26,169 [ERROR] LogOutputStream:74 - [STDERR_REDIRECT] 	at java.desktop/java.awt.WaitDispatchSupport$4.run(WaitDispatchSupport.java:233)
2025-10-12 02:48:26,171 [ERROR] LogOutputStream:74 - [STDERR_REDIRECT] 	at java.base/java.security.AccessController.doPrivileged(Native Method)
2025-10-12 02:48:26,171 [ERROR] LogOutputStream:74 - [STDERR_REDIRECT] 	at java.desktop/java.awt.WaitDispatchSupport.enter(WaitDispatchSupport.java:233)
2025-10-12 02:48:26,171 [ERROR] LogOutputStream:74 - [STDERR_REDIRECT] 	at java.desktop/java.awt.Dialog.show(Dialog.java:1070)
2025-10-12 02:48:26,172 [ERROR] LogOutputStream:74 - [STDERR_REDIRECT] 	at java.desktop/javax.swing.JOptionPane.showOptionDialog(JOptionPane.java:874)
2025-10-12 02:48:26,172 [ERROR] LogOutputStream:74 - [STDERR_REDIRECT] 	at java.desktop/javax.swing.JOptionPane.showMessageDialog(JOptionPane.java:670)
2025-10-12 02:48:26,173 [ERROR] LogOutputStream:74 - [STDERR_REDIRECT] 	at java.desktop/javax.swing.JOptionPane.showMessageDialog(JOptionPane.java:641)
2025-10-12 02:48:26,173 [ERROR] LogOutputStream:74 - [STDERR_REDIRECT] 	at com.st.microxplorer.mcufinder.gui.WebUtils.downloadDbFiles(WebUtils.java:851)
2025-10-12 02:48:26,174 [ERROR] LogOutputStream:74 - [STDERR_REDIRECT] 	at com.st.stm32cube.common.mx.targetselector.TargetSelectorAdapter$4.run(TargetSelectorAdapter.java:222)
2025-10-12 02:48:26,175 [ERROR] LogOutputStream:74 - [STDERR_REDIRECT] 	at com.st.stm32cube.common.mx.oss.core.awtswtbridge.AwtEnvironment$2.run(AwtEnvironment.java:166)
2025-10-12 02:48:26,176 [ERROR] LogOutputStream:74 - [STDERR_REDIRECT] 	at java.desktop/java.awt.event.InvocationEvent.dispatch(InvocationEvent.java:313)
2025-10-12 02:48:26,177 [ERROR] LogOutputStream:74 - [STDERR_REDIRECT] 	at java.desktop/java.awt.EventQueue.dispatchEventImpl(EventQueue.java:770)
2025-10-12 02:48:26,177 [ERROR] LogOutputStream:74 - [STDERR_REDIRECT] 	at java.desktop/java.awt.EventQueue$4.run(EventQueue.java:721)
2025-10-12 02:48:26,177 [ERROR] LogOutputStream:74 - [STDERR_REDIRECT] 	at java.desktop/java.awt.EventQueue$4.run(EventQueue.java:715)
2025-10-12 02:48:26,179 [ERROR] LogOutputStream:74 - [STDERR_REDIRECT] 	at java.base/java.security.AccessController.doPrivileged(Native Method)
2025-10-12 02:48:26,179 [ERROR] LogOutputStream:74 - [STDERR_REDIRECT] 	at java.base/java.security.ProtectionDomain$JavaSecurityAccessImpl.doIntersectionPrivilege(ProtectionDomain.java:85)
2025-10-12 02:48:26,180 [ERROR] LogOutputStream:74 - [STDERR_REDIRECT] 	at java.desktop/java.awt.EventQueue.dispatchEvent(EventQueue.java:740)
2025-10-12 02:48:26,181 [ERROR] LogOutputStream:74 - [STDERR_REDIRECT] 	at java.desktop/java.awt.EventDispatchThread.pumpOneEventForFilters(EventDispatchThread.java:203)
2025-10-12 02:48:26,181 [ERROR] LogOutputStream:74 - [STDERR_REDIRECT] 	at java.desktop/java.awt.EventDispatchThread.pumpEventsForFilter(EventDispatchThread.java:124)
2025-10-12 02:48:26,182 [ERROR] LogOutputStream:74 - [STDERR_REDIRECT] 	at java.desktop/java.awt.EventDispatchThread.pumpEventsForHierarchy(EventDispatchThread.java:113)
2025-10-12 02:48:26,183 [ERROR] LogOutputStream:74 - [STDERR_REDIRECT] 	at java.desktop/java.awt.EventDispatchThread.pumpEvents(EventDispatchThread.java:109)
2025-10-12 02:48:26,183 [ERROR] LogOutputStream:74 - [STDERR_REDIRECT] 	at java.desktop/java.awt.EventDispatchThread.pumpEvents(EventDispatchThread.java:101)
2025-10-12 02:48:26,184 [ERROR] LogOutputStream:74 - [STDERR_REDIRECT] 	at java.desktop/java.awt.EventDispatchThread.run(EventDispatchThread.java:90)
2025-10-12 02:48:26,646 [ERROR] LogOutputStream:74 - [STDERR_REDIRECT] Exception in thread "AWT-EventQueue-0" java.lang.IndexOutOfBoundsException: Index -1 out of bounds for length 4
2025-10-12 02:48:26,647 [ERROR] LogOutputStream:74 - [STDERR_REDIRECT] 	at java.base/jdk.internal.util.Preconditions.outOfBounds(Preconditions.java:64)
2025-10-12 02:48:26,647 [ERROR] LogOutputStream:74 - [STDERR_REDIRECT] 	at java.base/jdk.internal.util.Preconditions.outOfBoundsCheckIndex(Preconditions.java:70)
2025-10-12 02:48:26,648 [ERROR] LogOutputStream:74 - [STDERR_REDIRECT] 	at java.base/jdk.internal.util.Preconditions.checkIndex(Preconditions.java:248)
2025-10-12 02:48:26,649 [ERROR] LogOutputStream:74 - [STDERR_REDIRECT] 	at java.base/java.util.Objects.checkIndex(Objects.java:372)
2025-10-12 02:48:26,650 [ERROR] LogOutputStream:74 - [STDERR_REDIRECT] 	at java.base/java.util.ArrayList.get(ArrayList.java:459)
2025-10-12 02:48:26,650 [ERROR] LogOutputStream:74 - [STDERR_REDIRECT] 	at java.desktop/javax.swing.JTabbedPane.getTitleAt(JTabbedPane.java:1121)
2025-10-12 02:48:26,651 [ERROR] LogOutputStream:74 - [STDERR_REDIRECT] 	at com.st.microxplorer.maingui.MainPanel.getSelectedPluginView(MainPanel.java:1624)
2025-10-12 02:48:26,652 [ERROR] LogOutputStream:74 - [STDERR_REDIRECT] 	at com.st.microxplorer.maingui.MainPanel.getCurrentPluginName(MainPanel.java:1763)
2025-10-12 02:48:26,652 [ERROR] LogOutputStream:74 - [STDERR_REDIRECT] 	at com.st.microxplorer.maingui.AppletMainFrameCubeIde.UpdateCaption(AppletMainFrameCubeIde.java:71)
2025-10-12 02:48:26,653 [ERROR] LogOutputStream:74 - [STDERR_REDIRECT] 	at com.st.microxplorer.maingui.MainPanel.resetModified(MainPanel.java:545)
2025-10-12 02:48:26,654 [ERROR] LogOutputStream:74 - [STDERR_REDIRECT] 	at com.st.stm32cube.common.mx.editor.CubeMxEditor$19.run(CubeMxEditor.java:1818)
2025-10-12 02:48:26,655 [ERROR] LogOutputStream:74 - [STDERR_REDIRECT] 	at com.st.stm32cube.common.mx.oss.core.awtswtbridge.AwtEnvironment$2.run(AwtEnvironment.java:166)
2025-10-12 02:48:26,655 [ERROR] LogOutputStream:74 - [STDERR_REDIRECT] 	at java.desktop/java.awt.event.InvocationEvent.dispatch(InvocationEvent.java:313)
2025-10-12 02:48:26,656 [ERROR] LogOutputStream:74 - [STDERR_REDIRECT] 	at java.desktop/java.awt.EventQueue.dispatchEventImpl(EventQueue.java:770)
2025-10-12 02:48:26,657 [ERROR] LogOutputStream:74 - [STDERR_REDIRECT] 	at java.desktop/java.awt.EventQueue$4.run(EventQueue.java:721)
2025-10-12 02:48:26,657 [ERROR] LogOutputStream:74 - [STDERR_REDIRECT] 	at java.desktop/java.awt.EventQueue$4.run(EventQueue.java:715)
2025-10-12 02:48:26,658 [ERROR] LogOutputStream:74 - [STDERR_REDIRECT] 	at java.base/java.security.AccessController.doPrivileged(Native Method)
2025-10-12 02:48:26,660 [ERROR] LogOutputStream:74 - [STDERR_REDIRECT] 	at java.base/java.security.ProtectionDomain$JavaSecurityAccessImpl.doIntersectionPrivilege(ProtectionDomain.java:85)
2025-10-12 02:48:26,661 [ERROR] LogOutputStream:74 - [STDERR_REDIRECT] 	at java.desktop/java.awt.EventQueue.dispatchEvent(EventQueue.java:740)
2025-10-12 02:48:26,662 [ERROR] LogOutputStream:74 - [STDERR_REDIRECT] 	at java.desktop/java.awt.EventDispatchThread.pumpOneEventForFilters(EventDispatchThread.java:203)
2025-10-12 02:48:26,662 [ERROR] LogOutputStream:74 - [STDERR_REDIRECT] 	at java.desktop/java.awt.EventDispatchThread.pumpEventsForFilter(EventDispatchThread.java:124)
2025-10-12 02:48:26,663 [ERROR] LogOutputStream:74 - [STDERR_REDIRECT] 	at java.desktop/java.awt.EventDispatchThread.pumpEventsForFilter(EventDispatchThread.java:117)
2025-10-12 02:48:26,664 [ERROR] LogOutputStream:74 - [STDERR_REDIRECT] 	at java.desktop/java.awt.WaitDispatchSupport$2.run(WaitDispatchSupport.java:190)
2025-10-12 02:48:26,664 [ERROR] LogOutputStream:74 - [STDERR_REDIRECT] 	at java.desktop/java.awt.WaitDispatchSupport$4.run(WaitDispatchSupport.java:235)
2025-10-12 02:48:26,666 [ERROR] LogOutputStream:74 - [STDERR_REDIRECT] 	at java.desktop/java.awt.WaitDispatchSupport$4.run(WaitDispatchSupport.java:233)
2025-10-12 02:48:26,666 [ERROR] LogOutputStream:74 - [STDERR_REDIRECT] 	at java.base/java.security.AccessController.doPrivileged(Native Method)
2025-10-12 02:48:26,667 [ERROR] LogOutputStream:74 - [STDERR_REDIRECT] 	at java.desktop/java.awt.WaitDispatchSupport.enter(WaitDispatchSupport.java:233)
2025-10-12 02:48:26,667 [ERROR] LogOutputStream:74 - [STDERR_REDIRECT] 	at java.desktop/java.awt.Dialog.show(Dialog.java:1070)
2025-10-12 02:48:26,668 [ERROR] LogOutputStream:74 - [STDERR_REDIRECT] 	at java.desktop/javax.swing.JOptionPane.showOptionDialog(JOptionPane.java:874)
2025-10-12 02:48:26,669 [ERROR] LogOutputStream:74 - [STDERR_REDIRECT] 	at java.desktop/javax.swing.JOptionPane.showMessageDialog(JOptionPane.java:670)
2025-10-12 02:48:26,669 [ERROR] LogOutputStream:74 - [STDERR_REDIRECT] 	at java.desktop/javax.swing.JOptionPane.showMessageDialog(JOptionPane.java:641)
2025-10-12 02:48:26,670 [ERROR] LogOutputStream:74 - [STDERR_REDIRECT] 	at com.st.microxplorer.mcufinder.gui.WebUtils.downloadDbFiles(WebUtils.java:851)
2025-10-12 02:48:26,671 [ERROR] LogOutputStream:74 - [STDERR_REDIRECT] 	at com.st.stm32cube.common.mx.targetselector.TargetSelectorAdapter$4.run(TargetSelectorAdapter.java:222)
2025-10-12 02:48:26,672 [ERROR] LogOutputStream:74 - [STDERR_REDIRECT] 	at com.st.stm32cube.common.mx.oss.core.awtswtbridge.AwtEnvironment$2.run(AwtEnvironment.java:166)
2025-10-12 02:48:26,672 [ERROR] LogOutputStream:74 - [STDERR_REDIRECT] 	at java.desktop/java.awt.event.InvocationEvent.dispatch(InvocationEvent.java:313)
2025-10-12 02:48:26,673 [ERROR] LogOutputStream:74 - [STDERR_REDIRECT] 	at java.desktop/java.awt.EventQueue.dispatchEventImpl(EventQueue.java:770)
2025-10-12 02:48:26,673 [ERROR] LogOutputStream:74 - [STDERR_REDIRECT] 	at java.desktop/java.awt.EventQueue$4.run(EventQueue.java:721)
2025-10-12 02:48:26,674 [ERROR] LogOutputStream:74 - [STDERR_REDIRECT] 	at java.desktop/java.awt.EventQueue$4.run(EventQueue.java:715)
2025-10-12 02:48:26,674 [ERROR] LogOutputStream:74 - [STDERR_REDIRECT] 	at java.base/java.security.AccessController.doPrivileged(Native Method)
2025-10-12 02:48:26,675 [ERROR] LogOutputStream:74 - [STDERR_REDIRECT] 	at java.base/java.security.ProtectionDomain$JavaSecurityAccessImpl.doIntersectionPrivilege(ProtectionDomain.java:85)
2025-10-12 02:48:26,676 [ERROR] LogOutputStream:74 - [STDERR_REDIRECT] 	at java.desktop/java.awt.EventQueue.dispatchEvent(EventQueue.java:740)
2025-10-12 02:48:26,677 [ERROR] LogOutputStream:74 - [STDERR_REDIRECT] 	at java.desktop/java.awt.EventDispatchThread.pumpOneEventForFilters(EventDispatchThread.java:203)
2025-10-12 02:48:26,678 [ERROR] LogOutputStream:74 - [STDERR_REDIRECT] 	at java.desktop/java.awt.EventDispatchThread.pumpEventsForFilter(EventDispatchThread.java:124)
2025-10-12 02:48:26,679 [ERROR] LogOutputStream:74 - [STDERR_REDIRECT] 	at java.desktop/java.awt.EventDispatchThread.pumpEventsForHierarchy(EventDispatchThread.java:113)
2025-10-12 02:48:26,679 [ERROR] LogOutputStream:74 - [STDERR_REDIRECT] 	at java.desktop/java.awt.EventDispatchThread.pumpEvents(EventDispatchThread.java:109)
2025-10-12 02:48:26,680 [ERROR] LogOutputStream:74 - [STDERR_REDIRECT] 	at java.desktop/java.awt.EventDispatchThread.pumpEvents(EventDispatchThread.java:101)
2025-10-12 02:48:26,681 [ERROR] LogOutputStream:74 - [STDERR_REDIRECT] 	at java.desktop/java.awt.EventDispatchThread.run(EventDispatchThread.java:90)
2025-10-12 02:48:28,213 [INFO] MainUpdater:2671 - connection check result : 10
2025-10-12 02:48:28,214 [INFO] MainUpdater:2671 - connection check result : 10
2025-10-12 02:48:28,260 [INFO] MicroXplorer:448 - Change Database Path : 
2025-10-12 02:48:28,260 [INFO] MicroXplorer:478 - Change Database Version : DB.6.0.30
2025-10-12 02:48:28,260 [WARN] ThirdParty:813 - waiting for thirdparty lock release [close project]
2025-10-12 02:48:28,261 [INFO] ThirdParty:815 - entering critical section [close project]
2025-10-12 02:48:28,261 [INFO] ThirdParty:825 - exiting critical section [close project]
2025-10-12 02:48:28,261 [INFO] PinOutPanel:1463 - setPackage(No Configuration,No Configuration)
2025-10-12 02:48:28,264 [ERROR] LogOutputStream:74 - [STDERR_REDIRECT] Exception in thread "AWT-EventQueue-0" java.lang.IndexOutOfBoundsException: Index -1 out of bounds for length 4
2025-10-12 02:48:28,265 [ERROR] LogOutputStream:74 - [STDERR_REDIRECT] 	at java.base/jdk.internal.util.Preconditions.outOfBounds(Preconditions.java:64)
2025-10-12 02:48:28,265 [ERROR] LogOutputStream:74 - [STDERR_REDIRECT] 	at java.base/jdk.internal.util.Preconditions.outOfBoundsCheckIndex(Preconditions.java:70)
2025-10-12 02:48:28,266 [ERROR] LogOutputStream:74 - [STDERR_REDIRECT] 	at java.base/jdk.internal.util.Preconditions.checkIndex(Preconditions.java:248)
2025-10-12 02:48:28,267 [ERROR] LogOutputStream:74 - [STDERR_REDIRECT] 	at java.base/java.util.Objects.checkIndex(Objects.java:372)
2025-10-12 02:48:28,267 [ERROR] LogOutputStream:74 - [STDERR_REDIRECT] 	at java.base/java.util.ArrayList.get(ArrayList.java:459)
2025-10-12 02:48:28,268 [ERROR] LogOutputStream:74 - [STDERR_REDIRECT] 	at java.desktop/javax.swing.JTabbedPane.getTitleAt(JTabbedPane.java:1121)
2025-10-12 02:48:28,268 [ERROR] LogOutputStream:74 - [STDERR_REDIRECT] 	at com.st.microxplorer.maingui.MainPanel.getSelectedPluginView(MainPanel.java:1624)
2025-10-12 02:48:28,269 [ERROR] LogOutputStream:74 - [STDERR_REDIRECT] 	at com.st.microxplorer.maingui.MainPanel.getCurrentPluginName(MainPanel.java:1763)
2025-10-12 02:48:28,270 [ERROR] LogOutputStream:74 - [STDERR_REDIRECT] 	at com.st.microxplorer.maingui.AppletMainFrameCubeIde.UpdateCaption(AppletMainFrameCubeIde.java:71)
2025-10-12 02:48:28,270 [ERROR] LogOutputStream:74 - [STDERR_REDIRECT] 	at com.st.microxplorer.maingui.MainPanel.resetModified(MainPanel.java:545)
2025-10-12 02:48:28,272 [ERROR] LogOutputStream:74 - [STDERR_REDIRECT] 	at com.st.microxplorer.maingui.MainPanel.propertyChange(MainPanel.java:904)
2025-10-12 02:48:28,272 [ERROR] LogOutputStream:74 - [STDERR_REDIRECT] 	at java.desktop/java.beans.PropertyChangeSupport.fire(PropertyChangeSupport.java:341)
2025-10-12 02:48:28,273 [ERROR] LogOutputStream:74 - [STDERR_REDIRECT] 	at java.desktop/java.beans.PropertyChangeSupport.firePropertyChange(PropertyChangeSupport.java:333)
2025-10-12 02:48:28,273 [ERROR] LogOutputStream:74 - [STDERR_REDIRECT] 	at java.desktop/java.beans.PropertyChangeSupport.firePropertyChange(PropertyChangeSupport.java:266)
2025-10-12 02:48:28,275 [ERROR] LogOutputStream:74 - [STDERR_REDIRECT] 	at com.st.microxplorer.util.MXPropertyChangeSupport.firePropertyChange(MXPropertyChangeSupport.java:50)
2025-10-12 02:48:28,276 [ERROR] LogOutputStream:74 - [STDERR_REDIRECT] 	at com.st.microxplorer.mxsystem.MxSystem.closeConfig(MxSystem.java:657)
2025-10-12 02:48:28,278 [ERROR] LogOutputStream:74 - [STDERR_REDIRECT] 	at com.st.microxplorer.maingui.MainPanel.closeConfig(MainPanel.java:637)
2025-10-12 02:48:28,279 [ERROR] LogOutputStream:74 - [STDERR_REDIRECT] 	at com.st.microxplorer.plugins.filemanager.engine.OpenFileManager.loadConfigurationFile(OpenFileManager.java:238)
2025-10-12 02:48:28,280 [ERROR] LogOutputStream:74 - [STDERR_REDIRECT] 	at com.st.microxplorer.plugins.filemanager.engine.MainFileManager.userLoadConfig(MainFileManager.java:276)
2025-10-12 02:48:28,281 [ERROR] LogOutputStream:74 - [STDERR_REDIRECT] 	at com.st.microxplorer.plugins.filemanager.FileManagerView.getSpecificTask(FileManagerView.java:240)
2025-10-12 02:48:28,281 [ERROR] LogOutputStream:74 - [STDERR_REDIRECT] 	at com.st.stm32cube.common.mx.editor.CubeMxEditor.getMxTabbedPaneInstance(CubeMxEditor.java:1148)
2025-10-12 02:48:28,282 [ERROR] LogOutputStream:74 - [STDERR_REDIRECT] 	at com.st.stm32cube.common.mx.editor.CubeMxEditor$11$1.createSwingComponent(CubeMxEditor.java:1034)
2025-10-12 02:48:28,283 [ERROR] LogOutputStream:74 - [STDERR_REDIRECT] 	at com.st.stm32cube.common.mx.oss.core.awtswtbridge.EmbeddedSwingComposite.doComponentCreation(EmbeddedSwingComposite.java:492)
2025-10-12 02:48:28,285 [ERROR] LogOutputStream:74 - [STDERR_REDIRECT] 	at com.st.stm32cube.common.mx.oss.core.awtswtbridge.EmbeddedSwingComposite$4.run(EmbeddedSwingComposite.java:291)
2025-10-12 02:48:28,286 [ERROR] LogOutputStream:74 - [STDERR_REDIRECT] 	at com.st.stm32cube.common.mx.oss.core.awtswtbridge.AwtEnvironment$2.run(AwtEnvironment.java:166)
2025-10-12 02:48:28,287 [ERROR] LogOutputStream:74 - [STDERR_REDIRECT] 	at java.desktop/java.awt.event.InvocationEvent.dispatch(InvocationEvent.java:313)
2025-10-12 02:48:28,287 [ERROR] LogOutputStream:74 - [STDERR_REDIRECT] 	at java.desktop/java.awt.EventQueue.dispatchEventImpl(EventQueue.java:770)
2025-10-12 02:48:28,288 [ERROR] LogOutputStream:74 - [STDERR_REDIRECT] 	at java.desktop/java.awt.EventQueue$4.run(EventQueue.java:721)
2025-10-12 02:48:28,288 [ERROR] LogOutputStream:74 - [STDERR_REDIRECT] 	at java.desktop/java.awt.EventQueue$4.run(EventQueue.java:715)
2025-10-12 02:48:28,289 [ERROR] LogOutputStream:74 - [STDERR_REDIRECT] 	at java.base/java.security.AccessController.doPrivileged(Native Method)
2025-10-12 02:48:28,290 [ERROR] LogOutputStream:74 - [STDERR_REDIRECT] 	at java.base/java.security.ProtectionDomain$JavaSecurityAccessImpl.doIntersectionPrivilege(ProtectionDomain.java:85)
2025-10-12 02:48:28,290 [ERROR] LogOutputStream:74 - [STDERR_REDIRECT] 	at java.desktop/java.awt.EventQueue.dispatchEvent(EventQueue.java:740)
2025-10-12 02:48:28,291 [ERROR] LogOutputStream:74 - [STDERR_REDIRECT] 	at java.desktop/java.awt.EventDispatchThread.pumpOneEventForFilters(EventDispatchThread.java:203)
2025-10-12 02:48:28,293 [ERROR] LogOutputStream:74 - [STDERR_REDIRECT] 	at java.desktop/java.awt.EventDispatchThread.pumpEventsForFilter(EventDispatchThread.java:124)
2025-10-12 02:48:28,294 [ERROR] LogOutputStream:74 - [STDERR_REDIRECT] 	at java.desktop/java.awt.EventDispatchThread.pumpEventsForFilter(EventDispatchThread.java:117)
2025-10-12 02:48:28,296 [ERROR] LogOutputStream:74 - [STDERR_REDIRECT] 	at java.desktop/java.awt.WaitDispatchSupport$2.run(WaitDispatchSupport.java:190)
2025-10-12 02:48:28,297 [ERROR] LogOutputStream:74 - [STDERR_REDIRECT] 	at java.desktop/java.awt.WaitDispatchSupport$4.run(WaitDispatchSupport.java:235)
2025-10-12 02:48:28,299 [ERROR] LogOutputStream:74 - [STDERR_REDIRECT] 	at java.desktop/java.awt.WaitDispatchSupport$4.run(WaitDispatchSupport.java:233)
2025-10-12 02:48:28,300 [ERROR] LogOutputStream:74 - [STDERR_REDIRECT] 	at java.base/java.security.AccessController.doPrivileged(Native Method)
2025-10-12 02:48:28,301 [ERROR] LogOutputStream:74 - [STDERR_REDIRECT] 	at java.desktop/java.awt.WaitDispatchSupport.enter(WaitDispatchSupport.java:233)
2025-10-12 02:48:28,301 [ERROR] LogOutputStream:74 - [STDERR_REDIRECT] 	at java.desktop/java.awt.Dialog.show(Dialog.java:1070)
2025-10-12 02:48:28,302 [ERROR] LogOutputStream:74 - [STDERR_REDIRECT] 	at java.desktop/javax.swing.JOptionPane.showOptionDialog(JOptionPane.java:874)
2025-10-12 02:48:28,302 [ERROR] LogOutputStream:74 - [STDERR_REDIRECT] 	at java.desktop/javax.swing.JOptionPane.showMessageDialog(JOptionPane.java:670)
2025-10-12 02:48:28,302 [ERROR] LogOutputStream:74 - [STDERR_REDIRECT] 	at java.desktop/javax.swing.JOptionPane.showMessageDialog(JOptionPane.java:641)
2025-10-12 02:48:28,303 [ERROR] LogOutputStream:74 - [STDERR_REDIRECT] 	at com.st.microxplorer.mcufinder.gui.WebUtils.downloadDbFiles(WebUtils.java:851)
2025-10-12 02:48:28,304 [ERROR] LogOutputStream:74 - [STDERR_REDIRECT] 	at com.st.stm32cube.common.mx.targetselector.TargetSelectorAdapter$4.run(TargetSelectorAdapter.java:222)
2025-10-12 02:48:28,305 [ERROR] LogOutputStream:74 - [STDERR_REDIRECT] 	at com.st.stm32cube.common.mx.oss.core.awtswtbridge.AwtEnvironment$2.run(AwtEnvironment.java:166)
2025-10-12 02:48:28,306 [ERROR] LogOutputStream:74 - [STDERR_REDIRECT] 	at java.desktop/java.awt.event.InvocationEvent.dispatch(InvocationEvent.java:313)
2025-10-12 02:48:28,306 [ERROR] LogOutputStream:74 - [STDERR_REDIRECT] 	at java.desktop/java.awt.EventQueue.dispatchEventImpl(EventQueue.java:770)
2025-10-12 02:48:28,307 [ERROR] LogOutputStream:74 - [STDERR_REDIRECT] 	at java.desktop/java.awt.EventQueue$4.run(EventQueue.java:721)
2025-10-12 02:48:28,308 [ERROR] LogOutputStream:74 - [STDERR_REDIRECT] 	at java.desktop/java.awt.EventQueue$4.run(EventQueue.java:715)
2025-10-12 02:48:28,309 [ERROR] LogOutputStream:74 - [STDERR_REDIRECT] 	at java.base/java.security.AccessController.doPrivileged(Native Method)
2025-10-12 02:48:28,311 [ERROR] LogOutputStream:74 - [STDERR_REDIRECT] 	at java.base/java.security.ProtectionDomain$JavaSecurityAccessImpl.doIntersectionPrivilege(ProtectionDomain.java:85)
2025-10-12 02:48:28,312 [ERROR] LogOutputStream:74 - [STDERR_REDIRECT] 	at java.desktop/java.awt.EventQueue.dispatchEvent(EventQueue.java:740)
2025-10-12 02:48:28,313 [ERROR] LogOutputStream:74 - [STDERR_REDIRECT] 	at java.desktop/java.awt.EventDispatchThread.pumpOneEventForFilters(EventDispatchThread.java:203)
2025-10-12 02:48:28,313 [ERROR] LogOutputStream:74 - [STDERR_REDIRECT] 	at java.desktop/java.awt.EventDispatchThread.pumpEventsForFilter(EventDispatchThread.java:124)
2025-10-12 02:48:28,314 [ERROR] LogOutputStream:74 - [STDERR_REDIRECT] 	at java.desktop/java.awt.EventDispatchThread.pumpEventsForHierarchy(EventDispatchThread.java:113)
2025-10-12 02:48:28,315 [ERROR] LogOutputStream:74 - [STDERR_REDIRECT] 	at java.desktop/java.awt.EventDispatchThread.pumpEvents(EventDispatchThread.java:109)
2025-10-12 02:48:28,315 [ERROR] LogOutputStream:74 - [STDERR_REDIRECT] 	at java.desktop/java.awt.EventDispatchThread.pumpEvents(EventDispatchThread.java:101)
2025-10-12 02:48:28,316 [ERROR] LogOutputStream:74 - [STDERR_REDIRECT] 	at java.desktop/java.awt.EventDispatchThread.run(EventDispatchThread.java:90)
2025-10-12 02:48:28,337 [INFO] UtilMem:74 - End SaveConfig() Used Memory: 961488056 Bytes (1073741824)
2025-10-12 02:48:28,357 [ERROR] LogOutputStream:74 - [STDERR_REDIRECT] Exception in thread "AWT-EventQueue-0" java.lang.IndexOutOfBoundsException: Index -1 out of bounds for length 4
2025-10-12 02:48:28,359 [ERROR] LogOutputStream:74 - [STDERR_REDIRECT] 	at java.base/jdk.internal.util.Preconditions.outOfBounds(Preconditions.java:64)
2025-10-12 02:48:28,361 [ERROR] LogOutputStream:74 - [STDERR_REDIRECT] 	at java.base/jdk.internal.util.Preconditions.outOfBoundsCheckIndex(Preconditions.java:70)
2025-10-12 02:48:28,362 [ERROR] LogOutputStream:74 - [STDERR_REDIRECT] 	at java.base/jdk.internal.util.Preconditions.checkIndex(Preconditions.java:248)
2025-10-12 02:48:28,362 [ERROR] LogOutputStream:74 - [STDERR_REDIRECT] 	at java.base/java.util.Objects.checkIndex(Objects.java:372)
2025-10-12 02:48:28,363 [ERROR] LogOutputStream:74 - [STDERR_REDIRECT] 	at java.base/java.util.ArrayList.get(ArrayList.java:459)
2025-10-12 02:48:28,363 [ERROR] LogOutputStream:74 - [STDERR_REDIRECT] 	at java.desktop/javax.swing.JTabbedPane.getTitleAt(JTabbedPane.java:1121)
2025-10-12 02:48:28,364 [ERROR] LogOutputStream:74 - [STDERR_REDIRECT] 	at com.st.microxplorer.maingui.MainPanel.getSelectedPluginView(MainPanel.java:1624)
2025-10-12 02:48:28,375 [ERROR] LogOutputStream:74 - [STDERR_REDIRECT] 	at com.st.microxplorer.maingui.MainPanel.getCurrentPluginName(MainPanel.java:1763)
2025-10-12 02:48:28,376 [ERROR] LogOutputStream:74 - [STDERR_REDIRECT] 	at com.st.microxplorer.maingui.AppletMainFrameCubeIde.UpdateCaption(AppletMainFrameCubeIde.java:71)
2025-10-12 02:48:28,376 [ERROR] LogOutputStream:74 - [STDERR_REDIRECT] 	at com.st.microxplorer.maingui.MainPanel.resetModified(MainPanel.java:545)
2025-10-12 02:48:28,377 [ERROR] LogOutputStream:74 - [STDERR_REDIRECT] 	at com.st.microxplorer.plugins.filemanager.engine.SaveFileManager.saveConfiguration(SaveFileManager.java:129)
2025-10-12 02:48:28,378 [ERROR] LogOutputStream:74 - [STDERR_REDIRECT] 	at com.st.microxplorer.plugins.filemanager.engine.MainFileManager.userSaveConfig(MainFileManager.java:394)
2025-10-12 02:48:28,379 [ERROR] LogOutputStream:74 - [STDERR_REDIRECT] 	at com.st.microxplorer.plugins.filemanager.FileManagerView.getSpecificTask(FileManagerView.java:252)
2025-10-12 02:48:28,380 [ERROR] LogOutputStream:74 - [STDERR_REDIRECT] 	at com.st.stm32cube.common.mx.editor.CubeMxEditor$20.run(CubeMxEditor.java:2156)
2025-10-12 02:48:28,380 [ERROR] LogOutputStream:74 - [STDERR_REDIRECT] 	at com.st.stm32cube.common.mx.oss.core.awtswtbridge.AwtEnvironment$2.run(AwtEnvironment.java:166)
2025-10-12 02:48:28,381 [ERROR] LogOutputStream:74 - [STDERR_REDIRECT] 	at java.desktop/java.awt.event.InvocationEvent.dispatch(InvocationEvent.java:313)
2025-10-12 02:48:28,382 [ERROR] LogOutputStream:74 - [STDERR_REDIRECT] 	at java.desktop/java.awt.EventQueue.dispatchEventImpl(EventQueue.java:770)
2025-10-12 02:48:28,382 [ERROR] LogOutputStream:74 - [STDERR_REDIRECT] 	at java.desktop/java.awt.EventQueue$4.run(EventQueue.java:721)
2025-10-12 02:48:28,383 [ERROR] LogOutputStream:74 - [STDERR_REDIRECT] 	at java.desktop/java.awt.EventQueue$4.run(EventQueue.java:715)
2025-10-12 02:48:28,384 [ERROR] LogOutputStream:74 - [STDERR_REDIRECT] 	at java.base/java.security.AccessController.doPrivileged(Native Method)
2025-10-12 02:48:28,385 [ERROR] LogOutputStream:74 - [STDERR_REDIRECT] 	at java.base/java.security.ProtectionDomain$JavaSecurityAccessImpl.doIntersectionPrivilege(ProtectionDomain.java:85)
2025-10-12 02:48:28,385 [ERROR] LogOutputStream:74 - [STDERR_REDIRECT] 	at java.desktop/java.awt.EventQueue.dispatchEvent(EventQueue.java:740)
2025-10-12 02:48:28,386 [ERROR] LogOutputStream:74 - [STDERR_REDIRECT] 	at java.desktop/java.awt.EventDispatchThread.pumpOneEventForFilters(EventDispatchThread.java:203)
2025-10-12 02:48:28,387 [ERROR] LogOutputStream:74 - [STDERR_REDIRECT] 	at java.desktop/java.awt.EventDispatchThread.pumpEventsForFilter(EventDispatchThread.java:124)
2025-10-12 02:48:28,387 [ERROR] LogOutputStream:74 - [STDERR_REDIRECT] 	at java.desktop/java.awt.EventDispatchThread.pumpEventsForFilter(EventDispatchThread.java:117)
2025-10-12 02:48:28,388 [ERROR] LogOutputStream:74 - [STDERR_REDIRECT] 	at java.desktop/java.awt.WaitDispatchSupport$2.run(WaitDispatchSupport.java:190)
2025-10-12 02:48:28,389 [ERROR] LogOutputStream:74 - [STDERR_REDIRECT] 	at java.desktop/java.awt.WaitDispatchSupport$4.run(WaitDispatchSupport.java:235)
2025-10-12 02:48:28,389 [ERROR] LogOutputStream:74 - [STDERR_REDIRECT] 	at java.desktop/java.awt.WaitDispatchSupport$4.run(WaitDispatchSupport.java:233)
2025-10-12 02:48:28,390 [ERROR] LogOutputStream:74 - [STDERR_REDIRECT] 	at java.base/java.security.AccessController.doPrivileged(Native Method)
2025-10-12 02:48:28,391 [ERROR] LogOutputStream:74 - [STDERR_REDIRECT] 	at java.desktop/java.awt.WaitDispatchSupport.enter(WaitDispatchSupport.java:233)
2025-10-12 02:48:28,391 [ERROR] LogOutputStream:74 - [STDERR_REDIRECT] 	at java.desktop/java.awt.Dialog.show(Dialog.java:1070)
2025-10-12 02:48:28,392 [ERROR] LogOutputStream:74 - [STDERR_REDIRECT] 	at java.desktop/javax.swing.JOptionPane.showOptionDialog(JOptionPane.java:874)
2025-10-12 02:48:28,393 [ERROR] LogOutputStream:74 - [STDERR_REDIRECT] 	at java.desktop/javax.swing.JOptionPane.showMessageDialog(JOptionPane.java:670)
2025-10-12 02:48:28,393 [ERROR] LogOutputStream:74 - [STDERR_REDIRECT] 	at java.desktop/javax.swing.JOptionPane.showMessageDialog(JOptionPane.java:641)
2025-10-12 02:48:28,394 [ERROR] LogOutputStream:74 - [STDERR_REDIRECT] 	at com.st.microxplorer.mcufinder.gui.WebUtils.downloadDbFiles(WebUtils.java:851)
2025-10-12 02:48:28,395 [ERROR] LogOutputStream:74 - [STDERR_REDIRECT] 	at com.st.stm32cube.common.mx.targetselector.TargetSelectorAdapter$4.run(TargetSelectorAdapter.java:222)
2025-10-12 02:48:28,396 [ERROR] LogOutputStream:74 - [STDERR_REDIRECT] 	at com.st.stm32cube.common.mx.oss.core.awtswtbridge.AwtEnvironment$2.run(AwtEnvironment.java:166)
2025-10-12 02:48:28,396 [ERROR] LogOutputStream:74 - [STDERR_REDIRECT] 	at java.desktop/java.awt.event.InvocationEvent.dispatch(InvocationEvent.java:313)
2025-10-12 02:48:28,397 [ERROR] LogOutputStream:74 - [STDERR_REDIRECT] 	at java.desktop/java.awt.EventQueue.dispatchEventImpl(EventQueue.java:770)
2025-10-12 02:48:28,397 [ERROR] LogOutputStream:74 - [STDERR_REDIRECT] 	at java.desktop/java.awt.EventQueue$4.run(EventQueue.java:721)
2025-10-12 02:48:28,398 [ERROR] LogOutputStream:74 - [STDERR_REDIRECT] 	at java.desktop/java.awt.EventQueue$4.run(EventQueue.java:715)
2025-10-12 02:48:28,398 [ERROR] LogOutputStream:74 - [STDERR_REDIRECT] 	at java.base/java.security.AccessController.doPrivileged(Native Method)
2025-10-12 02:48:28,399 [ERROR] LogOutputStream:74 - [STDERR_REDIRECT] 	at java.base/java.security.ProtectionDomain$JavaSecurityAccessImpl.doIntersectionPrivilege(ProtectionDomain.java:85)
2025-10-12 02:48:28,400 [ERROR] LogOutputStream:74 - [STDERR_REDIRECT] 	at java.desktop/java.awt.EventQueue.dispatchEvent(EventQueue.java:740)
2025-10-12 02:48:28,400 [ERROR] LogOutputStream:74 - [STDERR_REDIRECT] 	at java.desktop/java.awt.EventDispatchThread.pumpOneEventForFilters(EventDispatchThread.java:203)
2025-10-12 02:48:28,401 [ERROR] LogOutputStream:74 - [STDERR_REDIRECT] 	at java.desktop/java.awt.EventDispatchThread.pumpEventsForFilter(EventDispatchThread.java:124)
2025-10-12 02:48:28,402 [ERROR] LogOutputStream:74 - [STDERR_REDIRECT] 	at java.desktop/java.awt.EventDispatchThread.pumpEventsForHierarchy(EventDispatchThread.java:113)
2025-10-12 02:48:28,402 [ERROR] LogOutputStream:74 - [STDERR_REDIRECT] 	at java.desktop/java.awt.EventDispatchThread.pumpEvents(EventDispatchThread.java:109)
2025-10-12 02:48:28,403 [ERROR] LogOutputStream:74 - [STDERR_REDIRECT] 	at java.desktop/java.awt.EventDispatchThread.pumpEvents(EventDispatchThread.java:101)
2025-10-12 02:48:28,404 [ERROR] LogOutputStream:74 - [STDERR_REDIRECT] 	at java.desktop/java.awt.EventDispatchThread.run(EventDispatchThread.java:90)
2025-10-12 02:48:28,810 [ERROR] LogOutputStream:74 - [STDERR_REDIRECT] Exception in thread "AWT-EventQueue-0" java.lang.IndexOutOfBoundsException: Index -1 out of bounds for length 4
2025-10-12 02:48:28,811 [ERROR] LogOutputStream:74 - [STDERR_REDIRECT] 	at java.base/jdk.internal.util.Preconditions.outOfBounds(Preconditions.java:64)
2025-10-12 02:48:28,812 [ERROR] LogOutputStream:74 - [STDERR_REDIRECT] 	at java.base/jdk.internal.util.Preconditions.outOfBoundsCheckIndex(Preconditions.java:70)
2025-10-12 02:48:28,813 [ERROR] LogOutputStream:74 - [STDERR_REDIRECT] 	at java.base/jdk.internal.util.Preconditions.checkIndex(Preconditions.java:248)
2025-10-12 02:48:28,813 [ERROR] LogOutputStream:74 - [STDERR_REDIRECT] 	at java.base/java.util.Objects.checkIndex(Objects.java:372)
2025-10-12 02:48:28,814 [ERROR] LogOutputStream:74 - [STDERR_REDIRECT] 	at java.base/java.util.ArrayList.get(ArrayList.java:459)
2025-10-12 02:48:28,814 [ERROR] LogOutputStream:74 - [STDERR_REDIRECT] 	at java.desktop/javax.swing.JTabbedPane.getTitleAt(JTabbedPane.java:1121)
2025-10-12 02:48:28,815 [ERROR] LogOutputStream:74 - [STDERR_REDIRECT] 	at com.st.microxplorer.maingui.MainPanel.getSelectedPluginView(MainPanel.java:1624)
2025-10-12 02:48:28,816 [ERROR] LogOutputStream:74 - [STDERR_REDIRECT] 	at com.st.microxplorer.maingui.MainPanel.getCurrentPluginName(MainPanel.java:1763)
2025-10-12 02:48:28,817 [ERROR] LogOutputStream:74 - [STDERR_REDIRECT] 	at com.st.microxplorer.maingui.AppletMainFrameCubeIde.UpdateCaption(AppletMainFrameCubeIde.java:71)
2025-10-12 02:48:28,817 [ERROR] LogOutputStream:74 - [STDERR_REDIRECT] 	at com.st.microxplorer.maingui.MainPanel.resetModified(MainPanel.java:545)
2025-10-12 02:48:28,818 [ERROR] LogOutputStream:74 - [STDERR_REDIRECT] 	at com.st.stm32cube.common.mx.editor.CubeMxEditor$19.run(CubeMxEditor.java:1818)
2025-10-12 02:48:28,819 [ERROR] LogOutputStream:74 - [STDERR_REDIRECT] 	at com.st.stm32cube.common.mx.oss.core.awtswtbridge.AwtEnvironment$2.run(AwtEnvironment.java:166)
2025-10-12 02:48:28,820 [ERROR] LogOutputStream:74 - [STDERR_REDIRECT] 	at java.desktop/java.awt.event.InvocationEvent.dispatch(InvocationEvent.java:313)
2025-10-12 02:48:28,821 [ERROR] LogOutputStream:74 - [STDERR_REDIRECT] 	at java.desktop/java.awt.EventQueue.dispatchEventImpl(EventQueue.java:770)
2025-10-12 02:48:28,821 [ERROR] LogOutputStream:74 - [STDERR_REDIRECT] 	at java.desktop/java.awt.EventQueue$4.run(EventQueue.java:721)
2025-10-12 02:48:28,821 [ERROR] LogOutputStream:74 - [STDERR_REDIRECT] 	at java.desktop/java.awt.EventQueue$4.run(EventQueue.java:715)
2025-10-12 02:48:28,823 [ERROR] LogOutputStream:74 - [STDERR_REDIRECT] 	at java.base/java.security.AccessController.doPrivileged(Native Method)
2025-10-12 02:48:28,824 [ERROR] LogOutputStream:74 - [STDERR_REDIRECT] 	at java.base/java.security.ProtectionDomain$JavaSecurityAccessImpl.doIntersectionPrivilege(ProtectionDomain.java:85)
2025-10-12 02:48:28,824 [ERROR] LogOutputStream:74 - [STDERR_REDIRECT] 	at java.desktop/java.awt.EventQueue.dispatchEvent(EventQueue.java:740)
2025-10-12 02:48:28,825 [ERROR] LogOutputStream:74 - [STDERR_REDIRECT] 	at java.desktop/java.awt.EventDispatchThread.pumpOneEventForFilters(EventDispatchThread.java:203)
2025-10-12 02:48:28,826 [ERROR] LogOutputStream:74 - [STDERR_REDIRECT] 	at java.desktop/java.awt.EventDispatchThread.pumpEventsForFilter(EventDispatchThread.java:124)
2025-10-12 02:48:28,827 [ERROR] LogOutputStream:74 - [STDERR_REDIRECT] 	at java.desktop/java.awt.EventDispatchThread.pumpEventsForFilter(EventDispatchThread.java:117)
2025-10-12 02:48:28,828 [ERROR] LogOutputStream:74 - [STDERR_REDIRECT] 	at java.desktop/java.awt.WaitDispatchSupport$2.run(WaitDispatchSupport.java:190)
2025-10-12 02:48:28,829 [ERROR] LogOutputStream:74 - [STDERR_REDIRECT] 	at java.desktop/java.awt.WaitDispatchSupport$4.run(WaitDispatchSupport.java:235)
2025-10-12 02:48:28,830 [ERROR] LogOutputStream:74 - [STDERR_REDIRECT] 	at java.desktop/java.awt.WaitDispatchSupport$4.run(WaitDispatchSupport.java:233)
2025-10-12 02:48:28,830 [ERROR] LogOutputStream:74 - [STDERR_REDIRECT] 	at java.base/java.security.AccessController.doPrivileged(Native Method)
2025-10-12 02:48:28,831 [ERROR] LogOutputStream:74 - [STDERR_REDIRECT] 	at java.desktop/java.awt.WaitDispatchSupport.enter(WaitDispatchSupport.java:233)
2025-10-12 02:48:28,831 [ERROR] LogOutputStream:74 - [STDERR_REDIRECT] 	at java.desktop/java.awt.Dialog.show(Dialog.java:1070)
2025-10-12 02:48:28,832 [ERROR] LogOutputStream:74 - [STDERR_REDIRECT] 	at java.desktop/javax.swing.JOptionPane.showOptionDialog(JOptionPane.java:874)
2025-10-12 02:48:28,833 [ERROR] LogOutputStream:74 - [STDERR_REDIRECT] 	at java.desktop/javax.swing.JOptionPane.showMessageDialog(JOptionPane.java:670)
2025-10-12 02:48:28,833 [ERROR] LogOutputStream:74 - [STDERR_REDIRECT] 	at java.desktop/javax.swing.JOptionPane.showMessageDialog(JOptionPane.java:641)
2025-10-12 02:48:28,834 [ERROR] LogOutputStream:74 - [STDERR_REDIRECT] 	at com.st.microxplorer.mcufinder.gui.WebUtils.downloadDbFiles(WebUtils.java:851)
2025-10-12 02:48:28,835 [ERROR] LogOutputStream:74 - [STDERR_REDIRECT] 	at com.st.stm32cube.common.mx.targetselector.TargetSelectorAdapter$4.run(TargetSelectorAdapter.java:222)
2025-10-12 02:48:28,835 [ERROR] LogOutputStream:74 - [STDERR_REDIRECT] 	at com.st.stm32cube.common.mx.oss.core.awtswtbridge.AwtEnvironment$2.run(AwtEnvironment.java:166)
2025-10-12 02:48:28,836 [ERROR] LogOutputStream:74 - [STDERR_REDIRECT] 	at java.desktop/java.awt.event.InvocationEvent.dispatch(InvocationEvent.java:313)
2025-10-12 02:48:28,837 [ERROR] LogOutputStream:74 - [STDERR_REDIRECT] 	at java.desktop/java.awt.EventQueue.dispatchEventImpl(EventQueue.java:770)
2025-10-12 02:48:28,837 [ERROR] LogOutputStream:74 - [STDERR_REDIRECT] 	at java.desktop/java.awt.EventQueue$4.run(EventQueue.java:721)
2025-10-12 02:48:28,838 [ERROR] LogOutputStream:74 - [STDERR_REDIRECT] 	at java.desktop/java.awt.EventQueue$4.run(EventQueue.java:715)
2025-10-12 02:48:28,838 [ERROR] LogOutputStream:74 - [STDERR_REDIRECT] 	at java.base/java.security.AccessController.doPrivileged(Native Method)
2025-10-12 02:48:28,839 [ERROR] LogOutputStream:74 - [STDERR_REDIRECT] 	at java.base/java.security.ProtectionDomain$JavaSecurityAccessImpl.doIntersectionPrivilege(ProtectionDomain.java:85)
2025-10-12 02:48:28,840 [ERROR] LogOutputStream:74 - [STDERR_REDIRECT] 	at java.desktop/java.awt.EventQueue.dispatchEvent(EventQueue.java:740)
2025-10-12 02:48:28,841 [ERROR] LogOutputStream:74 - [STDERR_REDIRECT] 	at java.desktop/java.awt.EventDispatchThread.pumpOneEventForFilters(EventDispatchThread.java:203)
2025-10-12 02:48:28,841 [ERROR] LogOutputStream:74 - [STDERR_REDIRECT] 	at java.desktop/java.awt.EventDispatchThread.pumpEventsForFilter(EventDispatchThread.java:124)
2025-10-12 02:48:28,842 [ERROR] LogOutputStream:74 - [STDERR_REDIRECT] 	at java.desktop/java.awt.EventDispatchThread.pumpEventsForHierarchy(EventDispatchThread.java:113)
2025-10-12 02:48:28,845 [ERROR] LogOutputStream:74 - [STDERR_REDIRECT] 	at java.desktop/java.awt.EventDispatchThread.pumpEvents(EventDispatchThread.java:109)
2025-10-12 02:48:28,846 [ERROR] LogOutputStream:74 - [STDERR_REDIRECT] 	at java.desktop/java.awt.EventDispatchThread.pumpEvents(EventDispatchThread.java:101)
2025-10-12 02:48:28,846 [ERROR] LogOutputStream:74 - [STDERR_REDIRECT] 	at java.desktop/java.awt.EventDispatchThread.run(EventDispatchThread.java:90)
2025-10-12 02:48:30,097 [INFO] MainUpdater:2671 - connection check result : 10
2025-10-12 02:48:30,097 [INFO] MainUpdater:2671 - connection check result : 10
2025-10-12 02:48:30,140 [INFO] MicroXplorer:448 - Change Database Path : 
2025-10-12 02:48:30,140 [INFO] MicroXplorer:478 - Change Database Version : DB.6.0.30
2025-10-12 02:48:30,140 [WARN] ThirdParty:813 - waiting for thirdparty lock release [close project]
2025-10-12 02:48:30,140 [INFO] ThirdParty:815 - entering critical section [close project]
2025-10-12 02:48:30,140 [INFO] ThirdParty:825 - exiting critical section [close project]
2025-10-12 02:48:30,141 [INFO] PinOutPanel:1463 - setPackage(No Configuration,No Configuration)
2025-10-12 02:48:30,143 [ERROR] LogOutputStream:74 - [STDERR_REDIRECT] Exception in thread "AWT-EventQueue-0" java.lang.IndexOutOfBoundsException: Index -1 out of bounds for length 4
2025-10-12 02:48:30,144 [ERROR] LogOutputStream:74 - [STDERR_REDIRECT] 	at java.base/jdk.internal.util.Preconditions.outOfBounds(Preconditions.java:64)
2025-10-12 02:48:30,145 [ERROR] LogOutputStream:74 - [STDERR_REDIRECT] 	at java.base/jdk.internal.util.Preconditions.outOfBoundsCheckIndex(Preconditions.java:70)
2025-10-12 02:48:30,146 [ERROR] LogOutputStream:74 - [STDERR_REDIRECT] 	at java.base/jdk.internal.util.Preconditions.checkIndex(Preconditions.java:248)
2025-10-12 02:48:30,146 [ERROR] LogOutputStream:74 - [STDERR_REDIRECT] 	at java.base/java.util.Objects.checkIndex(Objects.java:372)
2025-10-12 02:48:30,147 [ERROR] LogOutputStream:74 - [STDERR_REDIRECT] 	at java.base/java.util.ArrayList.get(ArrayList.java:459)
2025-10-12 02:48:30,148 [ERROR] LogOutputStream:74 - [STDERR_REDIRECT] 	at java.desktop/javax.swing.JTabbedPane.getTitleAt(JTabbedPane.java:1121)
2025-10-12 02:48:30,148 [ERROR] LogOutputStream:74 - [STDERR_REDIRECT] 	at com.st.microxplorer.maingui.MainPanel.getSelectedPluginView(MainPanel.java:1624)
2025-10-12 02:48:30,149 [ERROR] LogOutputStream:74 - [STDERR_REDIRECT] 	at com.st.microxplorer.maingui.MainPanel.getCurrentPluginName(MainPanel.java:1763)
2025-10-12 02:48:30,150 [ERROR] LogOutputStream:74 - [STDERR_REDIRECT] 	at com.st.microxplorer.maingui.AppletMainFrameCubeIde.UpdateCaption(AppletMainFrameCubeIde.java:71)
2025-10-12 02:48:30,150 [ERROR] LogOutputStream:74 - [STDERR_REDIRECT] 	at com.st.microxplorer.maingui.MainPanel.resetModified(MainPanel.java:545)
2025-10-12 02:48:30,151 [ERROR] LogOutputStream:74 - [STDERR_REDIRECT] 	at com.st.microxplorer.maingui.MainPanel.propertyChange(MainPanel.java:904)
2025-10-12 02:48:30,152 [ERROR] LogOutputStream:74 - [STDERR_REDIRECT] 	at java.desktop/java.beans.PropertyChangeSupport.fire(PropertyChangeSupport.java:341)
2025-10-12 02:48:30,152 [ERROR] LogOutputStream:74 - [STDERR_REDIRECT] 	at java.desktop/java.beans.PropertyChangeSupport.firePropertyChange(PropertyChangeSupport.java:333)
2025-10-12 02:48:30,153 [ERROR] LogOutputStream:74 - [STDERR_REDIRECT] 	at java.desktop/java.beans.PropertyChangeSupport.firePropertyChange(PropertyChangeSupport.java:266)
2025-10-12 02:48:30,154 [ERROR] LogOutputStream:74 - [STDERR_REDIRECT] 	at com.st.microxplorer.util.MXPropertyChangeSupport.firePropertyChange(MXPropertyChangeSupport.java:50)
2025-10-12 02:48:30,154 [ERROR] LogOutputStream:74 - [STDERR_REDIRECT] 	at com.st.microxplorer.mxsystem.MxSystem.closeConfig(MxSystem.java:657)
2025-10-12 02:48:30,155 [ERROR] LogOutputStream:74 - [STDERR_REDIRECT] 	at com.st.microxplorer.maingui.MainPanel.closeConfig(MainPanel.java:637)
2025-10-12 02:48:30,156 [ERROR] LogOutputStream:74 - [STDERR_REDIRECT] 	at com.st.microxplorer.plugins.filemanager.engine.OpenFileManager.loadConfigurationFile(OpenFileManager.java:238)
2025-10-12 02:48:30,158 [ERROR] LogOutputStream:74 - [STDERR_REDIRECT] 	at com.st.microxplorer.plugins.filemanager.engine.MainFileManager.userLoadConfig(MainFileManager.java:276)
2025-10-12 02:48:30,160 [ERROR] LogOutputStream:74 - [STDERR_REDIRECT] 	at com.st.microxplorer.plugins.filemanager.FileManagerView.getSpecificTask(FileManagerView.java:240)
2025-10-12 02:48:30,160 [ERROR] LogOutputStream:74 - [STDERR_REDIRECT] 	at com.st.stm32cube.common.mx.editor.CubeMxEditor.getMxTabbedPaneInstance(CubeMxEditor.java:1148)
2025-10-12 02:48:30,161 [ERROR] LogOutputStream:74 - [STDERR_REDIRECT] 	at com.st.stm32cube.common.mx.editor.CubeMxEditor$11$1.createSwingComponent(CubeMxEditor.java:1034)
2025-10-12 02:48:30,162 [ERROR] LogOutputStream:74 - [STDERR_REDIRECT] 	at com.st.stm32cube.common.mx.oss.core.awtswtbridge.EmbeddedSwingComposite.doComponentCreation(EmbeddedSwingComposite.java:492)
2025-10-12 02:48:30,163 [ERROR] LogOutputStream:74 - [STDERR_REDIRECT] 	at com.st.stm32cube.common.mx.oss.core.awtswtbridge.EmbeddedSwingComposite$4.run(EmbeddedSwingComposite.java:291)
2025-10-12 02:48:30,164 [ERROR] LogOutputStream:74 - [STDERR_REDIRECT] 	at com.st.stm32cube.common.mx.oss.core.awtswtbridge.AwtEnvironment$2.run(AwtEnvironment.java:166)
2025-10-12 02:48:30,165 [ERROR] LogOutputStream:74 - [STDERR_REDIRECT] 	at java.desktop/java.awt.event.InvocationEvent.dispatch(InvocationEvent.java:313)
2025-10-12 02:48:30,165 [ERROR] LogOutputStream:74 - [STDERR_REDIRECT] 	at java.desktop/java.awt.EventQueue.dispatchEventImpl(EventQueue.java:770)
2025-10-12 02:48:30,166 [ERROR] LogOutputStream:74 - [STDERR_REDIRECT] 	at java.desktop/java.awt.EventQueue$4.run(EventQueue.java:721)
2025-10-12 02:48:30,166 [ERROR] LogOutputStream:74 - [STDERR_REDIRECT] 	at java.desktop/java.awt.EventQueue$4.run(EventQueue.java:715)
2025-10-12 02:48:30,168 [ERROR] LogOutputStream:74 - [STDERR_REDIRECT] 	at java.base/java.security.AccessController.doPrivileged(Native Method)
2025-10-12 02:48:30,170 [ERROR] LogOutputStream:74 - [STDERR_REDIRECT] 	at java.base/java.security.ProtectionDomain$JavaSecurityAccessImpl.doIntersectionPrivilege(ProtectionDomain.java:85)
2025-10-12 02:48:30,171 [ERROR] LogOutputStream:74 - [STDERR_REDIRECT] 	at java.desktop/java.awt.EventQueue.dispatchEvent(EventQueue.java:740)
2025-10-12 02:48:30,172 [ERROR] LogOutputStream:74 - [STDERR_REDIRECT] 	at java.desktop/java.awt.EventDispatchThread.pumpOneEventForFilters(EventDispatchThread.java:203)
2025-10-12 02:48:30,173 [ERROR] LogOutputStream:74 - [STDERR_REDIRECT] 	at java.desktop/java.awt.EventDispatchThread.pumpEventsForFilter(EventDispatchThread.java:124)
2025-10-12 02:48:30,174 [ERROR] LogOutputStream:74 - [STDERR_REDIRECT] 	at java.desktop/java.awt.EventDispatchThread.pumpEventsForFilter(EventDispatchThread.java:117)
2025-10-12 02:48:30,174 [ERROR] LogOutputStream:74 - [STDERR_REDIRECT] 	at java.desktop/java.awt.WaitDispatchSupport$2.run(WaitDispatchSupport.java:190)
2025-10-12 02:48:30,176 [ERROR] LogOutputStream:74 - [STDERR_REDIRECT] 	at java.desktop/java.awt.WaitDispatchSupport$4.run(WaitDispatchSupport.java:235)
2025-10-12 02:48:30,177 [ERROR] LogOutputStream:74 - [STDERR_REDIRECT] 	at java.desktop/java.awt.WaitDispatchSupport$4.run(WaitDispatchSupport.java:233)
2025-10-12 02:48:30,178 [ERROR] LogOutputStream:74 - [STDERR_REDIRECT] 	at java.base/java.security.AccessController.doPrivileged(Native Method)
2025-10-12 02:48:30,179 [ERROR] LogOutputStream:74 - [STDERR_REDIRECT] 	at java.desktop/java.awt.WaitDispatchSupport.enter(WaitDispatchSupport.java:233)
2025-10-12 02:48:30,180 [ERROR] LogOutputStream:74 - [STDERR_REDIRECT] 	at java.desktop/java.awt.Dialog.show(Dialog.java:1070)
2025-10-12 02:48:30,180 [ERROR] LogOutputStream:74 - [STDERR_REDIRECT] 	at java.desktop/javax.swing.JOptionPane.showOptionDialog(JOptionPane.java:874)
2025-10-12 02:48:30,181 [ERROR] LogOutputStream:74 - [STDERR_REDIRECT] 	at java.desktop/javax.swing.JOptionPane.showMessageDialog(JOptionPane.java:670)
2025-10-12 02:48:30,181 [ERROR] LogOutputStream:74 - [STDERR_REDIRECT] 	at java.desktop/javax.swing.JOptionPane.showMessageDialog(JOptionPane.java:641)
2025-10-12 02:48:30,182 [ERROR] LogOutputStream:74 - [STDERR_REDIRECT] 	at com.st.microxplorer.mcufinder.gui.WebUtils.downloadDbFiles(WebUtils.java:851)
2025-10-12 02:48:30,183 [ERROR] LogOutputStream:74 - [STDERR_REDIRECT] 	at com.st.stm32cube.common.mx.targetselector.TargetSelectorAdapter$4.run(TargetSelectorAdapter.java:222)
2025-10-12 02:48:30,184 [ERROR] LogOutputStream:74 - [STDERR_REDIRECT] 	at com.st.stm32cube.common.mx.oss.core.awtswtbridge.AwtEnvironment$2.run(AwtEnvironment.java:166)
2025-10-12 02:48:30,184 [ERROR] LogOutputStream:74 - [STDERR_REDIRECT] 	at java.desktop/java.awt.event.InvocationEvent.dispatch(InvocationEvent.java:313)
2025-10-12 02:48:30,185 [ERROR] LogOutputStream:74 - [STDERR_REDIRECT] 	at java.desktop/java.awt.EventQueue.dispatchEventImpl(EventQueue.java:770)
2025-10-12 02:48:30,185 [ERROR] LogOutputStream:74 - [STDERR_REDIRECT] 	at java.desktop/java.awt.EventQueue$4.run(EventQueue.java:721)
2025-10-12 02:48:30,186 [ERROR] LogOutputStream:74 - [STDERR_REDIRECT] 	at java.desktop/java.awt.EventQueue$4.run(EventQueue.java:715)
2025-10-12 02:48:30,186 [ERROR] LogOutputStream:74 - [STDERR_REDIRECT] 	at java.base/java.security.AccessController.doPrivileged(Native Method)
2025-10-12 02:48:30,187 [ERROR] LogOutputStream:74 - [STDERR_REDIRECT] 	at java.base/java.security.ProtectionDomain$JavaSecurityAccessImpl.doIntersectionPrivilege(ProtectionDomain.java:85)
2025-10-12 02:48:30,188 [ERROR] LogOutputStream:74 - [STDERR_REDIRECT] 	at java.desktop/java.awt.EventQueue.dispatchEvent(EventQueue.java:740)
2025-10-12 02:48:30,189 [ERROR] LogOutputStream:74 - [STDERR_REDIRECT] 	at java.desktop/java.awt.EventDispatchThread.pumpOneEventForFilters(EventDispatchThread.java:203)
2025-10-12 02:48:30,189 [ERROR] LogOutputStream:74 - [STDERR_REDIRECT] 	at java.desktop/java.awt.EventDispatchThread.pumpEventsForFilter(EventDispatchThread.java:124)
2025-10-12 02:48:30,190 [ERROR] LogOutputStream:74 - [STDERR_REDIRECT] 	at java.desktop/java.awt.EventDispatchThread.pumpEventsForHierarchy(EventDispatchThread.java:113)
2025-10-12 02:48:30,191 [ERROR] LogOutputStream:74 - [STDERR_REDIRECT] 	at java.desktop/java.awt.EventDispatchThread.pumpEvents(EventDispatchThread.java:109)
2025-10-12 02:48:30,192 [ERROR] LogOutputStream:74 - [STDERR_REDIRECT] 	at java.desktop/java.awt.EventDispatchThread.pumpEvents(EventDispatchThread.java:101)
2025-10-12 02:48:30,192 [ERROR] LogOutputStream:74 - [STDERR_REDIRECT] 	at java.desktop/java.awt.EventDispatchThread.run(EventDispatchThread.java:90)
2025-10-12 02:48:30,219 [INFO] UtilMem:74 - End SaveConfig() Used Memory: 961362832 Bytes (1073741824)
2025-10-12 02:48:30,239 [ERROR] LogOutputStream:74 - [STDERR_REDIRECT] Exception in thread "AWT-EventQueue-0" java.lang.IndexOutOfBoundsException: Index -1 out of bounds for length 4
2025-10-12 02:48:30,239 [ERROR] LogOutputStream:74 - [STDERR_REDIRECT] 	at java.base/jdk.internal.util.Preconditions.outOfBounds(Preconditions.java:64)
2025-10-12 02:48:30,240 [ERROR] LogOutputStream:74 - [STDERR_REDIRECT] 	at java.base/jdk.internal.util.Preconditions.outOfBoundsCheckIndex(Preconditions.java:70)
2025-10-12 02:48:30,241 [ERROR] LogOutputStream:74 - [STDERR_REDIRECT] 	at java.base/jdk.internal.util.Preconditions.checkIndex(Preconditions.java:248)
2025-10-12 02:48:30,241 [ERROR] LogOutputStream:74 - [STDERR_REDIRECT] 	at java.base/java.util.Objects.checkIndex(Objects.java:372)
2025-10-12 02:48:30,242 [ERROR] LogOutputStream:74 - [STDERR_REDIRECT] 	at java.base/java.util.ArrayList.get(ArrayList.java:459)
2025-10-12 02:48:30,243 [ERROR] LogOutputStream:74 - [STDERR_REDIRECT] 	at java.desktop/javax.swing.JTabbedPane.getTitleAt(JTabbedPane.java:1121)
2025-10-12 02:48:30,244 [ERROR] LogOutputStream:74 - [STDERR_REDIRECT] 	at com.st.microxplorer.maingui.MainPanel.getSelectedPluginView(MainPanel.java:1624)
2025-10-12 02:48:30,244 [ERROR] LogOutputStream:74 - [STDERR_REDIRECT] 	at com.st.microxplorer.maingui.MainPanel.getCurrentPluginName(MainPanel.java:1763)
2025-10-12 02:48:30,245 [ERROR] LogOutputStream:74 - [STDERR_REDIRECT] 	at com.st.microxplorer.maingui.AppletMainFrameCubeIde.UpdateCaption(AppletMainFrameCubeIde.java:71)
2025-10-12 02:48:30,256 [ERROR] LogOutputStream:74 - [STDERR_REDIRECT] 	at com.st.microxplorer.maingui.MainPanel.resetModified(MainPanel.java:545)
2025-10-12 02:48:30,257 [ERROR] LogOutputStream:74 - [STDERR_REDIRECT] 	at com.st.microxplorer.plugins.filemanager.engine.SaveFileManager.saveConfiguration(SaveFileManager.java:129)
2025-10-12 02:48:30,257 [ERROR] LogOutputStream:74 - [STDERR_REDIRECT] 	at com.st.microxplorer.plugins.filemanager.engine.MainFileManager.userSaveConfig(MainFileManager.java:394)
2025-10-12 02:48:30,259 [ERROR] LogOutputStream:74 - [STDERR_REDIRECT] 	at com.st.microxplorer.plugins.filemanager.FileManagerView.getSpecificTask(FileManagerView.java:252)
2025-10-12 02:48:30,259 [ERROR] LogOutputStream:74 - [STDERR_REDIRECT] 	at com.st.stm32cube.common.mx.editor.CubeMxEditor$20.run(CubeMxEditor.java:2156)
2025-10-12 02:48:30,260 [ERROR] LogOutputStream:74 - [STDERR_REDIRECT] 	at com.st.stm32cube.common.mx.oss.core.awtswtbridge.AwtEnvironment$2.run(AwtEnvironment.java:166)
2025-10-12 02:48:30,261 [ERROR] LogOutputStream:74 - [STDERR_REDIRECT] 	at java.desktop/java.awt.event.InvocationEvent.dispatch(InvocationEvent.java:313)
2025-10-12 02:48:30,262 [ERROR] LogOutputStream:74 - [STDERR_REDIRECT] 	at java.desktop/java.awt.EventQueue.dispatchEventImpl(EventQueue.java:770)
2025-10-12 02:48:30,262 [ERROR] LogOutputStream:74 - [STDERR_REDIRECT] 	at java.desktop/java.awt.EventQueue$4.run(EventQueue.java:721)
2025-10-12 02:48:30,263 [ERROR] LogOutputStream:74 - [STDERR_REDIRECT] 	at java.desktop/java.awt.EventQueue$4.run(EventQueue.java:715)
2025-10-12 02:48:30,263 [ERROR] LogOutputStream:74 - [STDERR_REDIRECT] 	at java.base/java.security.AccessController.doPrivileged(Native Method)
2025-10-12 02:48:30,264 [ERROR] LogOutputStream:74 - [STDERR_REDIRECT] 	at java.base/java.security.ProtectionDomain$JavaSecurityAccessImpl.doIntersectionPrivilege(ProtectionDomain.java:85)
2025-10-12 02:48:30,265 [ERROR] LogOutputStream:74 - [STDERR_REDIRECT] 	at java.desktop/java.awt.EventQueue.dispatchEvent(EventQueue.java:740)
2025-10-12 02:48:30,266 [ERROR] LogOutputStream:74 - [STDERR_REDIRECT] 	at java.desktop/java.awt.EventDispatchThread.pumpOneEventForFilters(EventDispatchThread.java:203)
2025-10-12 02:48:30,266 [ERROR] LogOutputStream:74 - [STDERR_REDIRECT] 	at java.desktop/java.awt.EventDispatchThread.pumpEventsForFilter(EventDispatchThread.java:124)
2025-10-12 02:48:30,267 [ERROR] LogOutputStream:74 - [STDERR_REDIRECT] 	at java.desktop/java.awt.EventDispatchThread.pumpEventsForFilter(EventDispatchThread.java:117)
2025-10-12 02:48:30,268 [ERROR] LogOutputStream:74 - [STDERR_REDIRECT] 	at java.desktop/java.awt.WaitDispatchSupport$2.run(WaitDispatchSupport.java:190)
2025-10-12 02:48:30,268 [ERROR] LogOutputStream:74 - [STDERR_REDIRECT] 	at java.desktop/java.awt.WaitDispatchSupport$4.run(WaitDispatchSupport.java:235)
2025-10-12 02:48:30,269 [ERROR] LogOutputStream:74 - [STDERR_REDIRECT] 	at java.desktop/java.awt.WaitDispatchSupport$4.run(WaitDispatchSupport.java:233)
2025-10-12 02:48:30,270 [ERROR] LogOutputStream:74 - [STDERR_REDIRECT] 	at java.base/java.security.AccessController.doPrivileged(Native Method)
2025-10-12 02:48:30,270 [ERROR] LogOutputStream:74 - [STDERR_REDIRECT] 	at java.desktop/java.awt.WaitDispatchSupport.enter(WaitDispatchSupport.java:233)
2025-10-12 02:48:30,271 [ERROR] LogOutputStream:74 - [STDERR_REDIRECT] 	at java.desktop/java.awt.Dialog.show(Dialog.java:1070)
2025-10-12 02:48:30,271 [ERROR] LogOutputStream:74 - [STDERR_REDIRECT] 	at java.desktop/javax.swing.JOptionPane.showOptionDialog(JOptionPane.java:874)
2025-10-12 02:48:30,272 [ERROR] LogOutputStream:74 - [STDERR_REDIRECT] 	at java.desktop/javax.swing.JOptionPane.showMessageDialog(JOptionPane.java:670)
2025-10-12 02:48:30,273 [ERROR] LogOutputStream:74 - [STDERR_REDIRECT] 	at java.desktop/javax.swing.JOptionPane.showMessageDialog(JOptionPane.java:641)
2025-10-12 02:48:30,273 [ERROR] LogOutputStream:74 - [STDERR_REDIRECT] 	at com.st.microxplorer.mcufinder.gui.WebUtils.downloadDbFiles(WebUtils.java:851)
2025-10-12 02:48:30,274 [ERROR] LogOutputStream:74 - [STDERR_REDIRECT] 	at com.st.stm32cube.common.mx.targetselector.TargetSelectorAdapter$4.run(TargetSelectorAdapter.java:222)
2025-10-12 02:48:30,275 [ERROR] LogOutputStream:74 - [STDERR_REDIRECT] 	at com.st.stm32cube.common.mx.oss.core.awtswtbridge.AwtEnvironment$2.run(AwtEnvironment.java:166)
2025-10-12 02:48:30,276 [ERROR] LogOutputStream:74 - [STDERR_REDIRECT] 	at java.desktop/java.awt.event.InvocationEvent.dispatch(InvocationEvent.java:313)
2025-10-12 02:48:30,276 [ERROR] LogOutputStream:74 - [STDERR_REDIRECT] 	at java.desktop/java.awt.EventQueue.dispatchEventImpl(EventQueue.java:770)
2025-10-12 02:48:30,277 [ERROR] LogOutputStream:74 - [STDERR_REDIRECT] 	at java.desktop/java.awt.EventQueue$4.run(EventQueue.java:721)
2025-10-12 02:48:30,277 [ERROR] LogOutputStream:74 - [STDERR_REDIRECT] 	at java.desktop/java.awt.EventQueue$4.run(EventQueue.java:715)
2025-10-12 02:48:30,278 [ERROR] LogOutputStream:74 - [STDERR_REDIRECT] 	at java.base/java.security.AccessController.doPrivileged(Native Method)
2025-10-12 02:48:30,279 [ERROR] LogOutputStream:74 - [STDERR_REDIRECT] 	at java.base/java.security.ProtectionDomain$JavaSecurityAccessImpl.doIntersectionPrivilege(ProtectionDomain.java:85)
2025-10-12 02:48:30,279 [ERROR] LogOutputStream:74 - [STDERR_REDIRECT] 	at java.desktop/java.awt.EventQueue.dispatchEvent(EventQueue.java:740)
2025-10-12 02:48:30,280 [ERROR] LogOutputStream:74 - [STDERR_REDIRECT] 	at java.desktop/java.awt.EventDispatchThread.pumpOneEventForFilters(EventDispatchThread.java:203)
2025-10-12 02:48:30,281 [ERROR] LogOutputStream:74 - [STDERR_REDIRECT] 	at java.desktop/java.awt.EventDispatchThread.pumpEventsForFilter(EventDispatchThread.java:124)
2025-10-12 02:48:30,282 [ERROR] LogOutputStream:74 - [STDERR_REDIRECT] 	at java.desktop/java.awt.EventDispatchThread.pumpEventsForHierarchy(EventDispatchThread.java:113)
2025-10-12 02:48:30,283 [ERROR] LogOutputStream:74 - [STDERR_REDIRECT] 	at java.desktop/java.awt.EventDispatchThread.pumpEvents(EventDispatchThread.java:109)
2025-10-12 02:48:30,283 [ERROR] LogOutputStream:74 - [STDERR_REDIRECT] 	at java.desktop/java.awt.EventDispatchThread.pumpEvents(EventDispatchThread.java:101)
2025-10-12 02:48:30,284 [ERROR] LogOutputStream:74 - [STDERR_REDIRECT] 	at java.desktop/java.awt.EventDispatchThread.run(EventDispatchThread.java:90)
2025-10-12 02:48:30,698 [ERROR] LogOutputStream:74 - [STDERR_REDIRECT] Exception in thread "AWT-EventQueue-0" java.lang.IndexOutOfBoundsException: Index -1 out of bounds for length 4
2025-10-12 02:48:30,699 [ERROR] LogOutputStream:74 - [STDERR_REDIRECT] 	at java.base/jdk.internal.util.Preconditions.outOfBounds(Preconditions.java:64)
2025-10-12 02:48:30,701 [ERROR] LogOutputStream:74 - [STDERR_REDIRECT] 	at java.base/jdk.internal.util.Preconditions.outOfBoundsCheckIndex(Preconditions.java:70)
2025-10-12 02:48:30,701 [ERROR] LogOutputStream:74 - [STDERR_REDIRECT] 	at java.base/jdk.internal.util.Preconditions.checkIndex(Preconditions.java:248)
2025-10-12 02:48:30,701 [ERROR] LogOutputStream:74 - [STDERR_REDIRECT] 	at java.base/java.util.Objects.checkIndex(Objects.java:372)
2025-10-12 02:48:30,702 [ERROR] LogOutputStream:74 - [STDERR_REDIRECT] 	at java.base/java.util.ArrayList.get(ArrayList.java:459)
2025-10-12 02:48:30,703 [ERROR] LogOutputStream:74 - [STDERR_REDIRECT] 	at java.desktop/javax.swing.JTabbedPane.getTitleAt(JTabbedPane.java:1121)
2025-10-12 02:48:30,705 [ERROR] LogOutputStream:74 - [STDERR_REDIRECT] 	at com.st.microxplorer.maingui.MainPanel.getSelectedPluginView(MainPanel.java:1624)
2025-10-12 02:48:30,706 [ERROR] LogOutputStream:74 - [STDERR_REDIRECT] 	at com.st.microxplorer.maingui.MainPanel.getCurrentPluginName(MainPanel.java:1763)
2025-10-12 02:48:30,708 [ERROR] LogOutputStream:74 - [STDERR_REDIRECT] 	at com.st.microxplorer.maingui.AppletMainFrameCubeIde.UpdateCaption(AppletMainFrameCubeIde.java:71)
2025-10-12 02:48:30,709 [ERROR] LogOutputStream:74 - [STDERR_REDIRECT] 	at com.st.microxplorer.maingui.MainPanel.resetModified(MainPanel.java:545)
2025-10-12 02:48:30,711 [ERROR] LogOutputStream:74 - [STDERR_REDIRECT] 	at com.st.stm32cube.common.mx.editor.CubeMxEditor$19.run(CubeMxEditor.java:1818)
2025-10-12 02:48:30,713 [ERROR] LogOutputStream:74 - [STDERR_REDIRECT] 	at com.st.stm32cube.common.mx.oss.core.awtswtbridge.AwtEnvironment$2.run(AwtEnvironment.java:166)
2025-10-12 02:48:30,714 [ERROR] LogOutputStream:74 - [STDERR_REDIRECT] 	at java.desktop/java.awt.event.InvocationEvent.dispatch(InvocationEvent.java:313)
2025-10-12 02:48:30,715 [ERROR] LogOutputStream:74 - [STDERR_REDIRECT] 	at java.desktop/java.awt.EventQueue.dispatchEventImpl(EventQueue.java:770)
2025-10-12 02:48:30,715 [ERROR] LogOutputStream:74 - [STDERR_REDIRECT] 	at java.desktop/java.awt.EventQueue$4.run(EventQueue.java:721)
2025-10-12 02:48:30,716 [ERROR] LogOutputStream:74 - [STDERR_REDIRECT] 	at java.desktop/java.awt.EventQueue$4.run(EventQueue.java:715)
2025-10-12 02:48:30,717 [ERROR] LogOutputStream:74 - [STDERR_REDIRECT] 	at java.base/java.security.AccessController.doPrivileged(Native Method)
2025-10-12 02:48:30,718 [ERROR] LogOutputStream:74 - [STDERR_REDIRECT] 	at java.base/java.security.ProtectionDomain$JavaSecurityAccessImpl.doIntersectionPrivilege(ProtectionDomain.java:85)
2025-10-12 02:48:30,719 [ERROR] LogOutputStream:74 - [STDERR_REDIRECT] 	at java.desktop/java.awt.EventQueue.dispatchEvent(EventQueue.java:740)
2025-10-12 02:48:30,719 [ERROR] LogOutputStream:74 - [STDERR_REDIRECT] 	at java.desktop/java.awt.EventDispatchThread.pumpOneEventForFilters(EventDispatchThread.java:203)
2025-10-12 02:48:30,720 [ERROR] LogOutputStream:74 - [STDERR_REDIRECT] 	at java.desktop/java.awt.EventDispatchThread.pumpEventsForFilter(EventDispatchThread.java:124)
2025-10-12 02:48:30,721 [ERROR] LogOutputStream:74 - [STDERR_REDIRECT] 	at java.desktop/java.awt.EventDispatchThread.pumpEventsForFilter(EventDispatchThread.java:117)
2025-10-12 02:48:30,722 [ERROR] LogOutputStream:74 - [STDERR_REDIRECT] 	at java.desktop/java.awt.WaitDispatchSupport$2.run(WaitDispatchSupport.java:190)
2025-10-12 02:48:30,722 [ERROR] LogOutputStream:74 - [STDERR_REDIRECT] 	at java.desktop/java.awt.WaitDispatchSupport$4.run(WaitDispatchSupport.java:235)
2025-10-12 02:48:30,723 [ERROR] LogOutputStream:74 - [STDERR_REDIRECT] 	at java.desktop/java.awt.WaitDispatchSupport$4.run(WaitDispatchSupport.java:233)
2025-10-12 02:48:30,723 [ERROR] LogOutputStream:74 - [STDERR_REDIRECT] 	at java.base/java.security.AccessController.doPrivileged(Native Method)
2025-10-12 02:48:30,724 [ERROR] LogOutputStream:74 - [STDERR_REDIRECT] 	at java.desktop/java.awt.WaitDispatchSupport.enter(WaitDispatchSupport.java:233)
2025-10-12 02:48:30,725 [ERROR] LogOutputStream:74 - [STDERR_REDIRECT] 	at java.desktop/java.awt.Dialog.show(Dialog.java:1070)
2025-10-12 02:48:30,725 [ERROR] LogOutputStream:74 - [STDERR_REDIRECT] 	at java.desktop/javax.swing.JOptionPane.showOptionDialog(JOptionPane.java:874)
2025-10-12 02:48:30,726 [ERROR] LogOutputStream:74 - [STDERR_REDIRECT] 	at java.desktop/javax.swing.JOptionPane.showMessageDialog(JOptionPane.java:670)
2025-10-12 02:48:30,727 [ERROR] LogOutputStream:74 - [STDERR_REDIRECT] 	at java.desktop/javax.swing.JOptionPane.showMessageDialog(JOptionPane.java:641)
2025-10-12 02:48:30,727 [ERROR] LogOutputStream:74 - [STDERR_REDIRECT] 	at com.st.microxplorer.mcufinder.gui.WebUtils.downloadDbFiles(WebUtils.java:851)
2025-10-12 02:48:30,728 [ERROR] LogOutputStream:74 - [STDERR_REDIRECT] 	at com.st.stm32cube.common.mx.targetselector.TargetSelectorAdapter$4.run(TargetSelectorAdapter.java:222)
2025-10-12 02:48:30,729 [ERROR] LogOutputStream:74 - [STDERR_REDIRECT] 	at com.st.stm32cube.common.mx.oss.core.awtswtbridge.AwtEnvironment$2.run(AwtEnvironment.java:166)
2025-10-12 02:48:30,729 [ERROR] LogOutputStream:74 - [STDERR_REDIRECT] 	at java.desktop/java.awt.event.InvocationEvent.dispatch(InvocationEvent.java:313)
2025-10-12 02:48:30,730 [ERROR] LogOutputStream:74 - [STDERR_REDIRECT] 	at java.desktop/java.awt.EventQueue.dispatchEventImpl(EventQueue.java:770)
2025-10-12 02:48:30,732 [ERROR] LogOutputStream:74 - [STDERR_REDIRECT] 	at java.desktop/java.awt.EventQueue$4.run(EventQueue.java:721)
2025-10-12 02:48:30,733 [ERROR] LogOutputStream:74 - [STDERR_REDIRECT] 	at java.desktop/java.awt.EventQueue$4.run(EventQueue.java:715)
2025-10-12 02:48:30,735 [ERROR] LogOutputStream:74 - [STDERR_REDIRECT] 	at java.base/java.security.AccessController.doPrivileged(Native Method)
2025-10-12 02:48:30,737 [ERROR] LogOutputStream:74 - [STDERR_REDIRECT] 	at java.base/java.security.ProtectionDomain$JavaSecurityAccessImpl.doIntersectionPrivilege(ProtectionDomain.java:85)
2025-10-12 02:48:30,738 [ERROR] LogOutputStream:74 - [STDERR_REDIRECT] 	at java.desktop/java.awt.EventQueue.dispatchEvent(EventQueue.java:740)
2025-10-12 02:48:30,738 [ERROR] LogOutputStream:74 - [STDERR_REDIRECT] 	at java.desktop/java.awt.EventDispatchThread.pumpOneEventForFilters(EventDispatchThread.java:203)
2025-10-12 02:48:30,739 [ERROR] LogOutputStream:74 - [STDERR_REDIRECT] 	at java.desktop/java.awt.EventDispatchThread.pumpEventsForFilter(EventDispatchThread.java:124)
2025-10-12 02:48:30,739 [ERROR] LogOutputStream:74 - [STDERR_REDIRECT] 	at java.desktop/java.awt.EventDispatchThread.pumpEventsForHierarchy(EventDispatchThread.java:113)
2025-10-12 02:48:30,740 [ERROR] LogOutputStream:74 - [STDERR_REDIRECT] 	at java.desktop/java.awt.EventDispatchThread.pumpEvents(EventDispatchThread.java:109)
2025-10-12 02:48:30,741 [ERROR] LogOutputStream:74 - [STDERR_REDIRECT] 	at java.desktop/java.awt.EventDispatchThread.pumpEvents(EventDispatchThread.java:101)
2025-10-12 02:48:30,742 [ERROR] LogOutputStream:74 - [STDERR_REDIRECT] 	at java.desktop/java.awt.EventDispatchThread.run(EventDispatchThread.java:90)
2025-10-12 02:48:31,814 [INFO] MainUpdater:2671 - connection check result : 10
2025-10-12 02:48:31,816 [INFO] MainUpdater:2671 - connection check result : 10
2025-10-12 02:48:31,851 [INFO] MicroXplorer:448 - Change Database Path : 
2025-10-12 02:48:31,851 [INFO] MicroXplorer:478 - Change Database Version : DB.6.0.30
2025-10-12 02:48:31,851 [WARN] ThirdParty:813 - waiting for thirdparty lock release [close project]
2025-10-12 02:48:31,851 [INFO] ThirdParty:815 - entering critical section [close project]
2025-10-12 02:48:31,851 [INFO] ThirdParty:825 - exiting critical section [close project]
2025-10-12 02:48:31,852 [INFO] PinOutPanel:1463 - setPackage(No Configuration,No Configuration)
2025-10-12 02:48:31,855 [ERROR] LogOutputStream:74 - [STDERR_REDIRECT] Exception in thread "AWT-EventQueue-0" java.lang.IndexOutOfBoundsException: Index -1 out of bounds for length 4
2025-10-12 02:48:31,857 [ERROR] LogOutputStream:74 - [STDERR_REDIRECT] 	at java.base/jdk.internal.util.Preconditions.outOfBounds(Preconditions.java:64)
2025-10-12 02:48:31,858 [ERROR] LogOutputStream:74 - [STDERR_REDIRECT] 	at java.base/jdk.internal.util.Preconditions.outOfBoundsCheckIndex(Preconditions.java:70)
2025-10-12 02:48:31,859 [ERROR] LogOutputStream:74 - [STDERR_REDIRECT] 	at java.base/jdk.internal.util.Preconditions.checkIndex(Preconditions.java:248)
2025-10-12 02:48:31,859 [ERROR] LogOutputStream:74 - [STDERR_REDIRECT] 	at java.base/java.util.Objects.checkIndex(Objects.java:372)
2025-10-12 02:48:31,860 [ERROR] LogOutputStream:74 - [STDERR_REDIRECT] 	at java.base/java.util.ArrayList.get(ArrayList.java:459)
2025-10-12 02:48:31,860 [ERROR] LogOutputStream:74 - [STDERR_REDIRECT] 	at java.desktop/javax.swing.JTabbedPane.getTitleAt(JTabbedPane.java:1121)
2025-10-12 02:48:31,861 [ERROR] LogOutputStream:74 - [STDERR_REDIRECT] 	at com.st.microxplorer.maingui.MainPanel.getSelectedPluginView(MainPanel.java:1624)
2025-10-12 02:48:31,861 [ERROR] LogOutputStream:74 - [STDERR_REDIRECT] 	at com.st.microxplorer.maingui.MainPanel.getCurrentPluginName(MainPanel.java:1763)
2025-10-12 02:48:31,862 [ERROR] LogOutputStream:74 - [STDERR_REDIRECT] 	at com.st.microxplorer.maingui.AppletMainFrameCubeIde.UpdateCaption(AppletMainFrameCubeIde.java:71)
2025-10-12 02:48:31,863 [ERROR] LogOutputStream:74 - [STDERR_REDIRECT] 	at com.st.microxplorer.maingui.MainPanel.resetModified(MainPanel.java:545)
2025-10-12 02:48:31,864 [ERROR] LogOutputStream:74 - [STDERR_REDIRECT] 	at com.st.microxplorer.maingui.MainPanel.propertyChange(MainPanel.java:904)
2025-10-12 02:48:31,864 [ERROR] LogOutputStream:74 - [STDERR_REDIRECT] 	at java.desktop/java.beans.PropertyChangeSupport.fire(PropertyChangeSupport.java:341)
2025-10-12 02:48:31,865 [ERROR] LogOutputStream:74 - [STDERR_REDIRECT] 	at java.desktop/java.beans.PropertyChangeSupport.firePropertyChange(PropertyChangeSupport.java:333)
2025-10-12 02:48:31,866 [ERROR] LogOutputStream:74 - [STDERR_REDIRECT] 	at java.desktop/java.beans.PropertyChangeSupport.firePropertyChange(PropertyChangeSupport.java:266)
2025-10-12 02:48:31,867 [ERROR] LogOutputStream:74 - [STDERR_REDIRECT] 	at com.st.microxplorer.util.MXPropertyChangeSupport.firePropertyChange(MXPropertyChangeSupport.java:50)
2025-10-12 02:48:31,867 [ERROR] LogOutputStream:74 - [STDERR_REDIRECT] 	at com.st.microxplorer.mxsystem.MxSystem.closeConfig(MxSystem.java:657)
2025-10-12 02:48:31,868 [ERROR] LogOutputStream:74 - [STDERR_REDIRECT] 	at com.st.microxplorer.maingui.MainPanel.closeConfig(MainPanel.java:637)
2025-10-12 02:48:31,869 [ERROR] LogOutputStream:74 - [STDERR_REDIRECT] 	at com.st.microxplorer.plugins.filemanager.engine.OpenFileManager.loadConfigurationFile(OpenFileManager.java:238)
2025-10-12 02:48:31,869 [ERROR] LogOutputStream:74 - [STDERR_REDIRECT] 	at com.st.microxplorer.plugins.filemanager.engine.MainFileManager.userLoadConfig(MainFileManager.java:276)
2025-10-12 02:48:31,870 [ERROR] LogOutputStream:74 - [STDERR_REDIRECT] 	at com.st.microxplorer.plugins.filemanager.FileManagerView.getSpecificTask(FileManagerView.java:240)
2025-10-12 02:48:31,871 [ERROR] LogOutputStream:74 - [STDERR_REDIRECT] 	at com.st.stm32cube.common.mx.editor.CubeMxEditor.getMxTabbedPaneInstance(CubeMxEditor.java:1148)
2025-10-12 02:48:31,874 [ERROR] LogOutputStream:74 - [STDERR_REDIRECT] 	at com.st.stm32cube.common.mx.editor.CubeMxEditor$11$1.createSwingComponent(CubeMxEditor.java:1034)
2025-10-12 02:48:31,875 [ERROR] LogOutputStream:74 - [STDERR_REDIRECT] 	at com.st.stm32cube.common.mx.oss.core.awtswtbridge.EmbeddedSwingComposite.doComponentCreation(EmbeddedSwingComposite.java:492)
2025-10-12 02:48:31,876 [ERROR] LogOutputStream:74 - [STDERR_REDIRECT] 	at com.st.stm32cube.common.mx.oss.core.awtswtbridge.EmbeddedSwingComposite$4.run(EmbeddedSwingComposite.java:291)
2025-10-12 02:48:31,877 [ERROR] LogOutputStream:74 - [STDERR_REDIRECT] 	at com.st.stm32cube.common.mx.oss.core.awtswtbridge.AwtEnvironment$2.run(AwtEnvironment.java:166)
2025-10-12 02:48:31,877 [ERROR] LogOutputStream:74 - [STDERR_REDIRECT] 	at java.desktop/java.awt.event.InvocationEvent.dispatch(InvocationEvent.java:313)
2025-10-12 02:48:31,878 [ERROR] LogOutputStream:74 - [STDERR_REDIRECT] 	at java.desktop/java.awt.EventQueue.dispatchEventImpl(EventQueue.java:770)
2025-10-12 02:48:31,878 [ERROR] LogOutputStream:74 - [STDERR_REDIRECT] 	at java.desktop/java.awt.EventQueue$4.run(EventQueue.java:721)
2025-10-12 02:48:31,879 [ERROR] LogOutputStream:74 - [STDERR_REDIRECT] 	at java.desktop/java.awt.EventQueue$4.run(EventQueue.java:715)
2025-10-12 02:48:31,879 [ERROR] LogOutputStream:74 - [STDERR_REDIRECT] 	at java.base/java.security.AccessController.doPrivileged(Native Method)
2025-10-12 02:48:31,880 [ERROR] LogOutputStream:74 - [STDERR_REDIRECT] 	at java.base/java.security.ProtectionDomain$JavaSecurityAccessImpl.doIntersectionPrivilege(ProtectionDomain.java:85)
2025-10-12 02:48:31,881 [ERROR] LogOutputStream:74 - [STDERR_REDIRECT] 	at java.desktop/java.awt.EventQueue.dispatchEvent(EventQueue.java:740)
2025-10-12 02:48:31,882 [ERROR] LogOutputStream:74 - [STDERR_REDIRECT] 	at java.desktop/java.awt.EventDispatchThread.pumpOneEventForFilters(EventDispatchThread.java:203)
2025-10-12 02:48:31,883 [ERROR] LogOutputStream:74 - [STDERR_REDIRECT] 	at java.desktop/java.awt.EventDispatchThread.pumpEventsForFilter(EventDispatchThread.java:124)
2025-10-12 02:48:31,883 [ERROR] LogOutputStream:74 - [STDERR_REDIRECT] 	at java.desktop/java.awt.EventDispatchThread.pumpEventsForFilter(EventDispatchThread.java:117)
2025-10-12 02:48:31,884 [ERROR] LogOutputStream:74 - [STDERR_REDIRECT] 	at java.desktop/java.awt.WaitDispatchSupport$2.run(WaitDispatchSupport.java:190)
2025-10-12 02:48:31,884 [ERROR] LogOutputStream:74 - [STDERR_REDIRECT] 	at java.desktop/java.awt.WaitDispatchSupport$4.run(WaitDispatchSupport.java:235)
2025-10-12 02:48:31,885 [ERROR] LogOutputStream:74 - [STDERR_REDIRECT] 	at java.desktop/java.awt.WaitDispatchSupport$4.run(WaitDispatchSupport.java:233)
2025-10-12 02:48:31,886 [ERROR] LogOutputStream:74 - [STDERR_REDIRECT] 	at java.base/java.security.AccessController.doPrivileged(Native Method)
2025-10-12 02:48:31,886 [ERROR] LogOutputStream:74 - [STDERR_REDIRECT] 	at java.desktop/java.awt.WaitDispatchSupport.enter(WaitDispatchSupport.java:233)
2025-10-12 02:48:31,887 [ERROR] LogOutputStream:74 - [STDERR_REDIRECT] 	at java.desktop/java.awt.Dialog.show(Dialog.java:1070)
2025-10-12 02:48:31,887 [ERROR] LogOutputStream:74 - [STDERR_REDIRECT] 	at java.desktop/javax.swing.JOptionPane.showOptionDialog(JOptionPane.java:874)
2025-10-12 02:48:31,888 [ERROR] LogOutputStream:74 - [STDERR_REDIRECT] 	at java.desktop/javax.swing.JOptionPane.showMessageDialog(JOptionPane.java:670)
2025-10-12 02:48:31,888 [ERROR] LogOutputStream:74 - [STDERR_REDIRECT] 	at java.desktop/javax.swing.JOptionPane.showMessageDialog(JOptionPane.java:641)
2025-10-12 02:48:31,889 [ERROR] LogOutputStream:74 - [STDERR_REDIRECT] 	at com.st.microxplorer.mcufinder.gui.WebUtils.downloadDbFiles(WebUtils.java:851)
2025-10-12 02:48:31,890 [ERROR] LogOutputStream:74 - [STDERR_REDIRECT] 	at com.st.stm32cube.common.mx.targetselector.TargetSelectorAdapter$4.run(TargetSelectorAdapter.java:222)
2025-10-12 02:48:31,891 [ERROR] LogOutputStream:74 - [STDERR_REDIRECT] 	at com.st.stm32cube.common.mx.oss.core.awtswtbridge.AwtEnvironment$2.run(AwtEnvironment.java:166)
2025-10-12 02:48:31,892 [ERROR] LogOutputStream:74 - [STDERR_REDIRECT] 	at java.desktop/java.awt.event.InvocationEvent.dispatch(InvocationEvent.java:313)
2025-10-12 02:48:31,893 [ERROR] LogOutputStream:74 - [STDERR_REDIRECT] 	at java.desktop/java.awt.EventQueue.dispatchEventImpl(EventQueue.java:770)
2025-10-12 02:48:31,894 [ERROR] LogOutputStream:74 - [STDERR_REDIRECT] 	at java.desktop/java.awt.EventQueue$4.run(EventQueue.java:721)
2025-10-12 02:48:31,895 [ERROR] LogOutputStream:74 - [STDERR_REDIRECT] 	at java.desktop/java.awt.EventQueue$4.run(EventQueue.java:715)
2025-10-12 02:48:31,895 [ERROR] LogOutputStream:74 - [STDERR_REDIRECT] 	at java.base/java.security.AccessController.doPrivileged(Native Method)
2025-10-12 02:48:31,896 [ERROR] LogOutputStream:74 - [STDERR_REDIRECT] 	at java.base/java.security.ProtectionDomain$JavaSecurityAccessImpl.doIntersectionPrivilege(ProtectionDomain.java:85)
2025-10-12 02:48:31,897 [ERROR] LogOutputStream:74 - [STDERR_REDIRECT] 	at java.desktop/java.awt.EventQueue.dispatchEvent(EventQueue.java:740)
2025-10-12 02:48:31,898 [ERROR] LogOutputStream:74 - [STDERR_REDIRECT] 	at java.desktop/java.awt.EventDispatchThread.pumpOneEventForFilters(EventDispatchThread.java:203)
2025-10-12 02:48:31,898 [ERROR] LogOutputStream:74 - [STDERR_REDIRECT] 	at java.desktop/java.awt.EventDispatchThread.pumpEventsForFilter(EventDispatchThread.java:124)
2025-10-12 02:48:31,899 [ERROR] LogOutputStream:74 - [STDERR_REDIRECT] 	at java.desktop/java.awt.EventDispatchThread.pumpEventsForHierarchy(EventDispatchThread.java:113)
2025-10-12 02:48:31,900 [ERROR] LogOutputStream:74 - [STDERR_REDIRECT] 	at java.desktop/java.awt.EventDispatchThread.pumpEvents(EventDispatchThread.java:109)
2025-10-12 02:48:31,900 [ERROR] LogOutputStream:74 - [STDERR_REDIRECT] 	at java.desktop/java.awt.EventDispatchThread.pumpEvents(EventDispatchThread.java:101)
2025-10-12 02:48:31,901 [ERROR] LogOutputStream:74 - [STDERR_REDIRECT] 	at java.desktop/java.awt.EventDispatchThread.run(EventDispatchThread.java:90)
2025-10-12 02:48:31,925 [INFO] UtilMem:74 - End SaveConfig() Used Memory: 960588232 Bytes (1073741824)
2025-10-12 02:48:31,944 [ERROR] LogOutputStream:74 - [STDERR_REDIRECT] Exception in thread "AWT-EventQueue-0" java.lang.IndexOutOfBoundsException: Index -1 out of bounds for length 4
2025-10-12 02:48:31,945 [ERROR] LogOutputStream:74 - [STDERR_REDIRECT] 	at java.base/jdk.internal.util.Preconditions.outOfBounds(Preconditions.java:64)
2025-10-12 02:48:31,946 [ERROR] LogOutputStream:74 - [STDERR_REDIRECT] 	at java.base/jdk.internal.util.Preconditions.outOfBoundsCheckIndex(Preconditions.java:70)
2025-10-12 02:48:31,946 [ERROR] LogOutputStream:74 - [STDERR_REDIRECT] 	at java.base/jdk.internal.util.Preconditions.checkIndex(Preconditions.java:248)
2025-10-12 02:48:31,947 [ERROR] LogOutputStream:74 - [STDERR_REDIRECT] 	at java.base/java.util.Objects.checkIndex(Objects.java:372)
2025-10-12 02:48:31,948 [ERROR] LogOutputStream:74 - [STDERR_REDIRECT] 	at java.base/java.util.ArrayList.get(ArrayList.java:459)
2025-10-12 02:48:31,948 [ERROR] LogOutputStream:74 - [STDERR_REDIRECT] 	at java.desktop/javax.swing.JTabbedPane.getTitleAt(JTabbedPane.java:1121)
2025-10-12 02:48:31,949 [ERROR] LogOutputStream:74 - [STDERR_REDIRECT] 	at com.st.microxplorer.maingui.MainPanel.getSelectedPluginView(MainPanel.java:1624)
2025-10-12 02:48:31,950 [ERROR] LogOutputStream:74 - [STDERR_REDIRECT] 	at com.st.microxplorer.maingui.MainPanel.getCurrentPluginName(MainPanel.java:1763)
2025-10-12 02:48:31,962 [ERROR] LogOutputStream:74 - [STDERR_REDIRECT] 	at com.st.microxplorer.maingui.AppletMainFrameCubeIde.UpdateCaption(AppletMainFrameCubeIde.java:71)
2025-10-12 02:48:31,962 [ERROR] LogOutputStream:74 - [STDERR_REDIRECT] 	at com.st.microxplorer.maingui.MainPanel.resetModified(MainPanel.java:545)
2025-10-12 02:48:31,963 [ERROR] LogOutputStream:74 - [STDERR_REDIRECT] 	at com.st.microxplorer.plugins.filemanager.engine.SaveFileManager.saveConfiguration(SaveFileManager.java:129)
2025-10-12 02:48:31,964 [ERROR] LogOutputStream:74 - [STDERR_REDIRECT] 	at com.st.microxplorer.plugins.filemanager.engine.MainFileManager.userSaveConfig(MainFileManager.java:394)
2025-10-12 02:48:31,965 [ERROR] LogOutputStream:74 - [STDERR_REDIRECT] 	at com.st.microxplorer.plugins.filemanager.FileManagerView.getSpecificTask(FileManagerView.java:252)
2025-10-12 02:48:31,966 [ERROR] LogOutputStream:74 - [STDERR_REDIRECT] 	at com.st.stm32cube.common.mx.editor.CubeMxEditor$20.run(CubeMxEditor.java:2156)
2025-10-12 02:48:31,966 [ERROR] LogOutputStream:74 - [STDERR_REDIRECT] 	at com.st.stm32cube.common.mx.oss.core.awtswtbridge.AwtEnvironment$2.run(AwtEnvironment.java:166)
2025-10-12 02:48:31,967 [ERROR] LogOutputStream:74 - [STDERR_REDIRECT] 	at java.desktop/java.awt.event.InvocationEvent.dispatch(InvocationEvent.java:313)
2025-10-12 02:48:31,967 [ERROR] LogOutputStream:74 - [STDERR_REDIRECT] 	at java.desktop/java.awt.EventQueue.dispatchEventImpl(EventQueue.java:770)
2025-10-12 02:48:31,968 [ERROR] LogOutputStream:74 - [STDERR_REDIRECT] 	at java.desktop/java.awt.EventQueue$4.run(EventQueue.java:721)
2025-10-12 02:48:31,969 [ERROR] LogOutputStream:74 - [STDERR_REDIRECT] 	at java.desktop/java.awt.EventQueue$4.run(EventQueue.java:715)
2025-10-12 02:48:31,969 [ERROR] LogOutputStream:74 - [STDERR_REDIRECT] 	at java.base/java.security.AccessController.doPrivileged(Native Method)
2025-10-12 02:48:31,970 [ERROR] LogOutputStream:74 - [STDERR_REDIRECT] 	at java.base/java.security.ProtectionDomain$JavaSecurityAccessImpl.doIntersectionPrivilege(ProtectionDomain.java:85)
2025-10-12 02:48:31,970 [ERROR] LogOutputStream:74 - [STDERR_REDIRECT] 	at java.desktop/java.awt.EventQueue.dispatchEvent(EventQueue.java:740)
2025-10-12 02:48:31,970 [ERROR] LogOutputStream:74 - [STDERR_REDIRECT] 	at java.desktop/java.awt.EventDispatchThread.pumpOneEventForFilters(EventDispatchThread.java:203)
2025-10-12 02:48:31,972 [ERROR] LogOutputStream:74 - [STDERR_REDIRECT] 	at java.desktop/java.awt.EventDispatchThread.pumpEventsForFilter(EventDispatchThread.java:124)
2025-10-12 02:48:31,973 [ERROR] LogOutputStream:74 - [STDERR_REDIRECT] 	at java.desktop/java.awt.EventDispatchThread.pumpEventsForFilter(EventDispatchThread.java:117)
2025-10-12 02:48:31,973 [ERROR] LogOutputStream:74 - [STDERR_REDIRECT] 	at java.desktop/java.awt.WaitDispatchSupport$2.run(WaitDispatchSupport.java:190)
2025-10-12 02:48:31,974 [ERROR] LogOutputStream:74 - [STDERR_REDIRECT] 	at java.desktop/java.awt.WaitDispatchSupport$4.run(WaitDispatchSupport.java:235)
2025-10-12 02:48:31,975 [ERROR] LogOutputStream:74 - [STDERR_REDIRECT] 	at java.desktop/java.awt.WaitDispatchSupport$4.run(WaitDispatchSupport.java:233)
2025-10-12 02:48:31,976 [ERROR] LogOutputStream:74 - [STDERR_REDIRECT] 	at java.base/java.security.AccessController.doPrivileged(Native Method)
2025-10-12 02:48:31,976 [ERROR] LogOutputStream:74 - [STDERR_REDIRECT] 	at java.desktop/java.awt.WaitDispatchSupport.enter(WaitDispatchSupport.java:233)
2025-10-12 02:48:31,977 [ERROR] LogOutputStream:74 - [STDERR_REDIRECT] 	at java.desktop/java.awt.Dialog.show(Dialog.java:1070)
2025-10-12 02:48:31,978 [ERROR] LogOutputStream:74 - [STDERR_REDIRECT] 	at java.desktop/javax.swing.JOptionPane.showOptionDialog(JOptionPane.java:874)
2025-10-12 02:48:31,978 [ERROR] LogOutputStream:74 - [STDERR_REDIRECT] 	at java.desktop/javax.swing.JOptionPane.showMessageDialog(JOptionPane.java:670)
2025-10-12 02:48:31,979 [ERROR] LogOutputStream:74 - [STDERR_REDIRECT] 	at java.desktop/javax.swing.JOptionPane.showMessageDialog(JOptionPane.java:641)
2025-10-12 02:48:31,980 [ERROR] LogOutputStream:74 - [STDERR_REDIRECT] 	at com.st.microxplorer.mcufinder.gui.WebUtils.downloadDbFiles(WebUtils.java:851)
2025-10-12 02:48:31,981 [ERROR] LogOutputStream:74 - [STDERR_REDIRECT] 	at com.st.stm32cube.common.mx.targetselector.TargetSelectorAdapter$4.run(TargetSelectorAdapter.java:222)
2025-10-12 02:48:31,981 [ERROR] LogOutputStream:74 - [STDERR_REDIRECT] 	at com.st.stm32cube.common.mx.oss.core.awtswtbridge.AwtEnvironment$2.run(AwtEnvironment.java:166)
2025-10-12 02:48:31,982 [ERROR] LogOutputStream:74 - [STDERR_REDIRECT] 	at java.desktop/java.awt.event.InvocationEvent.dispatch(InvocationEvent.java:313)
2025-10-12 02:48:31,983 [ERROR] LogOutputStream:74 - [STDERR_REDIRECT] 	at java.desktop/java.awt.EventQueue.dispatchEventImpl(EventQueue.java:770)
2025-10-12 02:48:31,983 [ERROR] LogOutputStream:74 - [STDERR_REDIRECT] 	at java.desktop/java.awt.EventQueue$4.run(EventQueue.java:721)
2025-10-12 02:48:31,984 [ERROR] LogOutputStream:74 - [STDERR_REDIRECT] 	at java.desktop/java.awt.EventQueue$4.run(EventQueue.java:715)
2025-10-12 02:48:31,984 [ERROR] LogOutputStream:74 - [STDERR_REDIRECT] 	at java.base/java.security.AccessController.doPrivileged(Native Method)
2025-10-12 02:48:31,985 [ERROR] LogOutputStream:74 - [STDERR_REDIRECT] 	at java.base/java.security.ProtectionDomain$JavaSecurityAccessImpl.doIntersectionPrivilege(ProtectionDomain.java:85)
2025-10-12 02:48:31,986 [ERROR] LogOutputStream:74 - [STDERR_REDIRECT] 	at java.desktop/java.awt.EventQueue.dispatchEvent(EventQueue.java:740)
2025-10-12 02:48:31,986 [ERROR] LogOutputStream:74 - [STDERR_REDIRECT] 	at java.desktop/java.awt.EventDispatchThread.pumpOneEventForFilters(EventDispatchThread.java:203)
2025-10-12 02:48:31,987 [ERROR] LogOutputStream:74 - [STDERR_REDIRECT] 	at java.desktop/java.awt.EventDispatchThread.pumpEventsForFilter(EventDispatchThread.java:124)
2025-10-12 02:48:31,988 [ERROR] LogOutputStream:74 - [STDERR_REDIRECT] 	at java.desktop/java.awt.EventDispatchThread.pumpEventsForHierarchy(EventDispatchThread.java:113)
2025-10-12 02:48:31,988 [ERROR] LogOutputStream:74 - [STDERR_REDIRECT] 	at java.desktop/java.awt.EventDispatchThread.pumpEvents(EventDispatchThread.java:109)
2025-10-12 02:48:31,989 [ERROR] LogOutputStream:74 - [STDERR_REDIRECT] 	at java.desktop/java.awt.EventDispatchThread.pumpEvents(EventDispatchThread.java:101)
2025-10-12 02:48:31,990 [ERROR] LogOutputStream:74 - [STDERR_REDIRECT] 	at java.desktop/java.awt.EventDispatchThread.run(EventDispatchThread.java:90)
2025-10-12 02:48:32,415 [ERROR] LogOutputStream:74 - [STDERR_REDIRECT] Exception in thread "AWT-EventQueue-0" java.lang.IndexOutOfBoundsException: Index -1 out of bounds for length 4
2025-10-12 02:48:32,416 [ERROR] LogOutputStream:74 - [STDERR_REDIRECT] 	at java.base/jdk.internal.util.Preconditions.outOfBounds(Preconditions.java:64)
2025-10-12 02:48:32,417 [ERROR] LogOutputStream:74 - [STDERR_REDIRECT] 	at java.base/jdk.internal.util.Preconditions.outOfBoundsCheckIndex(Preconditions.java:70)
2025-10-12 02:48:32,417 [ERROR] LogOutputStream:74 - [STDERR_REDIRECT] 	at java.base/jdk.internal.util.Preconditions.checkIndex(Preconditions.java:248)
2025-10-12 02:48:32,418 [ERROR] LogOutputStream:74 - [STDERR_REDIRECT] 	at java.base/java.util.Objects.checkIndex(Objects.java:372)
2025-10-12 02:48:32,418 [ERROR] LogOutputStream:74 - [STDERR_REDIRECT] 	at java.base/java.util.ArrayList.get(ArrayList.java:459)
2025-10-12 02:48:32,419 [ERROR] LogOutputStream:74 - [STDERR_REDIRECT] 	at java.desktop/javax.swing.JTabbedPane.getTitleAt(JTabbedPane.java:1121)
2025-10-12 02:48:32,420 [ERROR] LogOutputStream:74 - [STDERR_REDIRECT] 	at com.st.microxplorer.maingui.MainPanel.getSelectedPluginView(MainPanel.java:1624)
2025-10-12 02:48:32,420 [ERROR] LogOutputStream:74 - [STDERR_REDIRECT] 	at com.st.microxplorer.maingui.MainPanel.getCurrentPluginName(MainPanel.java:1763)
2025-10-12 02:48:32,421 [ERROR] LogOutputStream:74 - [STDERR_REDIRECT] 	at com.st.microxplorer.maingui.AppletMainFrameCubeIde.UpdateCaption(AppletMainFrameCubeIde.java:71)
2025-10-12 02:48:32,422 [ERROR] LogOutputStream:74 - [STDERR_REDIRECT] 	at com.st.microxplorer.maingui.MainPanel.resetModified(MainPanel.java:545)
2025-10-12 02:48:32,422 [ERROR] LogOutputStream:74 - [STDERR_REDIRECT] 	at com.st.stm32cube.common.mx.editor.CubeMxEditor$19.run(CubeMxEditor.java:1818)
2025-10-12 02:48:32,423 [ERROR] LogOutputStream:74 - [STDERR_REDIRECT] 	at com.st.stm32cube.common.mx.oss.core.awtswtbridge.AwtEnvironment$2.run(AwtEnvironment.java:166)
2025-10-12 02:48:32,424 [ERROR] LogOutputStream:74 - [STDERR_REDIRECT] 	at java.desktop/java.awt.event.InvocationEvent.dispatch(InvocationEvent.java:313)
2025-10-12 02:48:32,425 [ERROR] LogOutputStream:74 - [STDERR_REDIRECT] 	at java.desktop/java.awt.EventQueue.dispatchEventImpl(EventQueue.java:770)
2025-10-12 02:48:32,425 [ERROR] LogOutputStream:74 - [STDERR_REDIRECT] 	at java.desktop/java.awt.EventQueue$4.run(EventQueue.java:721)
2025-10-12 02:48:32,426 [ERROR] LogOutputStream:74 - [STDERR_REDIRECT] 	at java.desktop/java.awt.EventQueue$4.run(EventQueue.java:715)
2025-10-12 02:48:32,426 [ERROR] LogOutputStream:74 - [STDERR_REDIRECT] 	at java.base/java.security.AccessController.doPrivileged(Native Method)
2025-10-12 02:48:32,427 [ERROR] LogOutputStream:74 - [STDERR_REDIRECT] 	at java.base/java.security.ProtectionDomain$JavaSecurityAccessImpl.doIntersectionPrivilege(ProtectionDomain.java:85)
2025-10-12 02:48:32,428 [ERROR] LogOutputStream:74 - [STDERR_REDIRECT] 	at java.desktop/java.awt.EventQueue.dispatchEvent(EventQueue.java:740)
2025-10-12 02:48:32,428 [ERROR] LogOutputStream:74 - [STDERR_REDIRECT] 	at java.desktop/java.awt.EventDispatchThread.pumpOneEventForFilters(EventDispatchThread.java:203)
2025-10-12 02:48:32,429 [ERROR] LogOutputStream:74 - [STDERR_REDIRECT] 	at java.desktop/java.awt.EventDispatchThread.pumpEventsForFilter(EventDispatchThread.java:124)
2025-10-12 02:48:32,430 [ERROR] LogOutputStream:74 - [STDERR_REDIRECT] 	at java.desktop/java.awt.EventDispatchThread.pumpEventsForFilter(EventDispatchThread.java:117)
2025-10-12 02:48:32,431 [ERROR] LogOutputStream:74 - [STDERR_REDIRECT] 	at java.desktop/java.awt.WaitDispatchSupport$2.run(WaitDispatchSupport.java:190)
2025-10-12 02:48:32,431 [ERROR] LogOutputStream:74 - [STDERR_REDIRECT] 	at java.desktop/java.awt.WaitDispatchSupport$4.run(WaitDispatchSupport.java:235)
2025-10-12 02:48:32,432 [ERROR] LogOutputStream:74 - [STDERR_REDIRECT] 	at java.desktop/java.awt.WaitDispatchSupport$4.run(WaitDispatchSupport.java:233)
2025-10-12 02:48:32,432 [ERROR] LogOutputStream:74 - [STDERR_REDIRECT] 	at java.base/java.security.AccessController.doPrivileged(Native Method)
2025-10-12 02:48:32,433 [ERROR] LogOutputStream:74 - [STDERR_REDIRECT] 	at java.desktop/java.awt.WaitDispatchSupport.enter(WaitDispatchSupport.java:233)
2025-10-12 02:48:32,433 [ERROR] LogOutputStream:74 - [STDERR_REDIRECT] 	at java.desktop/java.awt.Dialog.show(Dialog.java:1070)
2025-10-12 02:48:32,434 [ERROR] LogOutputStream:74 - [STDERR_REDIRECT] 	at java.desktop/javax.swing.JOptionPane.showOptionDialog(JOptionPane.java:874)
2025-10-12 02:48:32,435 [ERROR] LogOutputStream:74 - [STDERR_REDIRECT] 	at java.desktop/javax.swing.JOptionPane.showMessageDialog(JOptionPane.java:670)
2025-10-12 02:48:32,435 [ERROR] LogOutputStream:74 - [STDERR_REDIRECT] 	at java.desktop/javax.swing.JOptionPane.showMessageDialog(JOptionPane.java:641)
2025-10-12 02:48:32,436 [ERROR] LogOutputStream:74 - [STDERR_REDIRECT] 	at com.st.microxplorer.mcufinder.gui.WebUtils.downloadDbFiles(WebUtils.java:851)
2025-10-12 02:48:32,437 [ERROR] LogOutputStream:74 - [STDERR_REDIRECT] 	at com.st.stm32cube.common.mx.targetselector.TargetSelectorAdapter$4.run(TargetSelectorAdapter.java:222)
2025-10-12 02:48:32,437 [ERROR] LogOutputStream:74 - [STDERR_REDIRECT] 	at com.st.stm32cube.common.mx.oss.core.awtswtbridge.AwtEnvironment$2.run(AwtEnvironment.java:166)
2025-10-12 02:48:32,438 [ERROR] LogOutputStream:74 - [STDERR_REDIRECT] 	at java.desktop/java.awt.event.InvocationEvent.dispatch(InvocationEvent.java:313)
2025-10-12 02:48:32,439 [ERROR] LogOutputStream:74 - [STDERR_REDIRECT] 	at java.desktop/java.awt.EventQueue.dispatchEventImpl(EventQueue.java:770)
2025-10-12 02:48:32,439 [ERROR] LogOutputStream:74 - [STDERR_REDIRECT] 	at java.desktop/java.awt.EventQueue$4.run(EventQueue.java:721)
2025-10-12 02:48:32,440 [ERROR] LogOutputStream:74 - [STDERR_REDIRECT] 	at java.desktop/java.awt.EventQueue$4.run(EventQueue.java:715)
2025-10-12 02:48:32,440 [ERROR] LogOutputStream:74 - [STDERR_REDIRECT] 	at java.base/java.security.AccessController.doPrivileged(Native Method)
2025-10-12 02:48:32,441 [ERROR] LogOutputStream:74 - [STDERR_REDIRECT] 	at java.base/java.security.ProtectionDomain$JavaSecurityAccessImpl.doIntersectionPrivilege(ProtectionDomain.java:85)
2025-10-12 02:48:32,442 [ERROR] LogOutputStream:74 - [STDERR_REDIRECT] 	at java.desktop/java.awt.EventQueue.dispatchEvent(EventQueue.java:740)
2025-10-12 02:48:32,442 [ERROR] LogOutputStream:74 - [STDERR_REDIRECT] 	at java.desktop/java.awt.EventDispatchThread.pumpOneEventForFilters(EventDispatchThread.java:203)
2025-10-12 02:48:32,443 [ERROR] LogOutputStream:74 - [STDERR_REDIRECT] 	at java.desktop/java.awt.EventDispatchThread.pumpEventsForFilter(EventDispatchThread.java:124)
2025-10-12 02:48:32,444 [ERROR] LogOutputStream:74 - [STDERR_REDIRECT] 	at java.desktop/java.awt.EventDispatchThread.pumpEventsForHierarchy(EventDispatchThread.java:113)
2025-10-12 02:48:32,444 [ERROR] LogOutputStream:74 - [STDERR_REDIRECT] 	at java.desktop/java.awt.EventDispatchThread.pumpEvents(EventDispatchThread.java:109)
2025-10-12 02:48:32,445 [ERROR] LogOutputStream:74 - [STDERR_REDIRECT] 	at java.desktop/java.awt.EventDispatchThread.pumpEvents(EventDispatchThread.java:101)
2025-10-12 02:48:32,446 [ERROR] LogOutputStream:74 - [STDERR_REDIRECT] 	at java.desktop/java.awt.EventDispatchThread.run(EventDispatchThread.java:90)
2025-10-12 02:48:42,234 [INFO] MainUpdater:2671 - connection check result : 10
2025-10-12 02:48:42,234 [INFO] MainUpdater:2671 - connection check result : 10
2025-10-12 02:48:42,283 [INFO] MicroXplorer:448 - Change Database Path : 
2025-10-12 02:48:42,283 [INFO] MicroXplorer:478 - Change Database Version : DB.6.0.30
2025-10-12 02:48:42,283 [WARN] ThirdParty:813 - waiting for thirdparty lock release [close project]
2025-10-12 02:48:42,283 [INFO] ThirdParty:815 - entering critical section [close project]
2025-10-12 02:48:42,283 [INFO] ThirdParty:825 - exiting critical section [close project]
2025-10-12 02:48:42,284 [INFO] PinOutPanel:1463 - setPackage(No Configuration,No Configuration)
2025-10-12 02:48:42,287 [ERROR] LogOutputStream:74 - [STDERR_REDIRECT] Exception in thread "AWT-EventQueue-0" java.lang.IndexOutOfBoundsException: Index -1 out of bounds for length 4
2025-10-12 02:48:42,288 [ERROR] LogOutputStream:74 - [STDERR_REDIRECT] 	at java.base/jdk.internal.util.Preconditions.outOfBounds(Preconditions.java:64)
2025-10-12 02:48:42,290 [ERROR] LogOutputStream:74 - [STDERR_REDIRECT] 	at java.base/jdk.internal.util.Preconditions.outOfBoundsCheckIndex(Preconditions.java:70)
2025-10-12 02:48:42,292 [ERROR] LogOutputStream:74 - [STDERR_REDIRECT] 	at java.base/jdk.internal.util.Preconditions.checkIndex(Preconditions.java:248)
2025-10-12 02:48:42,292 [ERROR] LogOutputStream:74 - [STDERR_REDIRECT] 	at java.base/java.util.Objects.checkIndex(Objects.java:372)
2025-10-12 02:48:42,293 [ERROR] LogOutputStream:74 - [STDERR_REDIRECT] 	at java.base/java.util.ArrayList.get(ArrayList.java:459)
2025-10-12 02:48:42,294 [ERROR] LogOutputStream:74 - [STDERR_REDIRECT] 	at java.desktop/javax.swing.JTabbedPane.getTitleAt(JTabbedPane.java:1121)
2025-10-12 02:48:42,294 [ERROR] LogOutputStream:74 - [STDERR_REDIRECT] 	at com.st.microxplorer.maingui.MainPanel.getSelectedPluginView(MainPanel.java:1624)
2025-10-12 02:48:42,295 [ERROR] LogOutputStream:74 - [STDERR_REDIRECT] 	at com.st.microxplorer.maingui.MainPanel.getCurrentPluginName(MainPanel.java:1763)
2025-10-12 02:48:42,297 [ERROR] LogOutputStream:74 - [STDERR_REDIRECT] 	at com.st.microxplorer.maingui.AppletMainFrameCubeIde.UpdateCaption(AppletMainFrameCubeIde.java:71)
2025-10-12 02:48:42,298 [ERROR] LogOutputStream:74 - [STDERR_REDIRECT] 	at com.st.microxplorer.maingui.MainPanel.resetModified(MainPanel.java:545)
2025-10-12 02:48:42,299 [ERROR] LogOutputStream:74 - [STDERR_REDIRECT] 	at com.st.microxplorer.maingui.MainPanel.propertyChange(MainPanel.java:904)
2025-10-12 02:48:42,301 [ERROR] LogOutputStream:74 - [STDERR_REDIRECT] 	at java.desktop/java.beans.PropertyChangeSupport.fire(PropertyChangeSupport.java:341)
2025-10-12 02:48:42,303 [ERROR] LogOutputStream:74 - [STDERR_REDIRECT] 	at java.desktop/java.beans.PropertyChangeSupport.firePropertyChange(PropertyChangeSupport.java:333)
2025-10-12 02:48:42,304 [ERROR] LogOutputStream:74 - [STDERR_REDIRECT] 	at java.desktop/java.beans.PropertyChangeSupport.firePropertyChange(PropertyChangeSupport.java:266)
2025-10-12 02:48:42,305 [ERROR] LogOutputStream:74 - [STDERR_REDIRECT] 	at com.st.microxplorer.util.MXPropertyChangeSupport.firePropertyChange(MXPropertyChangeSupport.java:50)
2025-10-12 02:48:42,305 [ERROR] LogOutputStream:74 - [STDERR_REDIRECT] 	at com.st.microxplorer.mxsystem.MxSystem.closeConfig(MxSystem.java:657)
2025-10-12 02:48:42,305 [ERROR] LogOutputStream:74 - [STDERR_REDIRECT] 	at com.st.microxplorer.maingui.MainPanel.closeConfig(MainPanel.java:637)
2025-10-12 02:48:42,306 [ERROR] LogOutputStream:74 - [STDERR_REDIRECT] 	at com.st.microxplorer.plugins.filemanager.engine.OpenFileManager.loadConfigurationFile(OpenFileManager.java:238)
2025-10-12 02:48:42,307 [ERROR] LogOutputStream:74 - [STDERR_REDIRECT] 	at com.st.microxplorer.plugins.filemanager.engine.MainFileManager.userLoadConfig(MainFileManager.java:276)
2025-10-12 02:48:42,308 [ERROR] LogOutputStream:74 - [STDERR_REDIRECT] 	at com.st.microxplorer.plugins.filemanager.FileManagerView.getSpecificTask(FileManagerView.java:240)
2025-10-12 02:48:42,311 [ERROR] LogOutputStream:74 - [STDERR_REDIRECT] 	at com.st.stm32cube.common.mx.editor.CubeMxEditor.getMxTabbedPaneInstance(CubeMxEditor.java:1148)
2025-10-12 02:48:42,312 [ERROR] LogOutputStream:74 - [STDERR_REDIRECT] 	at com.st.stm32cube.common.mx.editor.CubeMxEditor$11$1.createSwingComponent(CubeMxEditor.java:1034)
2025-10-12 02:48:42,315 [ERROR] LogOutputStream:74 - [STDERR_REDIRECT] 	at com.st.stm32cube.common.mx.oss.core.awtswtbridge.EmbeddedSwingComposite.doComponentCreation(EmbeddedSwingComposite.java:492)
2025-10-12 02:48:42,317 [ERROR] LogOutputStream:74 - [STDERR_REDIRECT] 	at com.st.stm32cube.common.mx.oss.core.awtswtbridge.EmbeddedSwingComposite$4.run(EmbeddedSwingComposite.java:291)
2025-10-12 02:48:42,318 [ERROR] LogOutputStream:74 - [STDERR_REDIRECT] 	at com.st.stm32cube.common.mx.oss.core.awtswtbridge.AwtEnvironment$2.run(AwtEnvironment.java:166)
2025-10-12 02:48:42,320 [ERROR] LogOutputStream:74 - [STDERR_REDIRECT] 	at java.desktop/java.awt.event.InvocationEvent.dispatch(InvocationEvent.java:313)
2025-10-12 02:48:42,320 [ERROR] LogOutputStream:74 - [STDERR_REDIRECT] 	at java.desktop/java.awt.EventQueue.dispatchEventImpl(EventQueue.java:770)
2025-10-12 02:48:42,321 [ERROR] LogOutputStream:74 - [STDERR_REDIRECT] 	at java.desktop/java.awt.EventQueue$4.run(EventQueue.java:721)
2025-10-12 02:48:42,322 [ERROR] LogOutputStream:74 - [STDERR_REDIRECT] 	at java.desktop/java.awt.EventQueue$4.run(EventQueue.java:715)
2025-10-12 02:48:42,322 [ERROR] LogOutputStream:74 - [STDERR_REDIRECT] 	at java.base/java.security.AccessController.doPrivileged(Native Method)
2025-10-12 02:48:42,323 [ERROR] LogOutputStream:74 - [STDERR_REDIRECT] 	at java.base/java.security.ProtectionDomain$JavaSecurityAccessImpl.doIntersectionPrivilege(ProtectionDomain.java:85)
2025-10-12 02:48:42,324 [ERROR] LogOutputStream:74 - [STDERR_REDIRECT] 	at java.desktop/java.awt.EventQueue.dispatchEvent(EventQueue.java:740)
2025-10-12 02:48:42,326 [ERROR] LogOutputStream:74 - [STDERR_REDIRECT] 	at java.desktop/java.awt.EventDispatchThread.pumpOneEventForFilters(EventDispatchThread.java:203)
2025-10-12 02:48:42,327 [ERROR] LogOutputStream:74 - [STDERR_REDIRECT] 	at java.desktop/java.awt.EventDispatchThread.pumpEventsForFilter(EventDispatchThread.java:124)
2025-10-12 02:48:42,328 [ERROR] LogOutputStream:74 - [STDERR_REDIRECT] 	at java.desktop/java.awt.EventDispatchThread.pumpEventsForFilter(EventDispatchThread.java:117)
2025-10-12 02:48:42,329 [ERROR] LogOutputStream:74 - [STDERR_REDIRECT] 	at java.desktop/java.awt.WaitDispatchSupport$2.run(WaitDispatchSupport.java:190)
2025-10-12 02:48:42,331 [ERROR] LogOutputStream:74 - [STDERR_REDIRECT] 	at java.desktop/java.awt.WaitDispatchSupport$4.run(WaitDispatchSupport.java:235)
2025-10-12 02:48:42,331 [ERROR] LogOutputStream:74 - [STDERR_REDIRECT] 	at java.desktop/java.awt.WaitDispatchSupport$4.run(WaitDispatchSupport.java:233)
2025-10-12 02:48:42,332 [ERROR] LogOutputStream:74 - [STDERR_REDIRECT] 	at java.base/java.security.AccessController.doPrivileged(Native Method)
2025-10-12 02:48:42,332 [ERROR] LogOutputStream:74 - [STDERR_REDIRECT] 	at java.desktop/java.awt.WaitDispatchSupport.enter(WaitDispatchSupport.java:233)
2025-10-12 02:48:42,333 [ERROR] LogOutputStream:74 - [STDERR_REDIRECT] 	at java.desktop/java.awt.Dialog.show(Dialog.java:1070)
2025-10-12 02:48:42,334 [ERROR] LogOutputStream:74 - [STDERR_REDIRECT] 	at java.desktop/javax.swing.JOptionPane.showOptionDialog(JOptionPane.java:874)
2025-10-12 02:48:42,334 [ERROR] LogOutputStream:74 - [STDERR_REDIRECT] 	at java.desktop/javax.swing.JOptionPane.showMessageDialog(JOptionPane.java:670)
2025-10-12 02:48:42,335 [ERROR] LogOutputStream:74 - [STDERR_REDIRECT] 	at java.desktop/javax.swing.JOptionPane.showMessageDialog(JOptionPane.java:641)
2025-10-12 02:48:42,335 [ERROR] LogOutputStream:74 - [STDERR_REDIRECT] 	at com.st.microxplorer.mcufinder.gui.WebUtils.downloadDbFiles(WebUtils.java:851)
2025-10-12 02:48:42,336 [ERROR] LogOutputStream:74 - [STDERR_REDIRECT] 	at com.st.stm32cube.common.mx.targetselector.TargetSelectorAdapter$4.run(TargetSelectorAdapter.java:222)
2025-10-12 02:48:42,337 [ERROR] LogOutputStream:74 - [STDERR_REDIRECT] 	at com.st.stm32cube.common.mx.oss.core.awtswtbridge.AwtEnvironment$2.run(AwtEnvironment.java:166)
2025-10-12 02:48:42,338 [ERROR] LogOutputStream:74 - [STDERR_REDIRECT] 	at java.desktop/java.awt.event.InvocationEvent.dispatch(InvocationEvent.java:313)
2025-10-12 02:48:42,338 [ERROR] LogOutputStream:74 - [STDERR_REDIRECT] 	at java.desktop/java.awt.EventQueue.dispatchEventImpl(EventQueue.java:770)
2025-10-12 02:48:42,339 [ERROR] LogOutputStream:74 - [STDERR_REDIRECT] 	at java.desktop/java.awt.EventQueue$4.run(EventQueue.java:721)
2025-10-12 02:48:42,339 [ERROR] LogOutputStream:74 - [STDERR_REDIRECT] 	at java.desktop/java.awt.EventQueue$4.run(EventQueue.java:715)
2025-10-12 02:48:42,340 [ERROR] LogOutputStream:74 - [STDERR_REDIRECT] 	at java.base/java.security.AccessController.doPrivileged(Native Method)
2025-10-12 02:48:42,341 [ERROR] LogOutputStream:74 - [STDERR_REDIRECT] 	at java.base/java.security.ProtectionDomain$JavaSecurityAccessImpl.doIntersectionPrivilege(ProtectionDomain.java:85)
2025-10-12 02:48:42,342 [ERROR] LogOutputStream:74 - [STDERR_REDIRECT] 	at java.desktop/java.awt.EventQueue.dispatchEvent(EventQueue.java:740)
2025-10-12 02:48:42,342 [ERROR] LogOutputStream:74 - [STDERR_REDIRECT] 	at java.desktop/java.awt.EventDispatchThread.pumpOneEventForFilters(EventDispatchThread.java:203)
2025-10-12 02:48:42,343 [ERROR] LogOutputStream:74 - [STDERR_REDIRECT] 	at java.desktop/java.awt.EventDispatchThread.pumpEventsForFilter(EventDispatchThread.java:124)
2025-10-12 02:48:42,344 [ERROR] LogOutputStream:74 - [STDERR_REDIRECT] 	at java.desktop/java.awt.EventDispatchThread.pumpEventsForHierarchy(EventDispatchThread.java:113)
2025-10-12 02:48:42,345 [ERROR] LogOutputStream:74 - [STDERR_REDIRECT] 	at java.desktop/java.awt.EventDispatchThread.pumpEvents(EventDispatchThread.java:109)
2025-10-12 02:48:42,345 [ERROR] LogOutputStream:74 - [STDERR_REDIRECT] 	at java.desktop/java.awt.EventDispatchThread.pumpEvents(EventDispatchThread.java:101)
2025-10-12 02:48:42,346 [ERROR] LogOutputStream:74 - [STDERR_REDIRECT] 	at java.desktop/java.awt.EventDispatchThread.run(EventDispatchThread.java:90)
2025-10-12 02:48:46,218 [ERROR] LogOutputStream:74 - [STDERR_REDIRECT] Exception in thread "AWT-EventQueue-0" java.lang.IndexOutOfBoundsException: Index -1 out of bounds for length 4
2025-10-12 02:48:46,219 [ERROR] LogOutputStream:74 - [STDERR_REDIRECT] 	at java.base/jdk.internal.util.Preconditions.outOfBounds(Preconditions.java:64)
2025-10-12 02:48:46,220 [ERROR] LogOutputStream:74 - [STDERR_REDIRECT] 	at java.base/jdk.internal.util.Preconditions.outOfBoundsCheckIndex(Preconditions.java:70)
2025-10-12 02:48:46,221 [ERROR] LogOutputStream:74 - [STDERR_REDIRECT] 	at java.base/jdk.internal.util.Preconditions.checkIndex(Preconditions.java:248)
2025-10-12 02:48:46,221 [ERROR] LogOutputStream:74 - [STDERR_REDIRECT] 	at java.base/java.util.Objects.checkIndex(Objects.java:372)
2025-10-12 02:48:46,222 [ERROR] LogOutputStream:74 - [STDERR_REDIRECT] 	at java.base/java.util.ArrayList.get(ArrayList.java:459)
2025-10-12 02:48:46,222 [ERROR] LogOutputStream:74 - [STDERR_REDIRECT] 	at java.desktop/javax.swing.JTabbedPane.getTitleAt(JTabbedPane.java:1121)
2025-10-12 02:48:46,223 [ERROR] LogOutputStream:74 - [STDERR_REDIRECT] 	at com.st.microxplorer.maingui.MainPanel.getSelectedPluginView(MainPanel.java:1624)
2025-10-12 02:48:46,223 [ERROR] LogOutputStream:74 - [STDERR_REDIRECT] 	at com.st.microxplorer.maingui.MainPanel.getCurrentPluginName(MainPanel.java:1763)
2025-10-12 02:48:46,224 [ERROR] LogOutputStream:74 - [STDERR_REDIRECT] 	at com.st.microxplorer.maingui.AppletMainFrameCubeIde.UpdateCaption(AppletMainFrameCubeIde.java:71)
2025-10-12 02:48:46,225 [ERROR] LogOutputStream:74 - [STDERR_REDIRECT] 	at com.st.microxplorer.maingui.MainPanel.resetModified(MainPanel.java:545)
2025-10-12 02:48:46,226 [ERROR] LogOutputStream:74 - [STDERR_REDIRECT] 	at com.st.stm32cube.common.mx.editor.CubeMxEditor$19.run(CubeMxEditor.java:1818)
2025-10-12 02:48:46,227 [ERROR] LogOutputStream:74 - [STDERR_REDIRECT] 	at com.st.stm32cube.common.mx.oss.core.awtswtbridge.AwtEnvironment$2.run(AwtEnvironment.java:166)
2025-10-12 02:48:46,227 [ERROR] LogOutputStream:74 - [STDERR_REDIRECT] 	at java.desktop/java.awt.event.InvocationEvent.dispatch(InvocationEvent.java:313)
2025-10-12 02:48:46,228 [ERROR] LogOutputStream:74 - [STDERR_REDIRECT] 	at java.desktop/java.awt.EventQueue.dispatchEventImpl(EventQueue.java:770)
2025-10-12 02:48:46,228 [ERROR] LogOutputStream:74 - [STDERR_REDIRECT] 	at java.desktop/java.awt.EventQueue$4.run(EventQueue.java:721)
2025-10-12 02:48:46,229 [ERROR] LogOutputStream:74 - [STDERR_REDIRECT] 	at java.desktop/java.awt.EventQueue$4.run(EventQueue.java:715)
2025-10-12 02:48:46,229 [ERROR] LogOutputStream:74 - [STDERR_REDIRECT] 	at java.base/java.security.AccessController.doPrivileged(Native Method)
2025-10-12 02:48:46,230 [ERROR] LogOutputStream:74 - [STDERR_REDIRECT] 	at java.base/java.security.ProtectionDomain$JavaSecurityAccessImpl.doIntersectionPrivilege(ProtectionDomain.java:85)
2025-10-12 02:48:46,231 [ERROR] LogOutputStream:74 - [STDERR_REDIRECT] 	at java.desktop/java.awt.EventQueue.dispatchEvent(EventQueue.java:740)
2025-10-12 02:48:46,231 [ERROR] LogOutputStream:74 - [STDERR_REDIRECT] 	at java.desktop/java.awt.EventDispatchThread.pumpOneEventForFilters(EventDispatchThread.java:203)
2025-10-12 02:48:46,233 [ERROR] LogOutputStream:74 - [STDERR_REDIRECT] 	at java.desktop/java.awt.EventDispatchThread.pumpEventsForFilter(EventDispatchThread.java:124)
2025-10-12 02:48:46,233 [ERROR] LogOutputStream:74 - [STDERR_REDIRECT] 	at java.desktop/java.awt.EventDispatchThread.pumpEventsForFilter(EventDispatchThread.java:117)
2025-10-12 02:48:46,234 [ERROR] LogOutputStream:74 - [STDERR_REDIRECT] 	at java.desktop/java.awt.WaitDispatchSupport$2.run(WaitDispatchSupport.java:190)
2025-10-12 02:48:46,234 [ERROR] LogOutputStream:74 - [STDERR_REDIRECT] 	at java.desktop/java.awt.WaitDispatchSupport$4.run(WaitDispatchSupport.java:235)
2025-10-12 02:48:46,235 [ERROR] LogOutputStream:74 - [STDERR_REDIRECT] 	at java.desktop/java.awt.WaitDispatchSupport$4.run(WaitDispatchSupport.java:233)
2025-10-12 02:48:46,235 [ERROR] LogOutputStream:74 - [STDERR_REDIRECT] 	at java.base/java.security.AccessController.doPrivileged(Native Method)
2025-10-12 02:48:46,236 [ERROR] LogOutputStream:74 - [STDERR_REDIRECT] 	at java.desktop/java.awt.WaitDispatchSupport.enter(WaitDispatchSupport.java:233)
2025-10-12 02:48:46,236 [ERROR] LogOutputStream:74 - [STDERR_REDIRECT] 	at java.desktop/java.awt.Dialog.show(Dialog.java:1070)
2025-10-12 02:48:46,237 [ERROR] LogOutputStream:74 - [STDERR_REDIRECT] 	at java.desktop/javax.swing.JOptionPane.showOptionDialog(JOptionPane.java:874)
2025-10-12 02:48:46,238 [ERROR] LogOutputStream:74 - [STDERR_REDIRECT] 	at java.desktop/javax.swing.JOptionPane.showMessageDialog(JOptionPane.java:670)
2025-10-12 02:48:46,240 [ERROR] LogOutputStream:74 - [STDERR_REDIRECT] 	at java.desktop/javax.swing.JOptionPane.showMessageDialog(JOptionPane.java:641)
2025-10-12 02:48:46,241 [ERROR] LogOutputStream:74 - [STDERR_REDIRECT] 	at com.st.microxplorer.mcufinder.gui.WebUtils.downloadDbFiles(WebUtils.java:851)
2025-10-12 02:48:46,242 [ERROR] LogOutputStream:74 - [STDERR_REDIRECT] 	at com.st.stm32cube.common.mx.targetselector.TargetSelectorAdapter$4.run(TargetSelectorAdapter.java:222)
2025-10-12 02:48:46,242 [ERROR] LogOutputStream:74 - [STDERR_REDIRECT] 	at com.st.stm32cube.common.mx.oss.core.awtswtbridge.AwtEnvironment$2.run(AwtEnvironment.java:166)
2025-10-12 02:48:46,243 [ERROR] LogOutputStream:74 - [STDERR_REDIRECT] 	at java.desktop/java.awt.event.InvocationEvent.dispatch(InvocationEvent.java:313)
2025-10-12 02:48:46,244 [ERROR] LogOutputStream:74 - [STDERR_REDIRECT] 	at java.desktop/java.awt.EventQueue.dispatchEventImpl(EventQueue.java:770)
2025-10-12 02:48:46,244 [ERROR] LogOutputStream:74 - [STDERR_REDIRECT] 	at java.desktop/java.awt.EventQueue$4.run(EventQueue.java:721)
2025-10-12 02:48:46,245 [ERROR] LogOutputStream:74 - [STDERR_REDIRECT] 	at java.desktop/java.awt.EventQueue$4.run(EventQueue.java:715)
2025-10-12 02:48:46,245 [ERROR] LogOutputStream:74 - [STDERR_REDIRECT] 	at java.base/java.security.AccessController.doPrivileged(Native Method)
2025-10-12 02:48:46,247 [ERROR] LogOutputStream:74 - [STDERR_REDIRECT] 	at java.base/java.security.ProtectionDomain$JavaSecurityAccessImpl.doIntersectionPrivilege(ProtectionDomain.java:85)
2025-10-12 02:48:46,247 [ERROR] LogOutputStream:74 - [STDERR_REDIRECT] 	at java.desktop/java.awt.EventQueue.dispatchEvent(EventQueue.java:740)
2025-10-12 02:48:46,248 [ERROR] LogOutputStream:74 - [STDERR_REDIRECT] 	at java.desktop/java.awt.EventDispatchThread.pumpOneEventForFilters(EventDispatchThread.java:203)
2025-10-12 02:48:46,249 [ERROR] LogOutputStream:74 - [STDERR_REDIRECT] 	at java.desktop/java.awt.EventDispatchThread.pumpEventsForFilter(EventDispatchThread.java:124)
2025-10-12 02:48:46,249 [ERROR] LogOutputStream:74 - [STDERR_REDIRECT] 	at java.desktop/java.awt.EventDispatchThread.pumpEventsForHierarchy(EventDispatchThread.java:113)
2025-10-12 02:48:46,250 [ERROR] LogOutputStream:74 - [STDERR_REDIRECT] 	at java.desktop/java.awt.EventDispatchThread.pumpEvents(EventDispatchThread.java:109)
2025-10-12 02:48:46,251 [ERROR] LogOutputStream:74 - [STDERR_REDIRECT] 	at java.desktop/java.awt.EventDispatchThread.pumpEvents(EventDispatchThread.java:101)
2025-10-12 02:48:46,251 [ERROR] LogOutputStream:74 - [STDERR_REDIRECT] 	at java.desktop/java.awt.EventDispatchThread.run(EventDispatchThread.java:90)
2025-10-12 02:49:12,956 [ERROR] LogOutputStream:74 - [STDERR_REDIRECT] Exception in thread "AWT-EventQueue-0" org.eclipse.swt.SWTException: Device is disposed
2025-10-12 02:49:12,957 [ERROR] LogOutputStream:74 - [STDERR_REDIRECT] 	at org.eclipse.swt.SWT.error(SWT.java:4889)
2025-10-12 02:49:12,957 [ERROR] LogOutputStream:74 - [STDERR_REDIRECT] 	at org.eclipse.swt.SWT.error(SWT.java:4804)
2025-10-12 02:49:12,957 [ERROR] LogOutputStream:74 - [STDERR_REDIRECT] 	at org.eclipse.swt.SWT.error(SWT.java:4775)
2025-10-12 02:49:12,958 [ERROR] LogOutputStream:74 - [STDERR_REDIRECT] 	at org.eclipse.swt.widgets.Display.error(Display.java:1262)
2025-10-12 02:49:12,958 [ERROR] LogOutputStream:74 - [STDERR_REDIRECT] 	at org.eclipse.swt.widgets.Display.asyncExec(Display.java:779)
2025-10-12 02:49:12,959 [ERROR] LogOutputStream:74 - [STDERR_REDIRECT] 	at com.st.stm32cube.common.mx.oss.core.awtswtbridge.AwtEnvironment$2.run(AwtEnvironment.java:168)
2025-10-12 02:49:12,960 [ERROR] LogOutputStream:74 - [STDERR_REDIRECT] 	at java.desktop/java.awt.event.InvocationEvent.dispatch(InvocationEvent.java:313)
2025-10-12 02:49:12,960 [ERROR] LogOutputStream:74 - [STDERR_REDIRECT] 	at java.desktop/java.awt.EventQueue.dispatchEventImpl(EventQueue.java:770)
2025-10-12 02:49:12,961 [ERROR] LogOutputStream:74 - [STDERR_REDIRECT] 	at java.desktop/java.awt.EventQueue$4.run(EventQueue.java:721)
2025-10-12 02:49:12,961 [ERROR] LogOutputStream:74 - [STDERR_REDIRECT] 	at java.desktop/java.awt.EventQueue$4.run(EventQueue.java:715)
2025-10-12 02:49:12,962 [ERROR] LogOutputStream:74 - [STDERR_REDIRECT] 	at java.base/java.security.AccessController.doPrivileged(Native Method)
2025-10-12 02:49:12,963 [ERROR] LogOutputStream:74 - [STDERR_REDIRECT] 	at java.base/java.security.ProtectionDomain$JavaSecurityAccessImpl.doIntersectionPrivilege(ProtectionDomain.java:85)
2025-10-12 02:49:12,963 [ERROR] LogOutputStream:74 - [STDERR_REDIRECT] 	at java.desktop/java.awt.EventQueue.dispatchEvent(EventQueue.java:740)
2025-10-12 02:49:12,964 [ERROR] LogOutputStream:74 - [STDERR_REDIRECT] 	at java.desktop/java.awt.EventDispatchThread.pumpOneEventForFilters(EventDispatchThread.java:203)
2025-10-12 02:49:12,965 [ERROR] LogOutputStream:74 - [STDERR_REDIRECT] 	at java.desktop/java.awt.EventDispatchThread.pumpEventsForFilter(EventDispatchThread.java:124)
2025-10-12 02:49:12,965 [ERROR] LogOutputStream:74 - [STDERR_REDIRECT] 	at java.desktop/java.awt.EventDispatchThread.pumpEventsForFilter(EventDispatchThread.java:117)
2025-10-12 02:49:12,966 [ERROR] LogOutputStream:74 - [STDERR_REDIRECT] 	at java.desktop/java.awt.WaitDispatchSupport$2.run(WaitDispatchSupport.java:190)
2025-10-12 02:49:12,967 [ERROR] LogOutputStream:74 - [STDERR_REDIRECT] 	at java.desktop/java.awt.WaitDispatchSupport$4.run(WaitDispatchSupport.java:235)
2025-10-12 02:49:12,967 [ERROR] LogOutputStream:74 - [STDERR_REDIRECT] 	at java.desktop/java.awt.WaitDispatchSupport$4.run(WaitDispatchSupport.java:233)
2025-10-12 02:49:12,968 [ERROR] LogOutputStream:74 - [STDERR_REDIRECT] 	at java.base/java.security.AccessController.doPrivileged(Native Method)
2025-10-12 02:49:12,968 [ERROR] LogOutputStream:74 - [STDERR_REDIRECT] 	at java.desktop/java.awt.WaitDispatchSupport.enter(WaitDispatchSupport.java:233)
2025-10-12 02:49:12,969 [ERROR] LogOutputStream:74 - [STDERR_REDIRECT] 	at java.desktop/java.awt.Dialog.show(Dialog.java:1070)
2025-10-12 02:49:12,969 [ERROR] LogOutputStream:74 - [STDERR_REDIRECT] 	at java.desktop/javax.swing.JOptionPane.showOptionDialog(JOptionPane.java:874)
2025-10-12 02:49:12,970 [ERROR] LogOutputStream:74 - [STDERR_REDIRECT] 	at java.desktop/javax.swing.JOptionPane.showMessageDialog(JOptionPane.java:670)
2025-10-12 02:49:12,971 [ERROR] LogOutputStream:74 - [STDERR_REDIRECT] 	at java.desktop/javax.swing.JOptionPane.showMessageDialog(JOptionPane.java:641)
2025-10-12 02:49:12,971 [ERROR] LogOutputStream:74 - [STDERR_REDIRECT] 	at com.st.microxplorer.mcufinder.gui.WebUtils.downloadDbFiles(WebUtils.java:851)
2025-10-12 02:49:12,973 [ERROR] LogOutputStream:74 - [STDERR_REDIRECT] 	at com.st.stm32cube.common.mx.targetselector.TargetSelectorAdapter$4.run(TargetSelectorAdapter.java:222)
2025-10-12 02:49:12,974 [ERROR] LogOutputStream:74 - [STDERR_REDIRECT] 	at com.st.stm32cube.common.mx.oss.core.awtswtbridge.AwtEnvironment$2.run(AwtEnvironment.java:166)
2025-10-12 02:49:12,975 [ERROR] LogOutputStream:74 - [STDERR_REDIRECT] 	at java.desktop/java.awt.event.InvocationEvent.dispatch(InvocationEvent.java:313)
2025-10-12 02:49:12,976 [ERROR] LogOutputStream:74 - [STDERR_REDIRECT] 	at java.desktop/java.awt.EventQueue.dispatchEventImpl(EventQueue.java:770)
2025-10-12 02:49:12,977 [ERROR] LogOutputStream:74 - [STDERR_REDIRECT] 	at java.desktop/java.awt.EventQueue$4.run(EventQueue.java:721)
2025-10-12 02:49:12,978 [ERROR] LogOutputStream:74 - [STDERR_REDIRECT] 	at java.desktop/java.awt.EventQueue$4.run(EventQueue.java:715)
2025-10-12 02:49:12,978 [ERROR] LogOutputStream:74 - [STDERR_REDIRECT] 	at java.base/java.security.AccessController.doPrivileged(Native Method)
2025-10-12 02:49:12,979 [ERROR] LogOutputStream:74 - [STDERR_REDIRECT] 	at java.base/java.security.ProtectionDomain$JavaSecurityAccessImpl.doIntersectionPrivilege(ProtectionDomain.java:85)
2025-10-12 02:49:12,980 [ERROR] LogOutputStream:74 - [STDERR_REDIRECT] 	at java.desktop/java.awt.EventQueue.dispatchEvent(EventQueue.java:740)
2025-10-12 02:49:12,981 [ERROR] LogOutputStream:74 - [STDERR_REDIRECT] 	at java.desktop/java.awt.EventDispatchThread.pumpOneEventForFilters(EventDispatchThread.java:203)
2025-10-12 02:49:12,982 [ERROR] LogOutputStream:74 - [STDERR_REDIRECT] 	at java.desktop/java.awt.EventDispatchThread.pumpEventsForFilter(EventDispatchThread.java:124)
2025-10-12 02:49:12,983 [ERROR] LogOutputStream:74 - [STDERR_REDIRECT] 	at java.desktop/java.awt.EventDispatchThread.pumpEventsForHierarchy(EventDispatchThread.java:113)
2025-10-12 02:49:12,984 [ERROR] LogOutputStream:74 - [STDERR_REDIRECT] 	at java.desktop/java.awt.EventDispatchThread.pumpEvents(EventDispatchThread.java:109)
2025-10-12 02:49:12,985 [ERROR] LogOutputStream:74 - [STDERR_REDIRECT] 	at java.desktop/java.awt.EventDispatchThread.pumpEvents(EventDispatchThread.java:101)
2025-10-12 02:49:12,985 [ERROR] LogOutputStream:74 - [STDERR_REDIRECT] 	at java.desktop/java.awt.EventDispatchThread.run(EventDispatchThread.java:90)
2025-10-12 02:49:42,450 [INFO] Activator:177 - 


2025-10-12 02:49:42,452 [INFO] Activator:178 - !SESSION log4j initialized
2025-10-12 02:50:32,252 [INFO] McuFinderGlobals:39 - Set McuFinder mode to 2 (CubeIDE integrated)
2025-10-12 02:50:32,399 [INFO] ApplicationProperties:181 - Using Application install path: C:\ST\STM32CubeIDE_1.7.0\STM32CubeIDE\plugins\com.st.stm32cube.common.mx_6.3.0.202107141111
2025-10-12 02:50:32,412 [INFO] DbMcusXml:74 - Set database path to: C:\ST\STM32CubeIDE_1.7.0\STM32CubeIDE\plugins\com.st.stm32cube.common.mx_6.3.0.202107141111\\db\/mcu/
2025-10-12 02:50:32,415 [INFO] DbBoardsPdsc:56 - Set plugin database path to: C:\ST\STM32CubeIDE_1.7.0\STM32CubeIDE\plugins\com.st.stm32cube.common.mx_6.3.0.202107141111\\db\/plugins/boardmanager/
2025-10-12 02:50:32,416 [INFO] DbMcus:258 - Set plugin images path to: C:\ST\STM32CubeIDE_1.7.0\STM32CubeIDE\plugins\com.st.stm32cube.common.mx_6.3.0.202107141111\\db\/plugins/mcufinder/images/
2025-10-12 02:50:32,416 [INFO] DbBoards:264 - Set plugin images path to: C:\ST\STM32CubeIDE_1.7.0\STM32CubeIDE\plugins\com.st.stm32cube.common.mx_6.3.0.202107141111\\db\/plugins/mcufinder/images/
2025-10-12 02:50:32,418 [INFO] DbExamples:333 - Set plugin images path to: C:\ST\STM32CubeIDE_1.7.0\STM32CubeIDE\plugins\com.st.stm32cube.common.mx_6.3.0.202107141111\\db\/plugins/mcufinder/images/
2025-10-12 02:50:32,422 [INFO] DbMcusAds:119 - Set database path to: C:\Users\ANH DUY\.stmcufinder\plugins\mcufinder//mcu/
2025-10-12 02:50:32,422 [INFO] DbMcusDocs:110 - Set database path to: C:\Users\ANH DUY\.stmcufinder\plugins\mcufinder//mcu/
2025-10-12 02:50:32,424 [INFO] DbMcusJson:64 - Set database path to: C:\Users\ANH DUY\.stmcufinder\plugins\mcufinder//mcu/
2025-10-12 02:50:32,424 [INFO] DbBoardsDocs:110 - Set database path to: C:\Users\ANH DUY\.stmcufinder\plugins\mcufinder//mcu/
2025-10-12 02:50:32,425 [INFO] DbBoardsJson:57 - Set database path to: C:\Users\ANH DUY\.stmcufinder\plugins\mcufinder//mcu/
2025-10-12 02:50:32,450 [INFO] CrossReferenceDbSqlite:196 - Set database path to: C:\Users\ANH DUY\.stmcufinder\plugins\mcufinder//mcu/cs/
2025-10-12 02:50:32,456 [INFO] DbExamplesSqlite:767 - Set database path to: C:\Users\ANH DUY\.stmcufinder\plugins\mcufinder//mcu/
2025-10-12 02:50:32,581 [INFO] RulesReader:57 - Compatibility file has been processed (242 Rules)
2025-10-12 02:50:32,967 [INFO] DbMcusXml:74 - Set database path to: C:\ST\STM32CubeIDE_1.7.0\STM32CubeIDE\plugins\com.st.stm32cube.common.mx_6.3.0.202107141111\\db\/mcu/
2025-10-12 02:50:32,969 [INFO] DbBoardsPdsc:56 - Set plugin database path to: C:\ST\STM32CubeIDE_1.7.0\STM32CubeIDE\plugins\com.st.stm32cube.common.mx_6.3.0.202107141111\\db\/plugins/boardmanager/
2025-10-12 02:50:32,970 [INFO] DbMcus:258 - Set plugin images path to: C:\ST\STM32CubeIDE_1.7.0\STM32CubeIDE\plugins\com.st.stm32cube.common.mx_6.3.0.202107141111\\db\/plugins/mcufinder/images/
2025-10-12 02:50:32,970 [INFO] DbBoards:264 - Set plugin images path to: C:\ST\STM32CubeIDE_1.7.0\STM32CubeIDE\plugins\com.st.stm32cube.common.mx_6.3.0.202107141111\\db\/plugins/mcufinder/images/
2025-10-12 02:50:32,970 [INFO] DbExamples:333 - Set plugin images path to: C:\ST\STM32CubeIDE_1.7.0\STM32CubeIDE\plugins\com.st.stm32cube.common.mx_6.3.0.202107141111\\db\/plugins/mcufinder/images/
2025-10-12 02:50:32,970 [WARN] DbFile:35 - Overriding database path with different value: C:\Users\ANH DUY\.stmcufinder\plugins\mcufinder/ => C:\Users\ANH DUY\.stmcufinder\plugins\mcufinder
2025-10-12 02:50:32,970 [INFO] DbMcusAds:119 - Set database path to: C:\Users\ANH DUY\.stmcufinder\plugins\mcufinder//mcu/
2025-10-12 02:50:32,971 [WARN] DbFile:35 - Overriding database path with different value: C:\Users\ANH DUY\.stmcufinder\plugins\mcufinder/ => C:\Users\ANH DUY\.stmcufinder\plugins\mcufinder
2025-10-12 02:50:32,971 [INFO] DbMcusDocs:110 - Set database path to: C:\Users\ANH DUY\.stmcufinder\plugins\mcufinder//mcu/
2025-10-12 02:50:32,971 [WARN] DbFile:35 - Overriding database path with different value: C:\Users\ANH DUY\.stmcufinder\plugins\mcufinder/ => C:\Users\ANH DUY\.stmcufinder\plugins\mcufinder
2025-10-12 02:50:32,971 [INFO] DbMcusJson:64 - Set database path to: C:\Users\ANH DUY\.stmcufinder\plugins\mcufinder//mcu/
2025-10-12 02:50:32,971 [WARN] DbFile:35 - Overriding database path with different value: C:\Users\ANH DUY\.stmcufinder\plugins\mcufinder/ => C:\Users\ANH DUY\.stmcufinder\plugins\mcufinder
2025-10-12 02:50:32,971 [INFO] DbBoardsDocs:110 - Set database path to: C:\Users\ANH DUY\.stmcufinder\plugins\mcufinder//mcu/
2025-10-12 02:50:32,971 [WARN] DbFile:35 - Overriding database path with different value: C:\Users\ANH DUY\.stmcufinder\plugins\mcufinder/ => C:\Users\ANH DUY\.stmcufinder\plugins\mcufinder
2025-10-12 02:50:32,971 [INFO] DbBoardsJson:57 - Set database path to: C:\Users\ANH DUY\.stmcufinder\plugins\mcufinder//mcu/
2025-10-12 02:50:32,971 [WARN] DbFile:35 - Overriding database path with different value: C:\Users\ANH DUY\.stmcufinder\plugins\mcufinder/ => C:\Users\ANH DUY\.stmcufinder\plugins\mcufinder
2025-10-12 02:50:32,971 [WARN] DbFile:35 - Overriding database path with different value: C:\Users\ANH DUY\.stmcufinder\plugins\mcufinder/ => C:\Users\ANH DUY\.stmcufinder\plugins\mcufinder
2025-10-12 02:50:32,971 [INFO] CrossReferenceDbSqlite:196 - Set database path to: C:\Users\ANH DUY\.stmcufinder\plugins\mcufinder//mcu/cs/
2025-10-12 02:50:32,971 [WARN] DbFile:35 - Overriding database path with different value: C:\Users\ANH DUY\.stmcufinder\plugins\mcufinder/ => C:\Users\ANH DUY\.stmcufinder\plugins\mcufinder
2025-10-12 02:50:32,971 [INFO] DbExamplesSqlite:767 - Set database path to: C:\Users\ANH DUY\.stmcufinder\plugins\mcufinder//mcu/
2025-10-12 02:50:33,015 [INFO] MainPanel:214 - HeapMemory: 268435456
2025-10-12 02:50:33,090 [INFO] DbMcusXml:74 - Set database path to: C:\ST\STM32CubeIDE_1.7.0\STM32CubeIDE\plugins\com.st.stm32cube.common.mx_6.3.0.202107141111\\db\/mcu/
2025-10-12 02:50:33,091 [INFO] DbBoardsPdsc:56 - Set plugin database path to: C:\ST\STM32CubeIDE_1.7.0\STM32CubeIDE\plugins\com.st.stm32cube.common.mx_6.3.0.202107141111\\db\/plugins/boardmanager/
2025-10-12 02:50:33,091 [INFO] DbMcus:258 - Set plugin images path to: C:\ST\STM32CubeIDE_1.7.0\STM32CubeIDE\plugins\com.st.stm32cube.common.mx_6.3.0.202107141111\\db\/plugins/mcufinder/images/
2025-10-12 02:50:33,091 [INFO] DbBoards:264 - Set plugin images path to: C:\ST\STM32CubeIDE_1.7.0\STM32CubeIDE\plugins\com.st.stm32cube.common.mx_6.3.0.202107141111\\db\/plugins/mcufinder/images/
2025-10-12 02:50:33,091 [INFO] DbExamples:333 - Set plugin images path to: C:\ST\STM32CubeIDE_1.7.0\STM32CubeIDE\plugins\com.st.stm32cube.common.mx_6.3.0.202107141111\\db\/plugins/mcufinder/images/
2025-10-12 02:50:33,092 [WARN] DbFile:35 - Overriding database path with different value: C:\Users\ANH DUY\.stmcufinder\plugins\mcufinder/ => C:\Users\ANH DUY\.stmcufinder\plugins\mcufinder
2025-10-12 02:50:33,093 [INFO] DbMcusAds:119 - Set database path to: C:\Users\ANH DUY\.stmcufinder\plugins\mcufinder//mcu/
2025-10-12 02:50:33,093 [WARN] DbFile:35 - Overriding database path with different value: C:\Users\ANH DUY\.stmcufinder\plugins\mcufinder/ => C:\Users\ANH DUY\.stmcufinder\plugins\mcufinder
2025-10-12 02:50:33,093 [INFO] DbMcusDocs:110 - Set database path to: C:\Users\ANH DUY\.stmcufinder\plugins\mcufinder//mcu/
2025-10-12 02:50:33,093 [WARN] DbFile:35 - Overriding database path with different value: C:\Users\ANH DUY\.stmcufinder\plugins\mcufinder/ => C:\Users\ANH DUY\.stmcufinder\plugins\mcufinder
2025-10-12 02:50:33,093 [INFO] DbMcusJson:64 - Set database path to: C:\Users\ANH DUY\.stmcufinder\plugins\mcufinder//mcu/
2025-10-12 02:50:33,093 [WARN] DbFile:35 - Overriding database path with different value: C:\Users\ANH DUY\.stmcufinder\plugins\mcufinder/ => C:\Users\ANH DUY\.stmcufinder\plugins\mcufinder
2025-10-12 02:50:33,094 [INFO] DbBoardsDocs:110 - Set database path to: C:\Users\ANH DUY\.stmcufinder\plugins\mcufinder//mcu/
2025-10-12 02:50:33,094 [WARN] DbFile:35 - Overriding database path with different value: C:\Users\ANH DUY\.stmcufinder\plugins\mcufinder/ => C:\Users\ANH DUY\.stmcufinder\plugins\mcufinder
2025-10-12 02:50:33,094 [INFO] DbBoardsJson:57 - Set database path to: C:\Users\ANH DUY\.stmcufinder\plugins\mcufinder//mcu/
2025-10-12 02:50:33,094 [WARN] DbFile:35 - Overriding database path with different value: C:\Users\ANH DUY\.stmcufinder\plugins\mcufinder/ => C:\Users\ANH DUY\.stmcufinder\plugins\mcufinder
2025-10-12 02:50:33,094 [WARN] DbFile:35 - Overriding database path with different value: C:\Users\ANH DUY\.stmcufinder\plugins\mcufinder/ => C:\Users\ANH DUY\.stmcufinder\plugins\mcufinder
2025-10-12 02:50:33,095 [INFO] CrossReferenceDbSqlite:196 - Set database path to: C:\Users\ANH DUY\.stmcufinder\plugins\mcufinder//mcu/cs/
2025-10-12 02:50:33,095 [WARN] DbFile:35 - Overriding database path with different value: C:\Users\ANH DUY\.stmcufinder\plugins\mcufinder/ => C:\Users\ANH DUY\.stmcufinder\plugins\mcufinder
2025-10-12 02:50:33,095 [INFO] DbExamplesSqlite:767 - Set database path to: C:\Users\ANH DUY\.stmcufinder\plugins\mcufinder//mcu/
2025-10-12 02:50:33,128 [INFO] ApplicationProperties:181 - Using Application install path: C:\ST\STM32CubeIDE_1.7.0\STM32CubeIDE\plugins\com.st.stm32cube.common.mx_6.3.0.202107141111
2025-10-12 02:50:33,131 [INFO] PluginManage:188 - Search for loadable plugins [exclusion list=, ]
2025-10-12 02:50:33,133 [INFO] PluginManage:302 - Check plugin analytics
2025-10-12 02:50:33,260 [INFO] AnalyticsPlugin:257 - Accepted Software Licenses: 
2025-10-12 02:50:33,261 [INFO] AnalyticsPlugin:259 - Accepted CMSIS Pack Licenses: 
2025-10-12 02:50:33,261 [INFO] AnalyticsPlugin:261 - Accepted Firmware Licenses: 
2025-10-12 02:50:33,262 [INFO] PluginManage:352 - Loaded plugin analytics (category:tool,tabindex:-1)
2025-10-12 02:50:33,262 [INFO] PluginManage:302 - Check plugin clock
2025-10-12 02:50:33,270 [INFO] PluginManage:352 - Loaded plugin clock (category:base,tabindex:2)
2025-10-12 02:50:33,270 [INFO] PluginManage:302 - Check plugin ddr
2025-10-12 02:50:33,271 [INFO] PluginManage:352 - Loaded plugin ddr (category:tool,tabindex:6)
2025-10-12 02:50:33,271 [INFO] PluginManage:302 - Check plugin filemanager
2025-10-12 02:50:33,406 [INFO] PluginManage:352 - Loaded plugin filemanager (category:base,tabindex:10)
2025-10-12 02:50:33,406 [INFO] PluginManage:302 - Check plugin ipmanager
2025-10-12 02:50:33,418 [INFO] PluginManage:352 - Loaded plugin ipmanager (category:base,tabindex:5)
2025-10-12 02:50:33,418 [INFO] PluginManage:302 - Check plugin pinoutandconfiguration
2025-10-12 02:50:33,442 [INFO] PluginManage:352 - Loaded plugin pinoutandconfiguration (category:base,tabindex:1)
2025-10-12 02:50:33,442 [INFO] PluginManage:302 - Check plugin pinoutconfig
2025-10-12 02:50:33,479 [INFO] PluginManage:352 - Loaded plugin pinoutconfig (category:base,tabindex:0)
2025-10-12 02:50:33,479 [INFO] PluginManage:302 - Check plugin power
2025-10-12 02:50:33,499 [INFO] PluginManage:352 - Loaded plugin power (category:power,tabindex:4)
2025-10-12 02:50:33,500 [INFO] PluginManage:302 - Check plugin projectmanager
2025-10-12 02:50:33,530 [INFO] PluginManage:352 - Loaded plugin projectmanager (category:projectmanager,tabindex:3)
2025-10-12 02:50:33,530 [INFO] PluginManage:302 - Check plugin thirdparty
2025-10-12 02:50:33,649 [WARN] IntegrityCheckThread:78 - waiting for thirdparty lock release [integrity check]
2025-10-12 02:50:33,649 [INFO] PluginManage:352 - Loaded plugin thirdparty (category:base,tabindex:-1)
2025-10-12 02:50:33,650 [INFO] IntegrityCheckThread:80 - entering critical section [integrity check]
2025-10-12 02:50:33,650 [INFO] PluginManage:302 - Check plugin tools
2025-10-12 02:50:33,650 [INFO] ThirdPartyUpdaterWithRetryManager:66 - Updater plugin not ready yet. [1/15]
2025-10-12 02:50:33,653 [INFO] PluginManage:352 - Loaded plugin tools (category:base,tabindex:7)
2025-10-12 02:50:33,653 [INFO] PluginManage:302 - Check plugin tutovideos
2025-10-12 02:50:33,870 [INFO] PluginManage:352 - Loaded plugin tutovideos (category:base,tabindex:-1)
2025-10-12 02:50:33,871 [INFO] PluginManage:302 - Check plugin updater
2025-10-12 02:50:33,887 [INFO] PluginManage:352 - Loaded plugin updater (category:base,tabindex:12)
2025-10-12 02:50:33,888 [INFO] PluginManage:275 - PluginManage : Loaded plugins [13]
2025-10-12 02:50:34,047 [INFO] PinOutPanel:1463 - setPackage(No Configuration,No Configuration)
2025-10-12 02:50:34,137 [INFO] IPUIPlugin:74 - create IPUIPlugin
2025-10-12 02:50:34,137 [INFO] PluginManager:213 - loadIPPluginJar : add adc
2025-10-12 02:50:34,139 [INFO] IPUIPlugin:74 - create IPUIPlugin
2025-10-12 02:50:34,140 [INFO] PluginManager:213 - loadIPPluginJar : add aes
2025-10-12 02:50:34,142 [INFO] IPUIPlugin:74 - create IPUIPlugin
2025-10-12 02:50:34,142 [INFO] PluginManager:213 - loadIPPluginJar : add can
2025-10-12 02:50:34,143 [INFO] IPUIPlugin:74 - create IPUIPlugin
2025-10-12 02:50:34,143 [INFO] PluginManager:213 - loadIPPluginJar : add comp
2025-10-12 02:50:34,145 [INFO] IPUIPlugin:74 - create IPUIPlugin
2025-10-12 02:50:34,145 [INFO] PluginManager:213 - loadIPPluginJar : add cryp
2025-10-12 02:50:34,147 [INFO] IPUIPlugin:74 - create IPUIPlugin
2025-10-12 02:50:34,147 [INFO] PluginManager:213 - loadIPPluginJar : add dfsdm
2025-10-12 02:50:34,153 [INFO] IPUIPlugin:74 - create IPUIPlugin
2025-10-12 02:50:34,154 [INFO] PluginManager:213 - loadIPPluginJar : add dma
2025-10-12 02:50:34,157 [INFO] IPUIPlugin:74 - create IPUIPlugin
2025-10-12 02:50:34,158 [INFO] PluginManager:213 - loadIPPluginJar : add dma3
2025-10-12 02:50:34,160 [INFO] IPUIPlugin:74 - create IPUIPlugin
2025-10-12 02:50:34,160 [INFO] PluginManager:213 - loadIPPluginJar : add fatfs
2025-10-12 02:50:34,165 [INFO] IPUIPlugin:74 - create IPUIPlugin
2025-10-12 02:50:34,165 [INFO] PluginManager:213 - loadIPPluginJar : add fmc
2025-10-12 02:50:34,173 [INFO] IPUIPlugin:74 - create IPUIPlugin
2025-10-12 02:50:34,173 [INFO] PluginManager:213 - loadIPPluginJar : add freertos
2025-10-12 02:50:34,175 [INFO] IPUIPlugin:74 - create IPUIPlugin
2025-10-12 02:50:34,175 [INFO] PluginManager:213 - loadIPPluginJar : add genericplugin
2025-10-12 02:50:34,177 [INFO] IPUIPlugin:74 - create IPUIPlugin
2025-10-12 02:50:34,177 [INFO] PluginManager:213 - loadIPPluginJar : add gfxmmu
2025-10-12 02:50:34,183 [INFO] IPUIPlugin:74 - create IPUIPlugin
2025-10-12 02:50:34,183 [INFO] PluginManager:213 - loadIPPluginJar : add gic
2025-10-12 02:50:34,187 [INFO] IPUIPlugin:74 - create IPUIPlugin
2025-10-12 02:50:34,187 [INFO] PluginManager:213 - loadIPPluginJar : add gpio
2025-10-12 02:50:34,188 [INFO] IPUIPlugin:74 - create IPUIPlugin
2025-10-12 02:50:34,189 [INFO] PluginManager:213 - loadIPPluginJar : add gtzc
2025-10-12 02:50:34,190 [INFO] IPUIPlugin:74 - create IPUIPlugin
2025-10-12 02:50:34,190 [INFO] PluginManager:213 - loadIPPluginJar : add hash
2025-10-12 02:50:34,192 [INFO] IPUIPlugin:74 - create IPUIPlugin
2025-10-12 02:50:34,192 [INFO] PluginManager:213 - loadIPPluginJar : add i2c
2025-10-12 02:50:34,193 [INFO] IPUIPlugin:74 - create IPUIPlugin
2025-10-12 02:50:34,194 [INFO] PluginManager:213 - loadIPPluginJar : add i2s
2025-10-12 02:50:34,197 [INFO] IPUIPlugin:74 - create IPUIPlugin
2025-10-12 02:50:34,197 [INFO] PluginManager:213 - loadIPPluginJar : add ipddr
2025-10-12 02:50:34,205 [INFO] IPUIPlugin:74 - create IPUIPlugin
2025-10-12 02:50:34,206 [INFO] PluginManager:213 - loadIPPluginJar : add linkedlist
2025-10-12 02:50:34,208 [INFO] IPUIPlugin:74 - create IPUIPlugin
2025-10-12 02:50:34,208 [INFO] PluginManager:213 - loadIPPluginJar : add lorawan
2025-10-12 02:50:34,208 [INFO] IPUIPlugin:74 - create IPUIPlugin
2025-10-12 02:50:34,208 [INFO] PluginManager:213 - loadIPPluginJar : add ltdc
2025-10-12 02:50:34,212 [INFO] IPUIPlugin:74 - create IPUIPlugin
2025-10-12 02:50:34,212 [INFO] PluginManager:213 - loadIPPluginJar : add mdma
2025-10-12 02:50:34,215 [INFO] IPUIPlugin:74 - create IPUIPlugin
2025-10-12 02:50:34,215 [INFO] PluginManager:213 - loadIPPluginJar : add nvic
2025-10-12 02:50:34,217 [INFO] IPUIPlugin:74 - create IPUIPlugin
2025-10-12 02:50:34,217 [INFO] PluginManager:213 - loadIPPluginJar : add opamp
2025-10-12 02:50:34,219 [INFO] IPUIPlugin:74 - create IPUIPlugin
2025-10-12 02:50:34,219 [INFO] PluginManager:213 - loadIPPluginJar : add openamp
2025-10-12 02:50:34,221 [INFO] IPUIPlugin:74 - create IPUIPlugin
2025-10-12 02:50:34,221 [INFO] PluginManager:213 - loadIPPluginJar : add pdm2pcm
2025-10-12 02:50:34,227 [INFO] IPUIPlugin:74 - create IPUIPlugin
2025-10-12 02:50:34,230 [INFO] PluginManager:213 - loadIPPluginJar : add plateformsettings
2025-10-12 02:50:34,231 [INFO] IPUIPlugin:74 - create IPUIPlugin
2025-10-12 02:50:34,231 [INFO] PluginManager:213 - loadIPPluginJar : add quadspi
2025-10-12 02:50:34,233 [INFO] IPUIPlugin:74 - create IPUIPlugin
2025-10-12 02:50:34,233 [INFO] PluginManager:213 - loadIPPluginJar : add resmgrutility
2025-10-12 02:50:34,235 [INFO] IPUIPlugin:74 - create IPUIPlugin
2025-10-12 02:50:34,236 [INFO] PluginManager:213 - loadIPPluginJar : add sai
2025-10-12 02:50:34,237 [INFO] IPUIPlugin:74 - create IPUIPlugin
2025-10-12 02:50:34,237 [INFO] PluginManager:213 - loadIPPluginJar : add spi
2025-10-12 02:50:34,240 [INFO] IPUIPlugin:74 - create IPUIPlugin
2025-10-12 02:50:34,240 [INFO] PluginManager:213 - loadIPPluginJar : add stm32_wpan
2025-10-12 02:50:34,241 [INFO] IPUIPlugin:74 - create IPUIPlugin
2025-10-12 02:50:34,242 [INFO] PluginManager:213 - loadIPPluginJar : add tim
2025-10-12 02:50:34,245 [INFO] IPUIPlugin:74 - create IPUIPlugin
2025-10-12 02:50:34,245 [INFO] PluginManager:213 - loadIPPluginJar : add touchsensing
2025-10-12 02:50:34,247 [INFO] IPUIPlugin:74 - create IPUIPlugin
2025-10-12 02:50:34,248 [INFO] PluginManager:213 - loadIPPluginJar : add tracer_emb
2025-10-12 02:50:34,250 [INFO] IPUIPlugin:74 - create IPUIPlugin
2025-10-12 02:50:34,250 [INFO] PluginManager:213 - loadIPPluginJar : add ts
2025-10-12 02:50:34,252 [INFO] IPUIPlugin:74 - create IPUIPlugin
2025-10-12 02:50:34,253 [INFO] PluginManager:213 - loadIPPluginJar : add tsc
2025-10-12 02:50:34,255 [INFO] IPUIPlugin:74 - create IPUIPlugin
2025-10-12 02:50:34,255 [INFO] PluginManager:213 - loadIPPluginJar : add ucpd
2025-10-12 02:50:34,257 [INFO] IPUIPlugin:74 - create IPUIPlugin
2025-10-12 02:50:34,258 [INFO] PluginManager:213 - loadIPPluginJar : add usart
2025-10-12 02:50:34,259 [INFO] IPUIPlugin:74 - create IPUIPlugin
2025-10-12 02:50:34,259 [INFO] PluginManager:213 - loadIPPluginJar : add usbx
2025-10-12 02:50:34,599 [FATAL] Updater:294 - Updater called before beeing initialized
2025-10-12 02:50:34,671 [FATAL] Updater:294 - Updater called before beeing initialized
2025-10-12 02:50:34,675 [INFO] DbMcusAds:47 - JSON generation date=Thu Oct 02 16:36:05 ICT 2025 (1759397765645)
2025-10-12 02:50:34,675 [FATAL] Updater:294 - Updater called before beeing initialized
2025-10-12 02:50:34,716 [WARN] DetailPanel:314 - Failed to get advertising image, set to default
2025-10-12 02:50:34,807 [FATAL] Updater:294 - Updater called before beeing initialized
2025-10-12 02:50:34,810 [FATAL] Updater:294 - Updater called before beeing initialized
2025-10-12 02:50:34,810 [FATAL] Updater:294 - Updater called before beeing initialized
2025-10-12 02:50:34,810 [WARN] DetailPanel:314 - Failed to get advertising image, set to default
2025-10-12 02:50:34,811 [FATAL] Updater:294 - Updater called before beeing initialized
2025-10-12 02:50:34,845 [ERROR] Updater:1075 - MainUpdater not yet initialized. External WinMGr cannot be set.
2025-10-12 02:50:34,847 [INFO] Updater:1012 - Updater Version found : 6.3.0
2025-10-12 02:50:34,867 [INFO] ApplicationProperties:181 - Using Application install path: C:\ST\STM32CubeIDE_1.7.0\STM32CubeIDE\plugins\com.st.stm32cube.common.mx_6.3.0.202107141111
2025-10-12 02:50:35,133 [INFO] MainUpdater:2671 - connection check result : 10
2025-10-12 02:50:35,134 [INFO] MainUpdater:265 - Updater Check For Update Now.
2025-10-12 02:50:35,134 [INFO] MicroXplorer:478 - Change Database Version : DB.6.0.30
2025-10-12 02:50:35,305 [INFO] CheckServerUpdateThread:112 - End of CheckServer Thread
2025-10-12 02:50:35,348 [INFO] MainUpdater:2671 - connection check result : 10
2025-10-12 02:50:35,352 [INFO] McuFinderGlobals:52 - Set McuFinderConnectedMode to true
2025-10-12 02:50:35,738 [INFO] ServerAccessManage:362 - Download File mcusAds.json._tmp_
2025-10-12 02:50:35,854 [INFO] LoadUrlFilesThread:145 - End of LoadUrlFiles Thread
2025-10-12 02:50:36,665 [WARN] MainUpdater:1122 - Updater busy. Cannot search thirdparties
2025-10-12 02:50:36,665 [INFO] ThirdPartyUpdaterWithRetryManager:92 - Updater plugin is busy. [1/15]
2025-10-12 02:50:36,726 [INFO] ServerAccessManage:362 - Download File mcusDocs.json._tmp_
2025-10-12 02:50:37,842 [INFO] LoadUrlFilesThread:145 - End of LoadUrlFiles Thread
2025-10-12 02:50:38,095 [INFO] ServerAccessManage:362 - Download File mcusFeaturesAndDescription.json._tmp_
2025-10-12 02:50:38,863 [INFO] LoadUrlFilesThread:145 - End of LoadUrlFiles Thread
2025-10-12 02:50:39,127 [INFO] ServerAccessManage:362 - Download File boardsDocs.json._tmp_
2025-10-12 02:50:39,267 [INFO] LoadUrlFilesThread:145 - End of LoadUrlFiles Thread
2025-10-12 02:50:39,531 [INFO] ServerAccessManage:362 - Download File boards.json._tmp_
2025-10-12 02:50:39,667 [WARN] MainUpdater:1122 - Updater busy. Cannot search thirdparties
2025-10-12 02:50:39,667 [INFO] ThirdPartyUpdaterWithRetryManager:92 - Updater plugin is busy. [2/15]
2025-10-12 02:50:39,858 [INFO] LoadUrlFilesThread:145 - End of LoadUrlFiles Thread
2025-10-12 02:50:40,025 [INFO] ServerAccessManage:362 - Download File cube-finder-db.zip
2025-10-12 02:50:41,688 [INFO] FileExtend:235 - Unzip File : cube-finder-db.zip
2025-10-12 02:50:41,688 [INFO] FileExtend:250 - Standard Zip Deflate
2025-10-12 02:50:42,305 [INFO] LoadUrlFilesThread:145 - End of LoadUrlFiles Thread
2025-10-12 02:50:42,674 [WARN] MainUpdater:1122 - Updater busy. Cannot search thirdparties
2025-10-12 02:50:42,674 [INFO] ThirdPartyUpdaterWithRetryManager:92 - Updater plugin is busy. [3/15]
2025-10-12 02:50:43,383 [INFO] ServerAccessManage:362 - Download File crdb.zip
2025-10-12 02:50:44,733 [INFO] FileExtend:235 - Unzip File : crdb.zip
2025-10-12 02:50:44,734 [INFO] FileExtend:250 - Standard Zip Deflate
2025-10-12 02:50:44,876 [INFO] LoadUrlFilesThread:145 - End of LoadUrlFiles Thread
2025-10-12 02:50:45,034 [INFO] ServerAccessManage:362 - Download File tutoVideoDB.zip
2025-10-12 02:50:45,083 [INFO] FileExtend:235 - Unzip File : tutoVideoDB.zip
2025-10-12 02:50:45,083 [INFO] FileExtend:250 - Standard Zip Deflate
2025-10-12 02:50:45,216 [INFO] LoadUrlFilesThread:145 - End of LoadUrlFiles Thread
2025-10-12 02:50:45,218 [INFO] DbMcusAds:47 - JSON generation date=Thu Oct 02 16:36:05 ICT 2025 (1759397765645)
2025-10-12 02:50:45,231 [INFO] DbMcusDocs:143 - JSON generation date=Tue Nov 16 23:17:54 ICT 2021 (1637079474)
2025-10-12 02:50:45,232 [INFO] DbMcusXml:100 - Load MCU database from C:\ST\STM32CubeIDE_1.7.0\STM32CubeIDE\plugins\com.st.stm32cube.common.mx_6.3.0.202107141111\\db\/mcu/families.xml
2025-10-12 02:50:45,774 [INFO] DbMcusJson:93 - JSON generation date=Tue Nov 16 23:17:54 ICT 2021 (1637079474)
2025-10-12 02:50:45,826 [ERROR] Engine:463 - C:\Users\ANH DUY\.stm32cubemx\thirdparties\pdsc\STMicroelectronics.FP-SNS-MOTENVWB1.1.4.0.pdsc: PDSC version is not supported
2025-10-12 02:50:45,852 [WARN] PackLoader:238 - Cannot read IP mode file for STMicroelectronics.FP-ATR-ASTRA1.2.0.2
2025-10-12 02:50:45,858 [ERROR] Engine:463 - C:\Users\ANH DUY\.stm32cubemx\thirdparties\pdsc\STMicroelectronics.X-CUBE-SMBUS.2.1.0.pdsc: PDSC version is not supported
2025-10-12 02:50:45,860 [ERROR] Engine:463 - C:\Users\ANH DUY\.stm32cubemx\thirdparties\pdsc\STMicroelectronics.X-CUBE-ST60.1.0.0.pdsc: PDSC version is not supported
2025-10-12 02:50:45,888 [WARN] PackLoader:238 - Cannot read IP mode file for STMicroelectronics.X-CUBE-AZRTOS-F7.1.1.0
2025-10-12 02:50:45,894 [ERROR] Engine:463 - C:\Users\ANH DUY\.stm32cubemx\thirdparties\pdsc\WES.I-CUBE-Cesium.1.4.0.pdsc: PDSC version is not supported
2025-10-12 02:50:45,899 [ERROR] Engine:463 - C:\Users\ANH DUY\.stm32cubemx\thirdparties\pdsc\Infineon.AIROC-Wi-Fi-Bluetooth-STM32.1.7.1.pdsc: PDSC version is not supported
2025-10-12 02:50:45,919 [WARN] PackLoader:238 - Cannot read IP mode file for STMicroelectronics.X-CUBE-AZRTOS-H7.3.4.0
2025-10-12 02:50:45,925 [ERROR] Engine:463 - C:\Users\ANH DUY\.stm32cubemx\thirdparties\pdsc\STMicroelectronics.X-CUBE-DISPLAY.3.0.0.pdsc: PDSC version is not supported
2025-10-12 02:50:45,930 [WARN] PackLoader:238 - Cannot read IP mode file for STMicroelectronics.X-CUBE-NFC10.1.0.0
2025-10-12 02:50:45,933 [ERROR] Engine:463 - C:\Users\ANH DUY\.stm32cubemx\thirdparties\pdsc\emotas.I-CUBE-CANOPEN.1.3.0.pdsc: PDSC version is not supported
2025-10-12 02:50:45,935 [ERROR] Engine:463 - C:\Users\ANH DUY\.stm32cubemx\thirdparties\pdsc\STMicroelectronics.FP-SNS-STBOX1.2.1.0.pdsc: PDSC version is not supported
2025-10-12 02:50:45,937 [ERROR] Engine:463 - C:\Users\ANH DUY\.stm32cubemx\thirdparties\pdsc\STMicroelectronics.FP-SNS-SMARTAG2.1.2.0.pdsc: PDSC version is not supported
2025-10-12 02:50:45,938 [ERROR] Engine:463 - C:\Users\ANH DUY\.stm32cubemx\thirdparties\pdsc\STMicroelectronics.FP-SNS-FLIGHT1.5.1.0.pdsc: PDSC version is not supported
2025-10-12 02:50:45,944 [INFO] LogOutputStream:76 - [STDOUT_REDIRECT] 1 : Invalid condition id : UX_CORESTACK_Condition cause : null
2025-10-12 02:50:45,946 [INFO] LogOutputStream:76 - [STDOUT_REDIRECT] 1 : Invalid condition id : UX_CORESTACK_Condition cause : null
2025-10-12 02:50:45,946 [INFO] LogOutputStream:76 - [STDOUT_REDIRECT] 1 : Invalid condition id : UX_CORESTACK_Condition cause : null
2025-10-12 02:50:45,947 [INFO] LogOutputStream:76 - [STDOUT_REDIRECT] 1 : Invalid condition id : UX_CORESTACK_Condition cause : null
2025-10-12 02:50:45,947 [INFO] LogOutputStream:76 - [STDOUT_REDIRECT] 1 : Invalid condition id : UX_CORESTACK_Condition cause : null
2025-10-12 02:50:45,949 [WARN] PackLoader:238 - Cannot read IP mode file for STMicroelectronics.X-CUBE-AZRTOS-WL.2.0.0
2025-10-12 02:50:45,952 [ERROR] Engine:463 - C:\Users\ANH DUY\.stm32cubemx\thirdparties\pdsc\STMicroelectronics.FP-SNS-MOTENV1.5.0.0.pdsc: PDSC version is not supported
2025-10-12 02:50:45,955 [WARN] PackLoader:238 - Cannot read IP mode file for STMicroelectronics.X-CUBE-BLE2.3.3.0
2025-10-12 02:50:45,984 [WARN] PackLoader:238 - Cannot read IP mode file for STMicroelectronics.X-CUBE-NFC9.1.0.0
2025-10-12 02:50:45,990 [WARN] PackLoader:238 - Cannot read IP mode file for wolfSSL.I-CUBE-wolfSSL.5.8.2
2025-10-12 02:50:45,993 [WARN] PackLoader:238 - Cannot read IP mode file for STMicroelectronics.X-CUBE-BLE1.7.1.0
2025-10-12 02:50:45,996 [WARN] PackLoader:238 - Cannot read IP mode file for wolfSSL.I-CUBE-wolfMQTT.1.19.2
2025-10-12 02:50:46,001 [WARN] PackLoader:238 - Cannot read IP mode file for STMicroelectronics.X-CUBE-EEPRMA1.5.2.0
2025-10-12 02:50:46,005 [ERROR] Engine:463 - C:\Users\ANH DUY\.stm32cubemx\thirdparties\pdsc\STMicroelectronics.X-CUBE-ST67W61.1.1.0.pdsc: PDSC version is not supported
2025-10-12 02:50:46,016 [WARN] PackLoader:238 - Cannot read IP mode file for STMicroelectronics.X-CUBE-AZRTOS-G0.1.1.0
2025-10-12 02:50:46,024 [WARN] PackLoader:238 - Cannot read IP mode file for STMicroelectronics.X-CUBE-SAFEA1.1.2.2
2025-10-12 02:50:46,032 [WARN] PackLoader:238 - Cannot read IP mode file for STMicroelectronics.X-CUBE-NFC4.3.0.0
2025-10-12 02:50:46,036 [ERROR] Engine:463 - C:\Users\ANH DUY\.stm32cubemx\thirdparties\pdsc\EmbeddedOffice.I-CUBE-FS-RTOS.1.0.1.pdsc: PDSC version is not supported
2025-10-12 02:50:46,039 [WARN] PackLoader:238 - Cannot read IP mode file for STMicroelectronics.X-CUBE-WB05N.2.0.0
2025-10-12 02:50:46,042 [WARN] PackLoader:238 - Cannot read IP mode file for wolfSSL.I-CUBE-wolfTPM.3.8.0
2025-10-12 02:50:46,046 [ERROR] Engine:463 - C:\Users\ANH DUY\.stm32cubemx\thirdparties\pdsc\STMicroelectronics.X-CUBE-TCPP.4.2.0.pdsc: PDSC version is not supported
2025-10-12 02:50:46,048 [ERROR] Engine:463 - C:\Users\ANH DUY\.stm32cubemx\thirdparties\pdsc\RealThread.X-CUBE-RT-Thread_Nano.4.1.1.pdsc: PDSC version is not supported
2025-10-12 02:50:46,051 [WARN] PackLoader:238 - Cannot read IP mode file for STMicroelectronics.FP-ATR-SIGFOX1.3.2.0
2025-10-12 02:50:46,055 [ERROR] Engine:463 - C:\Users\ANH DUY\.stm32cubemx\thirdparties\pdsc\ITTIA_DB.I-CUBE-ITTIADB.8.9.0.pdsc: PDSC version is not supported
2025-10-12 02:50:46,056 [ERROR] Engine:463 - C:\Users\ANH DUY\.stm32cubemx\thirdparties\pdsc\STMicroelectronics.X-CUBE-ST67W61.1.0.0.pdsc: PDSC version is not supported
2025-10-12 02:50:46,064 [WARN] PackLoader:238 - Cannot read IP mode file for STMicroelectronics.X-CUBE-AI.10.2.0
2025-10-12 02:50:46,098 [WARN] PackLoader:238 - Cannot read IP mode file for SEGGER.I-CUBE-embOS.1.3.1
2025-10-12 02:50:46,134 [WARN] PackLoader:238 - Cannot read IP mode file for STMicroelectronics.X-CUBE-ALGOBUILD.1.4.0
2025-10-12 02:50:46,181 [WARN] PackLoader:238 - Cannot read IP mode file for STMicroelectronics.X-CUBE-MEMS1.11.3.0
2025-10-12 02:50:46,231 [INFO] DbMcus:175 - Found 1951 MCUs (1903 are supported by CubeMX, 1914 are visible in CubeMX)
2025-10-12 02:50:46,232 [INFO] ApiDb:251 - Load user favorites file C:\Users\ANH DUY/.stm32cubeide/favorites.mcus.txt: 0 item(s)
2025-10-12 02:50:46,232 [INFO] ApiDb:255 - User favorites MCUs=[]
2025-10-12 02:50:46,232 [INFO] DbMcus:187 - Set 0 / 0 favorites MCUs
2025-10-12 02:50:46,292 [WARN] PackLoader:238 - Cannot read IP mode file for STMicroelectronics.X-CUBE-PM33A1.1.0.0
2025-10-12 02:50:46,304 [WARN] PackLoader:238 - Cannot read IP mode file for STMicroelectronics.X-CUBE-AZRTOS-F4.1.1.0
2025-10-12 02:50:46,307 [ERROR] Engine:463 - C:\Users\ANH DUY\.stm32cubemx\thirdparties\pdsc\Avnet-IotConnect.X-CUBE-IoTC-DA16k-PMOD.1.0.0.pdsc: PDSC version is not supported
2025-10-12 02:50:46,310 [WARN] PackLoader:238 - Cannot read IP mode file for STMicroelectronics.X-CUBE-ISPU.2.1.0
2025-10-12 02:50:46,314 [ERROR] Engine:463 - C:\Users\ANH DUY\.stm32cubemx\thirdparties\pdsc\STMicroelectronics.X-CUBE-IPS.3.2.0.pdsc: PDSC version is not supported
2025-10-12 02:50:46,330 [WARN] PackLoader:238 - Cannot read IP mode file for STMicroelectronics.X-CUBE-NFC12.1.0.0
2025-10-12 02:50:46,346 [WARN] PackLoader:238 - Cannot read IP mode file for STMicroelectronics.X-CUBE-AZRTOS-L5.2.0.0
2025-10-12 02:50:46,354 [WARN] PackLoader:238 - Cannot read IP mode file for STMicroelectronics.X-CUBE-NFC6.3.1.0
2025-10-12 02:50:46,358 [ERROR] Engine:463 - C:\Users\ANH DUY\.stm32cubemx\thirdparties\pdsc\STMicroelectronics.X-CUBE-FREERTOS.1.3.1.pdsc: PDSC version is not supported
2025-10-12 02:50:46,362 [WARN] PackLoader:238 - Cannot read IP mode file for STMicroelectronics.X-CUBE-TOUCHGFX.4.26.0
2025-10-12 02:50:46,364 [ERROR] Engine:463 - C:\Users\ANH DUY\.stm32cubemx\thirdparties\pdsc\STMicroelectronics.FP-SNS-STAIOTCFT.1.0.0.pdsc: PDSC version is not supported
2025-10-12 02:50:46,365 [ERROR] Engine:463 - C:\Users\ANH DUY\.stm32cubemx\thirdparties\pdsc\STMicroelectronics.X-CUBE-DPower.1.3.0.pdsc: PDSC version is not supported
2025-10-12 02:50:46,392 [WARN] ConditionMgr:437 - getConditionDescription Invalid condition id : LAN8742 Phy interface Condition cause : null
2025-10-12 02:50:46,393 [WARN] PackLoader:238 - Cannot read IP mode file for STMicroelectronics.X-CUBE-AZRTOS-L4.2.0.0
2025-10-12 02:50:46,394 [WARN] ConditionMgr:1038 - genDependencies : Invalid condition id : LAN8742 Phy interface Condition cause : null
2025-10-12 02:50:46,394 [WARN] ConditionMgr:1038 - genDependencies : Invalid condition id : LAN8742 Phy interface Condition cause : null
2025-10-12 02:50:46,394 [WARN] ConditionMgr:1038 - genDependencies : Invalid condition id : LAN8742 Phy interface Condition cause : null
2025-10-12 02:50:46,399 [WARN] PackLoader:238 - Cannot read IP mode file for STMicroelectronics.X-CUBE-SFXS2LP1.4.0.0
2025-10-12 02:50:46,403 [ERROR] Engine:463 - C:\Users\ANH DUY\.stm32cubemx\thirdparties\pdsc\STMicroelectronics.X-CUBE-BLEMGR.4.1.0.pdsc: PDSC version is not supported
2025-10-12 02:50:46,414 [WARN] ConditionMgr:437 - getConditionDescription Invalid condition id : UX DEVICE CLASS RTOS Condition cause : null
2025-10-12 02:50:46,414 [WARN] ConditionMgr:437 - getConditionDescription Invalid condition id : UX DEVICE CLASS RTOS Condition cause : null
2025-10-12 02:50:46,417 [WARN] PackLoader:238 - Cannot read IP mode file for STMicroelectronics.X-CUBE-AZRTOS-WB.2.0.0
2025-10-12 02:50:46,417 [WARN] ConditionMgr:1038 - genDependencies : Invalid condition id : UX DEVICE CLASS RTOS Condition cause : null
2025-10-12 02:50:46,417 [WARN] ConditionMgr:1038 - genDependencies : Invalid condition id : UX DEVICE CLASS RTOS Condition cause : null
2025-10-12 02:50:46,418 [WARN] ConditionMgr:1038 - genDependencies : Invalid condition id : UX DEVICE CLASS RTOS Condition cause : null
2025-10-12 02:50:46,418 [WARN] ConditionMgr:1038 - genDependencies : Invalid condition id : UX DEVICE CLASS RTOS Condition cause : null
2025-10-12 02:50:46,418 [WARN] ConditionMgr:1038 - genDependencies : Invalid condition id : UX DEVICE CLASS RTOS Condition cause : null
2025-10-12 02:50:46,423 [WARN] PackLoader:238 - Cannot read IP mode file for STMicroelectronics.X-CUBE-GNSS1.7.0.1
2025-10-12 02:50:46,425 [WARN] PackLoader:238 - Cannot read IP mode file for STMicroelectronics.X-CUBE-TOUCHGFX.4.25.0
2025-10-12 02:50:46,427 [ERROR] Engine:463 - C:\Users\ANH DUY\.stm32cubemx\thirdparties\pdsc\quantropi.X-CUBE-qispace-sdk-base.2.1.0.pdsc: PDSC version is not supported
2025-10-12 02:50:46,432 [WARN] PackLoader:238 - Cannot read IP mode file for STMicroelectronics.X-CUBE-SUBG2.5.0.0
2025-10-12 02:50:46,454 [WARN] PackLoader:238 - Cannot read IP mode file for STMicroelectronics.X-CUBE-AZRTOS-H7RS.1.1.0
2025-10-12 02:50:46,458 [ERROR] Engine:463 - C:\Users\ANH DUY\.stm32cubemx\thirdparties\pdsc\Cesanta.I-CUBE-Mongoose.7.13.0.pdsc: PDSC version is not supported
2025-10-12 02:50:46,467 [WARN] PackLoader:238 - Cannot read IP mode file for STMicroelectronics.X-CUBE-AZRTOS-G4.2.0.0
2025-10-12 02:50:46,471 [WARN] PackLoader:238 - Cannot read IP mode file for wolfSSL.I-CUBE-wolfSSH.1.4.20
2025-10-12 02:50:46,474 [WARN] PackLoader:238 - Cannot read IP mode file for STMicroelectronics.X-CUBE-NFC7.2.0.0
2025-10-12 02:50:46,478 [ERROR] Engine:463 - C:\Users\ANH DUY\.stm32cubemx\thirdparties\pdsc\STMicroelectronics.X-CUBE-IPS.3.1.0.pdsc: PDSC version is not supported
2025-10-12 02:50:46,479 [ERROR] Engine:463 - C:\Users\ANH DUY\.stm32cubemx\thirdparties\pdsc\STMicroelectronics.X-CUBE-ALS.1.0.2.pdsc: PDSC version is not supported
2025-10-12 02:50:46,483 [WARN] PackLoader:238 - Cannot read IP mode file for STMicroelectronics.X-CUBE-STSE01.1.0.0
2025-10-12 02:50:46,492 [ERROR] Engine:463 - C:\Users\ANH DUY\.stm32cubemx\thirdparties\pdsc\STMicroelectronics.X-CUBE-TOF1.3.4.3.pdsc: PDSC version is not supported
2025-10-12 02:50:46,492 [INFO] ThirdParty:915 - Integrity check success = true
2025-10-12 02:50:46,492 [INFO] IntegrityCheckThread:94 - exiting critical section [integrity check]
2025-10-12 02:50:46,492 [INFO] IntegrityCheckThread:97 - End integrity checks thread
2025-10-12 02:50:46,567 [INFO] DbMcusDocs:79 - Found 682 MCUs documents
2025-10-12 02:50:46,569 [INFO] ApiDb:276 - Save user favorites file C:\Users\ANH DUY/.stm32cubeide/favorites.mcus.txt: 0 item(s)
2025-10-12 02:50:46,569 [INFO] ApiDb:280 - User favorites MCUs=[]
2025-10-12 02:50:46,570 [INFO] DbMcusXml:100 - Load MCU database from C:\ST\STM32CubeIDE_1.7.0\STM32CubeIDE\plugins\com.st.stm32cube.common.mx_6.3.0.202107141111\\db\/mcu/families.xml
2025-10-12 02:50:46,974 [INFO] DbMcusJson:93 - JSON generation date=Tue Nov 16 23:17:54 ICT 2021 (1637079474)
2025-10-12 02:50:47,374 [INFO] DbMcus:175 - Found 1951 MCUs (1903 are supported by CubeMX, 1914 are visible in CubeMX)
2025-10-12 02:50:47,374 [INFO] ApiDb:251 - Load user favorites file C:\Users\ANH DUY/.stm32cubeide/favorites.mcus.txt: 0 item(s)
2025-10-12 02:50:47,374 [INFO] ApiDb:255 - User favorites MCUs=[]
2025-10-12 02:50:47,375 [INFO] DbMcus:187 - Set 0 / 0 favorites MCUs
2025-10-12 02:50:47,387 [INFO] DbBoardsDocs:143 - JSON generation date=Tue Nov 16 23:17:54 ICT 2021 (1637079474)
2025-10-12 02:50:47,400 [INFO] DbBoardsPdsc:90 - Found 25 items
2025-10-12 02:50:47,402 [INFO] DbBoardsPdsc:90 - Found 9 items
2025-10-12 02:50:47,405 [INFO] DbBoardsPdsc:90 - Found 33 items
2025-10-12 02:50:47,406 [INFO] DbBoardsPdsc:90 - Found 1 items
2025-10-12 02:50:47,412 [INFO] DbBoardsPdsc:90 - Found 48 items
2025-10-12 02:50:47,420 [INFO] DbBoardsPdsc:90 - Found 43 items
2025-10-12 02:50:47,422 [INFO] DbBoardsPdsc:90 - Found 2 items
2025-10-12 02:50:47,424 [INFO] DbBoardsPdsc:90 - Found 5 items
2025-10-12 02:50:47,427 [WARN] DbBoardsPdsc:254 - Board STM32H7B3I-DK: unknown feature type=Audio, name=, username=Audio stereo codec with Headphone Amp (CS42L51-CNZ), n=1
2025-10-12 02:50:47,428 [WARN] DbBoardsPdsc:254 - Board STM32H735G-DK: unknown feature type=Audio, name=, username=Audio stereo codec with Headphone Amp (WM8994ECS/R), n=1
2025-10-12 02:50:47,428 [WARN] DbBoardsPdsc:254 - Board STM32H7B3I-EVAL: unknown feature type=Audio, name=, username=Multi-Channel Audio Codec (CS42L51-CNZ), n=1
2025-10-12 02:50:47,429 [WARN] DbBoardsPdsc:254 - Board STM32H7B3I-EVAL: unknown feature type=Meter, name=, username=Power-metering and Temperature-monitoring with sigma-delta modulators, n=1
2025-10-12 02:50:47,429 [WARN] DbBoardsPdsc:254 - Board STM32H7B3I-EVAL: unknown feature type=Motor, name=, username=Motor Control, n=1
2025-10-12 02:50:47,429 [WARN] DbBoardsPdsc:254 - Board STM32U575I-EV: unknown feature type=joystick, name=, username=4-direction joystick with selection button, n=1
2025-10-12 02:50:47,439 [INFO] DbBoardsJson:86 - JSON generation date=Tue Nov 16 23:17:54 ICT 2021 (1637079474)
2025-10-12 02:50:47,444 [INFO] DbBoards:117 - Found 167 boards (163 are supported by CubeMX)
2025-10-12 02:50:47,445 [INFO] DbBoardsDocs:143 - JSON generation date=Tue Nov 16 23:17:54 ICT 2021 (1637079474)
2025-10-12 02:50:47,448 [INFO] DbBoardsDocs:79 - Found 209 boards documents
2025-10-12 02:50:47,450 [WARN] DbBoards:127 - board B-L475E-IOT01A2 has no document id list !
2025-10-12 02:50:47,452 [WARN] DbBoards:127 - board NUCLEO-H743ZI has no document id list !
2025-10-12 02:50:47,452 [WARN] DbBoards:127 - board NUCLEO-WL55JC2 has no document id list !
2025-10-12 02:50:47,453 [WARN] DbBoards:127 - board P-NUCLEO-WB55-Nucleo has no document id list !
2025-10-12 02:50:47,453 [WARN] DbBoards:127 - board P-NUCLEO-WB55-USBDongle has no document id list !
2025-10-12 02:50:47,453 [WARN] DbBoards:127 - board STEVAL-BFA001V1B has no document id list !
2025-10-12 02:50:47,453 [WARN] DbBoards:127 - board STEVAL-BFA001V2B has no document id list !
2025-10-12 02:50:47,453 [WARN] DbBoards:127 - board STEVAL-IDP005V1 has no document id list !
2025-10-12 02:50:47,453 [WARN] DbBoards:127 - board STEVAL-IDP005V2 has no document id list !
2025-10-12 02:50:47,453 [WARN] DbBoards:127 - board STEVAL-MKSBOX1V1 has no document id list !
2025-10-12 02:50:47,453 [WARN] DbBoards:127 - board STEVAL-STWINKT1 has no document id list !
2025-10-12 02:50:47,453 [WARN] DbBoards:127 - board STEVAL-STWINKT1B has no document id list !
2025-10-12 02:50:47,453 [WARN] DbBoards:127 - board STM32439I-EVAL2 has no document id list !
2025-10-12 02:50:47,453 [WARN] DbBoards:127 - board STM32F401C-DISCO has no document id list !
2025-10-12 02:50:47,453 [WARN] DbBoards:127 - board STM32F769I-DISC1 has no document id list !
2025-10-12 02:50:47,454 [WARN] DbBoards:127 - board STM32G474E-EVAL1 has no document id list !
2025-10-12 02:50:47,454 [WARN] DbBoards:127 - board STM32H743I-EVAL2 has no document id list !
2025-10-12 02:50:47,454 [WARN] DbBoards:127 - board STM32H747I-DISC1 has no document id list !
2025-10-12 02:50:47,454 [WARN] DbBoards:127 - board STM32H753I-EVAL2 has no document id list !
2025-10-12 02:50:47,454 [WARN] DbBoards:127 - board STM32L-DISCOVERY has no document id list !
2025-10-12 02:50:47,560 [ERROR] DbBoards:189 - Image file not found for board B-U585I-IOT02A: C:\ST\STM32CubeIDE_1.7.0\STM32CubeIDE\plugins\com.st.stm32cube.common.mx_6.3.0.202107141111\\db\/plugins/mcufinder/images/boards/B-U585I-IOT02A_small.jpg
2025-10-12 02:50:47,654 [ERROR] DbBoards:189 - Image file not found for board NUCLEO-F413ZH: C:\ST\STM32CubeIDE_1.7.0\STM32CubeIDE\plugins\com.st.stm32cube.common.mx_6.3.0.202107141111\\db\/plugins/mcufinder/images/boards/nucleo-f413zh_small.jpg
2025-10-12 02:50:47,812 [ERROR] DbBoards:189 - Image file not found for board NUCLEO-L552ZE-Q: C:\ST\STM32CubeIDE_1.7.0\STM32CubeIDE\plugins\com.st.stm32cube.common.mx_6.3.0.202107141111\\db\/plugins/mcufinder/images/boards/nucleo_l552ze_q_small.jpg
2025-10-12 02:50:47,812 [ERROR] DbBoards:189 - Image file not found for board NUCLEO-U575ZI-Q: C:\ST\STM32CubeIDE_1.7.0\STM32CubeIDE\plugins\com.st.stm32cube.common.mx_6.3.0.202107141111\\db\/plugins/mcufinder/images/boards/nucleo-u575zi-q_small.jpg
2025-10-12 02:50:47,812 [ERROR] DbBoards:189 - Image file not found for board NUCLEO-WB15CC: C:\ST\STM32CubeIDE_1.7.0\STM32CubeIDE\plugins\com.st.stm32cube.common.mx_6.3.0.202107141111\\db\/plugins/mcufinder/images/boards/nucleo-wb15cc_small.jpg
2025-10-12 02:50:47,812 [ERROR] DbBoards:189 - Image file not found for board NUCLEO-WB55RG: C:\ST\STM32CubeIDE_1.7.0\STM32CubeIDE\plugins\com.st.stm32cube.common.mx_6.3.0.202107141111\\db\/plugins/mcufinder/images/boards/nucleo-wb55rg_small.jpg
2025-10-12 02:50:48,653 [INFO] ApiDb:251 - Load user favorites file C:\Users\ANH DUY/.stm32cubeide/favorites.boards.txt: 0 item(s)
2025-10-12 02:50:48,653 [INFO] ApiDb:255 - User favorites Boards=[]
2025-10-12 02:50:48,653 [INFO] DbBoards:206 - Set 0 / 0 favorites Boards
2025-10-12 02:50:48,656 [INFO] DbBoardsDocs:79 - Found 418 boards documents
2025-10-12 02:50:48,657 [INFO] ApiDb:276 - Save user favorites file C:\Users\ANH DUY/.stm32cubeide/favorites.boards.txt: 0 item(s)
2025-10-12 02:50:48,657 [INFO] ApiDb:280 - User favorites Boards=[]
2025-10-12 02:50:48,660 [INFO] DbBoardsPdsc:90 - Found 25 items
2025-10-12 02:50:48,663 [INFO] DbBoardsPdsc:90 - Found 9 items
2025-10-12 02:50:48,666 [INFO] DbBoardsPdsc:90 - Found 33 items
2025-10-12 02:50:48,666 [INFO] DbBoardsPdsc:90 - Found 1 items
2025-10-12 02:50:48,671 [INFO] DbBoardsPdsc:90 - Found 48 items
2025-10-12 02:50:48,675 [INFO] DbBoardsPdsc:90 - Found 43 items
2025-10-12 02:50:48,676 [INFO] DbBoardsPdsc:90 - Found 2 items
2025-10-12 02:50:48,677 [INFO] DbBoardsPdsc:90 - Found 5 items
2025-10-12 02:50:48,678 [WARN] DbBoardsPdsc:254 - Board STM32H7B3I-DK: unknown feature type=Audio, name=, username=Audio stereo codec with Headphone Amp (CS42L51-CNZ), n=1
2025-10-12 02:50:48,679 [WARN] DbBoardsPdsc:254 - Board STM32H735G-DK: unknown feature type=Audio, name=, username=Audio stereo codec with Headphone Amp (WM8994ECS/R), n=1
2025-10-12 02:50:48,679 [WARN] DbBoardsPdsc:254 - Board STM32H7B3I-EVAL: unknown feature type=Audio, name=, username=Multi-Channel Audio Codec (CS42L51-CNZ), n=1
2025-10-12 02:50:48,679 [WARN] DbBoardsPdsc:254 - Board STM32H7B3I-EVAL: unknown feature type=Meter, name=, username=Power-metering and Temperature-monitoring with sigma-delta modulators, n=1
2025-10-12 02:50:48,680 [WARN] DbBoardsPdsc:254 - Board STM32H7B3I-EVAL: unknown feature type=Motor, name=, username=Motor Control, n=1
2025-10-12 02:50:48,680 [WARN] DbBoardsPdsc:254 - Board STM32U575I-EV: unknown feature type=joystick, name=, username=4-direction joystick with selection button, n=1
2025-10-12 02:50:48,693 [INFO] DbBoardsJson:86 - JSON generation date=Tue Nov 16 23:17:54 ICT 2021 (1637079474)
2025-10-12 02:50:48,700 [INFO] DbBoards:117 - Found 167 boards (163 are supported by CubeMX)
2025-10-12 02:50:48,700 [WARN] DbBoards:127 - board B-L475E-IOT01A2 has no document id list !
2025-10-12 02:50:48,701 [WARN] DbBoards:127 - board NUCLEO-H743ZI has no document id list !
2025-10-12 02:50:48,701 [WARN] DbBoards:127 - board NUCLEO-WL55JC2 has no document id list !
2025-10-12 02:50:48,701 [WARN] DbBoards:127 - board P-NUCLEO-WB55-Nucleo has no document id list !
2025-10-12 02:50:48,701 [WARN] DbBoards:127 - board P-NUCLEO-WB55-USBDongle has no document id list !
2025-10-12 02:50:48,701 [WARN] DbBoards:127 - board STEVAL-BFA001V1B has no document id list !
2025-10-12 02:50:48,702 [WARN] DbBoards:127 - board STEVAL-BFA001V2B has no document id list !
2025-10-12 02:50:48,702 [WARN] DbBoards:127 - board STEVAL-IDP005V1 has no document id list !
2025-10-12 02:50:48,702 [WARN] DbBoards:127 - board STEVAL-IDP005V2 has no document id list !
2025-10-12 02:50:48,702 [WARN] DbBoards:127 - board STEVAL-MKSBOX1V1 has no document id list !
2025-10-12 02:50:48,702 [WARN] DbBoards:127 - board STEVAL-STWINKT1 has no document id list !
2025-10-12 02:50:48,702 [WARN] DbBoards:127 - board STEVAL-STWINKT1B has no document id list !
2025-10-12 02:50:48,702 [WARN] DbBoards:127 - board STM32439I-EVAL2 has no document id list !
2025-10-12 02:50:48,702 [WARN] DbBoards:127 - board STM32F401C-DISCO has no document id list !
2025-10-12 02:50:48,702 [WARN] DbBoards:127 - board STM32F769I-DISC1 has no document id list !
2025-10-12 02:50:48,702 [WARN] DbBoards:127 - board STM32G474E-EVAL1 has no document id list !
2025-10-12 02:50:48,703 [WARN] DbBoards:127 - board STM32H743I-EVAL2 has no document id list !
2025-10-12 02:50:48,703 [WARN] DbBoards:127 - board STM32H747I-DISC1 has no document id list !
2025-10-12 02:50:48,703 [WARN] DbBoards:127 - board STM32H753I-EVAL2 has no document id list !
2025-10-12 02:50:48,703 [WARN] DbBoards:127 - board STM32L-DISCOVERY has no document id list !
2025-10-12 02:50:48,756 [ERROR] DbBoards:189 - Image file not found for board B-U585I-IOT02A: C:\ST\STM32CubeIDE_1.7.0\STM32CubeIDE\plugins\com.st.stm32cube.common.mx_6.3.0.202107141111\\db\/plugins/mcufinder/images/boards/B-U585I-IOT02A_small.jpg
2025-10-12 02:50:48,822 [ERROR] DbBoards:189 - Image file not found for board NUCLEO-F413ZH: C:\ST\STM32CubeIDE_1.7.0\STM32CubeIDE\plugins\com.st.stm32cube.common.mx_6.3.0.202107141111\\db\/plugins/mcufinder/images/boards/nucleo-f413zh_small.jpg
2025-10-12 02:50:48,981 [ERROR] DbBoards:189 - Image file not found for board NUCLEO-L552ZE-Q: C:\ST\STM32CubeIDE_1.7.0\STM32CubeIDE\plugins\com.st.stm32cube.common.mx_6.3.0.202107141111\\db\/plugins/mcufinder/images/boards/nucleo_l552ze_q_small.jpg
2025-10-12 02:50:48,982 [ERROR] DbBoards:189 - Image file not found for board NUCLEO-U575ZI-Q: C:\ST\STM32CubeIDE_1.7.0\STM32CubeIDE\plugins\com.st.stm32cube.common.mx_6.3.0.202107141111\\db\/plugins/mcufinder/images/boards/nucleo-u575zi-q_small.jpg
2025-10-12 02:50:48,982 [ERROR] DbBoards:189 - Image file not found for board NUCLEO-WB15CC: C:\ST\STM32CubeIDE_1.7.0\STM32CubeIDE\plugins\com.st.stm32cube.common.mx_6.3.0.202107141111\\db\/plugins/mcufinder/images/boards/nucleo-wb15cc_small.jpg
2025-10-12 02:50:48,982 [ERROR] DbBoards:189 - Image file not found for board NUCLEO-WB55RG: C:\ST\STM32CubeIDE_1.7.0\STM32CubeIDE\plugins\com.st.stm32cube.common.mx_6.3.0.202107141111\\db\/plugins/mcufinder/images/boards/nucleo-wb55rg_small.jpg
2025-10-12 02:50:49,598 [INFO] ApiDb:251 - Load user favorites file C:\Users\ANH DUY/.stm32cubeide/favorites.boards.txt: 0 item(s)
2025-10-12 02:50:49,598 [INFO] ApiDb:255 - User favorites Boards=[]
2025-10-12 02:50:49,598 [INFO] DbBoards:206 - Set 0 / 0 favorites Boards
2025-10-12 02:50:49,745 [INFO] ServerAccessManage:362 - Download File 
2025-10-12 02:50:49,793 [INFO] LoadUrlFilesThread:172 - End of LoadServerUrlFiles without Thread
2025-10-12 02:50:49,793 [INFO] TargetSelectorAdapter:224 - Refresh data is successful
2025-10-12 02:50:50,237 [INFO] ApiDb:479 - Connected to CubeFinder SQLite database (C:\Users\ANH DUY\.stmcufinder\plugins\mcufinder\mcu\cube-finder-db.db)
2025-10-12 02:50:50,947 [ERROR] DbExamplesSqlite:446 - Missing JSON key: board_cpn
2025-10-12 02:50:50,948 [ERROR] DbExamplesSqlite:446 - Missing JSON key: board_cpn
2025-10-12 02:50:50,948 [ERROR] DbExamplesSqlite:446 - Missing JSON key: board_cpn
2025-10-12 02:50:50,948 [ERROR] DbExamplesSqlite:446 - Missing JSON key: board_cpn
2025-10-12 02:50:51,158 [ERROR] DbExamplesSqlite:446 - Missing JSON key: board_cpn
2025-10-12 02:50:51,159 [ERROR] DbExamplesSqlite:446 - Missing JSON key: board_cpn
2025-10-12 02:50:51,161 [INFO] DbExamplesSqlite:411 - Ignored 33 examples not supported by CubeIDE
2025-10-12 02:50:51,161 [INFO] DbExamplesSqlite:412 - Found 10871 examples active
2025-10-12 02:50:51,161 [INFO] DbExamplesSqlite:413 - Found 0 examples obsolete
2025-10-12 02:50:51,161 [INFO] DbExamplesSqlite:414 - Found 0 examples under development
2025-10-12 02:50:51,161 [INFO] DbExamplesSqlite:415 - Found 65 examples not building
2025-10-12 02:50:51,209 [INFO] DbExamplesSqlite:108 - CubeFinder database Data Model version=2.1
2025-10-12 02:50:51,209 [INFO] DbExamplesSqlite:109 - CubeFinder database Configuration version=3.0.39
2025-10-12 02:50:51,209 [INFO] DbExamplesSqlite:110 - CubeFinder database generation date=2025-08-25 (1756130511)
2025-10-12 02:50:51,209 [INFO] DbExamplesSqlite:111 - CubeFinder database FW Pack versions=[FP-ATR-ASTRA1_V2.0.0, FP-SNS-FLIGHT1_V5.1.0, FP-SNS-MOTENV1_V5.0.0, FP-SNS-MOTENVWB1_V1.4.0, FP-SNS-SMARTAG2_V1.2.0, FP-SNS-STBOX1_V2.1.0, STM32Cube_FW_C0_V1.4.0, STM32Cube_FW_F4_V1.28.3, STM32Cube_FW_F7_V1.17.4, STM32Cube_FW_G0_V1.6.2, STM32Cube_FW_G4_V1.6.1, STM32Cube_FW_H5_V1.5.0, STM32Cube_FW_H7RS_V1.2.0, STM32Cube_FW_H7_V1.12.1, STM32Cube_FW_L0_V1.12.2, STM32Cube_FW_L4_V1.18.1, STM32Cube_FW_L5_V1.5.1, STM32Cube_FW_N6_V1.2.0, STM32Cube_FW_U0_V1.3.0, STM32Cube_FW_U3_V1.2.0, STM32Cube_FW_U5_V1.8.0, STM32Cube_FW_WB0_V1.3.0, STM32Cube_FW_WBA_V1.7.0, STM32Cube_FW_WB_V1.23.0, STM32Cube_FW_WL3_V1.2.0, STM32Cube_FW_WL_V1.3.1, X-CUBE-ALGOBUILD_V1.4.0, X-CUBE-ALS_V1.0.2, X-CUBE-AZRTOS-F4_V1.1.0, X-CUBE-AZRTOS-F7_V1.1.0, X-CUBE-AZRTOS-G0_V1.1.0, X-CUBE-AZRTOS-G4_V2.0.0, X-CUBE-AZRTOS-H7RS_V1.1.0, X-CUBE-AZRTOS-H7_V3.4.0, X-CUBE-AZRTOS-L4_V2.0.0, X-CUBE-AZRTOS-L5_V2.0.0, X-CUBE-AZRTOS-WB_V2.0.0, X-CUBE-AZRTOS-WL_V2.0.0, X-CUBE-BLE1_V7.1.0, X-CUBE-BLE2_V3.3.0, X-CUBE-BLEMGR_V4.1.0, X-CUBE-EEPRMA1_V5.2.0, X-CUBE-FREERTOS_V1.3.1, X-CUBE-GNSS1_V6.0.0, X-CUBE-MEMS1_V11.3.0, X-CUBE-NFC4_V3.0.0, X-CUBE-NFC7_V2.0.0, X-CUBE-SFXS2LP1_V4.0.0, X-CUBE-ST67W61_V1.0.0, X-CUBE-SUBG2_V5.0.0, X-CUBE-TOF1_V3.4.3]
2025-10-12 02:50:51,210 [INFO] DbExamples:130 - Found 10903 examples
2025-10-12 02:50:51,949 [ERROR] DbExamples:206 - Found 10903 examples with invalid data (board or MCU)
2025-10-12 02:50:51,949 [INFO] DbExamples:222 - Found 97 boards with related examples
2025-10-12 02:50:51,949 [INFO] DbExamples:235 - Found 0 MCUs with related examples
2025-10-12 02:50:51,973 [INFO] ApiDb:242 - User favorites file not found: C:\Users\ANH DUY/.stm32cubeide/favorites.examples.txt
2025-10-12 02:50:51,973 [INFO] DbExamples:256 - Set 0 / 0 favorites Examples
2025-10-12 02:50:52,085 [INFO] McuFinderGlobals:52 - Set McuFinderConnectedMode to false
2025-10-12 02:50:52,168 [INFO] CrossSelectorPresenter:1330 - Cross Selector saved comparison directory: C:\Users\ANH DUY\.stmcufinder\plugins\mcufinder\mcu\cs_comparisons_mx
2025-10-12 02:50:52,173 [INFO] MultiScanPanel:197 - Auto-refresh data requested => check proxy status ongoing
2025-10-12 02:50:52,174 [INFO] MultiScanPanel:201 - Proxy status is invalid
2025-10-12 02:50:52,176 [INFO] FinderPluginLoader:87 - Searching for filters in installed packs
2025-10-12 02:50:52,596 [INFO] DetailPanel:309 - Set advertising image to C:/Users/ANH DUY/STM32Cube/Repository/\en.mcu-finder-stm32n6dk.jpg
